#CODE;ENGLISH;FRENCH;GERMAN;;SPANISH;;;;;;;;;x
obj_find_lover_title;Влюбиться.;;;;;;;;;;;;;x
obj_find_lover_desc;[This.GetTitledFirstName] желает страсти и романтики.;;;;;;;;;;;;;x
obj_befriend_liege_title;Стать другом вашего сюзерена.;;;;;;;;;x;;;;x
obj_befriend_liege_desc;[This.GetTitledFirstName] хочет подружиться с сюзереном.;;;;;;;;;x;;;;x
obj_happy_marriage_title;Достичь семейного счастья.;;;;;;;;;;;;;x
obj_happy_marriage_desc;[This.GetTitledFirstName] желает сделать свой брак счастливым.;;;;;;;;;;;;;x
obj_five_children_title;Иметь много детей.;;;;;;;;;;;;;x
obj_five_children_desc;[This.GetTitledFirstName] желает иметь не меньше пяти детей.;;;;;;;;;;;;;x
obj_become_a_knight_title;Стать рыцарем.;;;;;;;;;;;;;x
obj_become_a_knight_desc;[This.GetTitledFirstName] желает стать рыцарем.;;;;;;;;;;;;;x
obj_improve_combat_ability_title;Улучшить навыки боя;;;;;;;;;;;;;x
obj_improve_combat_ability_desc;[This.GetTitledFirstName] хочет  лучше сражаться;;;;;;;;;;;;;x
obj_win_the_war_title;Выиграть войну.;;;;;;;;;;;;;x
obj_win_the_war_desc;[This.GetTitledFirstName] желает победить в войне.;;;;;;;;;;;;;x
obj_break_out_of_prison_title;Вырваться из темницы.;;;;;;;;;;;;;x
obj_break_out_of_prison_desc;[This.GetTitledFirstName] желает вырваться из темницы.;;;;;;;;;;;;;x
obj_become_king_title;Занять высочайший трон.;;;;;;;;;;;;;x
obj_become_king_desc;[This.GetTitledFirstName] желает повысить свой ранг, получив более высокий титул;;;;;;;;;;;;;x
obj_become_lord_paramount_title;Стать Верховным лордом.;;;;;;;;;;;;;x
obj_become_lord_paramount_desc;[This.GetTitledFirstName] желает стать верховным лордом.;;;;;;;;;;;;;x
obj_become_a_duke_title;Стать знаменосцем.;;;;;;;;;;;;;x
obj_become_a_duke_desc;[This.GetTitledFirstName] желает стать знаменосцем.;;;;;;;;;;;;;x
obj_increase_demesne_1_title;Увеличить размер владений.;;;;;;;;;;;;;x
obj_increase_demesne_1_desc;[This.GetTitledFirstName] не устраивает размер [This.GetHerHis] владений.;;;;;;;;;;;;;x
obj_increase_demesne_2_title;Увеличить размер владений.;;;;;;;;;;;;;x
obj_increase_demesne_2_desc;[This.GetTitledFirstName] не устраивает размер [This.GetHerHis] владений.;;;;;;;;;;;;;x
obj_increase_demesne_3_title;Увеличить размер владений.;;;;;;;;;;;;;x
obj_increase_demesne_3_desc;[This.GetTitledFirstName] не устраивает размер [This.GetHerHis] владений.;;;;;;;;;;;;;x
obj_increase_demesne_4_title;Увеличить размер владений.;;;;;;;;;;;;;x
obj_increase_demesne_4_desc;[This.GetTitledFirstName] не устраивает размер [This.GetHerHis] владений.;;;;;;;;;;;;;x
obj_increase_demesne_5_title;Увеличить размер владений.;;;;;;;;;;;;;x
obj_increase_demesne_5_desc;[This.GetTitledFirstName] не устраивает размер [This.GetHerHis] владений.;;;;;;;;;;;;;x
obj_become_a_famous_tourney_knight_title;Стать известным турнирным рыцарем.;;;;;;;;;;;;;x
obj_become_a_famous_tourney_knight_desc;[This.GetTitledFirstName] желает стать известным турнирным рыцарем.;;;;;;;;;;;;;x
won_the_war;Победа в войне!;;;;;;;;;;;;;x
won_the_war_desc;Этот персонаж недавно победил в войне.;;;;;;;;;;;;;x
obj_become_castellan_title;Стать десницей;;;;;;;;;;;;;x
obj_become_castellan_desc;[This.GetTitledFirstName] желает стать десницей короля.;;;;;;;;;;;;;x
obj_become_councillor_title;Стать советником;;;;;;;;;;;;;x
obj_become_councillor_desc;[This.GetTitledFirstName] желает стать советни[This.GetTseyKom].;;;;;;;;;;;;;x
obj_obtain_valyrian_sword_title;Получить валирийский меч;;;;;;;;;;;;;x
obj_obtain_valyrian_sword_desc;[This.GetTitledFirstName] хочет владеть древним валирийским мечом.;;;;;;;;;;;;;x
SUCCESSobj_obtain_valyrian_sword;[This.GetTitledFirstName] владеет клинком из валирийской стали;;;;;;;;;;;;;x
obj_obtain_dragon_egg_title;Получить драконье яйцо;;;;;;;;;;;;;x
obj_obtain_dragon_egg_desc;[This.GetTitledFirstName] хочет владеть древним яйцом дракона.;;;;;;;;;;;;;x
obj_tame_a_dragon_title;Приручить дракона;;;;;;;;;;;;;x
obj_tame_a_dragon_desc;[This.GetTitledFirstName] хочет приручит дракона, подобно драконьим наездникам Древней Валирии.;;;;;;;;;;;;;x
obj_expand_realm_title;Расширить владения путем завоеваний;;;;;;;;;;;;;x
obj_expand_realm_desc;[This.GetTitledFirstName] желает расширить [This.PrimaryTitle.GetName] путем завоеваний. Если уровень престижа достаточный, [This.GetSheHe] может созвать совет вассалов, чтобы заручиться их поддержкой.;;;;;;;;;;;;;x
obj_expand_realm_SUCCESS;[Root.GetTitledFirstName] успешно убеждает своих вассалов поддержать вторжение в чужие земли, чтобы впоследствии победить в войне.;;;;;;;;;;;;;x
call_a_grand_council;Созвать Великий совет;;;;;;;;;;;;;x
call_a_grand_council_desc;[This.GetTitledFirstName] желает расширить [This.PrimaryTitle.GetName] путем завоевания и может созвать Великий совет для достижения этой цели.;;;;;;;;;;;;;x
call_a_grand_councilFACTION;Либо [This.GetTitledFirstName] является §YЛордом§!, либо фракция лояльных вассалов достигла силы §Y100%§!\n;;;;;;;;;;;;;x
call_a_grand_councilFACTIONB;[Root.GetTitledFirstName] поддерживает хорошие отношения с вассалами\n;;;;;;;;;;;;;x
TOOLTIPambition.10;Все вассалы в регионе [Root.PrimaryTitle.GetName] должны быть вызваны на Великий совет в город [Root.Capital.GetName], чтобы обсудить запланированное вами вторжение.;;;;;;;;;;;;;x
EVTTITLEambition.10;Великий совет в столице [Root.Capital.GetName];;;;;;;;;;;;;x
EVTDESCambition.10;Вы повелели созвать Великий совет, который обсудит запланированное вами вторжение. Все важные дворяне региона [Root.PrimaryTitle.GetName] были призваны в столицу [Root.Capital.GetName]. Когда они прибудут, должен состояться великий пир, прежде, чем мы сможем перейти к более важным делам.;;;;;;;;;;;;;x
EVTOPTAambition.10;Это будет грандиозным событием;;;;;;;;;;;;;x
EVTTITLEambition.11;Великий совет в городе [From.Capital.GetName];;;;;;;;;;;;;x
EVTDESCambition.11;[Root.GetTitledFirstName], ваш законный повелитель, [From.GetTitledFirstName], призывает вас в столицу [From.Capital.GetName], где состоится Великий совет знати региона [From.PrimaryTitle.GetName]. Там будут обсуждены важные вопросы, касающиеся будущего страны.\n\nПодпись\n[From.GetTitledFirstName] из Дома [From.GetOnlyDynastyName];;;;;;;;;;;;;x
EVTOPTAambition.11;Интересно, о чём пойдёт речь.;;;;;;;;;;;;;x
EVTOPTBambition.11;Мой регент должен пойти вместо меня;;;;;;;;;;;;;x
TOOLTIPambition.12;[This.GetTitledFirstName] будет выступать и говорить от вашего имени\n;;;;;;;;;;;;;x
EVTTITLEambition.12;Великий Совет в городе [FromFrom.Capital.GetName];;;;;;;;;;;;;x
EVTDESCambition.12;[FromFrom.GetTitledFirstName] созвал[FromFrom.GetEndA] Великий cовет и вызвал[FromFrom.GetEndA] всех знатных землевладельцев в город [FromFrom.Capital.GetName]. Как регент правителя [From.GetTitledFirstName], мне нужно присутствовать, так что [From.GetSheHe] и [From.PrimaryTitle.GetName] будут услышаны.;;;;;;;;;;;;;x
EVTOPTAambition.12;Интересно, о чем пойдет речь;;;;;;;;;;;;;x
EVTDESCambition.13;Все приготовления к Совету закончены и дворяне начали прибывать в город [Root.Capital.GetName]. Согласно праву гостя, каждый из них получил хлеб и кров, и теперь праздник может начаться.;;;;;;;;;;;;;x
EVTOPTAambition.13;Пир, несомненно, расположит их ко мне;;;;;;;;;;;;;x
EVTOPTBambition.13;Война означает, что этот совет должен быть отложен;;;;;;;;;;;;;x
EVTTOOLTIPambition.14;[This.GetTitledFirstNameWithDynastyAndTitle];;;;;;;;;;;;;x
TOOLTIPambition.13RULER; [This.PrimaryTitle.GetName] ;;;;;;;;;;;;;x
TOOLTIPambition.13ARRIVED;Следующие дворяне прибыли:;;;;;;;;;;;;;x
TOOLTIPambition.13REGENT;, здесь, чтобы говорить от имени правителя [This.Liege.GetTitledFirstName] [This.Liege.GetOnlyDynastyName];;;;;;;;;;;;;x
TOOLTIPambition.13ENDLINE;\n;;;;;;;;;;;;;x
EVTDESCambition.14;Наше путешествие в город [From.Capital.GetName] завершено, мы прибыли на Великий совет. [From.GetTitledFirstName] оказывает нам гостеприимство, и как только прибудут все вассалы, пир начнётся.;;;;;;;;;;;;;x
EVTOPTAambition.14;Как интересно;;;;;;;;;;;;;x
EVTDESCambition.913;Пир завершился, и теперь Совет может начаться. Все приглашённые собрались в большом зале. Ваше предложение о начале вторжения застает многих врасплох.;;;;;;;;;;;;;x
EVTOPTAambition.913;Теперь можно приступать к обсуждению;;;;;;;;;;;;;x
TOOLTIPambition.914;может ответить;;;;;;;;;;;;;x
EVTDESCambition.914;Пир закончился, и теперь Совет может начаться всерьёз. Каждый из собравшихся в зале является важным приближённым для Вас. [Root.job_chancellor.GetTitledFirstName] зачитывает указ, который предлагает подготовить вторжение, санкционированное законом, вторжение без всяких причин.;;;;;;;;;;;;;x
EVTOPTAambition.914;Я должен подождать и выслушать аргументы;;;;;;;;;;;;;x
EVTOPTBambition.914;Отличная инициатива, я буду выступать в ее поддержку;;;;;;;;;;;;;x
TOOLTIPambition.914FAVOUR;Вы представляете аргумент в пользу запланированного вторжения;;;;;;;;;;;;;x
EVTOPTCambition.914;[From.GetSheHeCap] слишком много о себе возомнил[From.GetEndA]. Я против;;;;;;;;;;;;;x
TOOLTIPambition.914AGAINST;Вы представляете аргумент против запланированного вторжения;;;;;;;;;;;;;x
EVTOPTEambition.914;Вторжение?! [Root.Religion.GetRandomGodName] помоги мне!;;;;;;;;;;;;;x
TOOLTIPambition.914LUNATIC;Вы бессвязно рвете и мечете;;;;;;;;;;;;;x
EVTOPTFambition.914;Да, это прекрасная возможность разбогатеть, награбить и получить земли;;;;;;;;;;;;;x
TOOLTIPambition.914GREEDY;Вы представляете аргумент в пользу запланированного вторжения, указывая на богатство, которое можно раздобыть;;;;;;;;;;;;;x
EVTOPTDambition.914;Это противоречит всем известным законам и обычаям;;;;;;;;;;;;;x
TOOLTIPambition.914JUST;Вы представляете аргумент против запланированного вторжения, указывая на сомнительную законность этого предложения;;;;;;;;;;;;;x
EVTOPTFambition.914;Мне нравится, это будет отличное развлечение!;;;;;;;;;;;;;x
TOOLTIPambition.914LUSTFUL;Вы представляете аргумент в пользу запланированного вторжения, указывая на веселье и женщин, которых мы там найдём;;;;;;;;;;;;;x
EVTDESCambition.15;Так прошло много часов жарких дебатов между вашими поданными. Но теперь вы поднимите руку, заставив их всех замолчать. Настало время завершить совет и вынести окончательное решение.;;;;;;;;;;;;;x
EVTOPTAambition.15;Я лучше соглашусь...;;;;;;;;;;;;;x
EVTDESCambition.17;Вы произносите убедительную и вдохновляющую речь. Ваши подданные пленены вашими обещаниями богатства и славы, если они последуют за вами. Многие восхищены вашей речью и бурно аплодируют вам, громко выкрикивая ваше имя.;;;;;;;;;;;;;x
EVTOPTAambition.17;Они безусловно пойдут за мной.;;;;;;;;;;;;;x
EVTDESCambition.18;Ваша речь была спокойной и размеренной, вы привели множество убедительных аргументов в пользу запланированного вторжения. Обещания славы и новых земель привлекли некоторых, и большинство из них, кажется, согласились. Некоторые, правда, все еще настроены скептично.;;;;;;;;;;;;;x
EVTOPTAambition.18;Я уверен, большинство из них согласятся;;;;;;;;;;;;;x
EVTDESCambition.19;Вы сделали всё возможное, чтобы убедить их, но, к сожалению, большинство дворян нашли вашу речь тяжёлой и занудной. Те, кто не уснули, сочли ваши обещания славы и богатства пустыми. В конце лишь немногие апплодировали вам.;;;;;;;;;;;;;x
EVTOPTAambition.19;Я уверен, что они простят мне плохую речь;;;;;;;;;;;;;x
EVTDESCambition.20;После нескольких часов споров [From.GetTitledFirstName] призвал[From.GetEndA] к тишине и произн[From.GetEYo]с[From.GetNoneE] убедительную и вдохновляющую речь. Каждый пленился обещаниями богатства и славы, которые обещает нам [From.GetSheHe] в случае, если мы поддержим [From.GetHerHis]. Многие не жалеют апплодисментов, и в конце они громко и от души приветствуют [From.GetHerHis].;;;;;;;;;;;;;x
EVTOPTAambition.20;У меня нет слов;;;;;;;;;;;;;x
EVTDESCambition.21;После нескольких часов споров [From.GetTitledFirstName] призвал[From.GetEndA] к тишине, а затем произн[From.GetEYo]с[From.GetNoneE] спокойную и размеренную речь, почему это вторжение оправдано. Обещания славы и богатства привлекли некоторых, и большинство из них, кажется, согласились. Некоторые, правда, все еще настроены скептично.;;;;;;;;;;;;;x
EVTOPTAambition.21;Убедительность этого аргумента не вызывает сомнений;;;;;;;;;;;;;x
EVTDESCambition.22;После нескольких часов споров [From.GetTitledFirstName] призвал[From.GetEndA] к тишине, и произн[From.GetEYo]с[From.GetNoneE] тяжёлую и занудную речь, несмотря на то, что [From.GetSheHe] делал[From.GetEndA] всё возможное, чтобы убедить вас. Те, кто не уснули, нашли обещания славы и богатства пустыми. К концу лишь немногие аплодировали.;;;;;;;;;;;;;x
EVTOPTAambition.22;Невыносимая нудятина;;;;;;;;;;;;;x
EVTDESCambition.23;Теперь, когда каждый высказался, совет почти завершён. Услышав все аргументы, [From.GetTitledFirstName] оглашает новый указ. [From.GetSheHeCap] теперь свободно может начать вторжение туда, куда пожелает.;;;;;;;;;;;;;x
EVTOPTAambition.23;Да, слава нашему Господину и Дому [From.GetOnlyDynastyName]!;;;;;;;;;;;;;x
EVTOPTBambition.23;Я посмотрю как они все спланировали.;;;;;;;;;;;;;x
EVTOPTCambition.23;Выразить своё недовольство;;;;;;;;;;;;;x
EVTOPTDambition.23;Уйти;;;;;;;;;;;;;x
EVTDESCambition.24;[From.GetTitledFirstName] абсолютно не был[From.GetEndA] довол[From.GetSoftNaEn] итогами совета, и вдруг [From.GetSheHe] приш[From.GetLaYol] в ярость и выбежал[From.GetEndA] из зала, проклиная всех вокруг и вторжение.;;;;;;;;;;;;;x
EVTOPTAambition.24;Как грубо.;;;;;;;;;;;;;x
EVTDESCambition.26;Великий совет завершился, каждый благородный дворянин высказал свои соображения. За вами последнее слово и вы можете объявить о начале вторжения. Теперь мы знаем на кого можно положиться в осуществлении этого плана.;;;;;;;;;;;;;x
EVTOPTAambition.26;Они, кажется, поддерживают мою инициативу;;;;;;;;;;;;;x
TOOLTIPambition.26;§YТеперь вы можете один раз за свою жизни начать вторжение в любую другую страну\n§!Оно будет действительно в течение 5 лет\n\n;;;;;;;;;;;;;x
TOOLTIPambition.26A;[This.GetTitledFirstNameWithDynasty] поддерживает вторжение\n;;;;;;;;;;;;;x
EVTOPTbambition.26;Они, кажется, хотят отложить окончательное решение;;;;;;;;;;;;;x
TOOLTIPambition.26B;[This.GetTitledFirstNameWithDynasty] сохраняет нейтралитет\n;;;;;;;;;;;;;x
EVTOPTCambition.26;Они, оказывается, выступают против плана;;;;;;;;;;;;;x
TOOLTIPambition.26C;[This.GetTitledFirstNameWithDynasty] против вторжения\n;;;;;;;;;;;;;x
EVTDESCambition.27;Великий совет завершился, настало время покинуть город [From.Capital.GetName] и вернуться домой, где мы можем начать приготовления к войне.;;;;;;;;;;;;;x
EVTOPTAambition.27;Кровь падёт на [From.PrimaryTitle.GetName];;;;;;;;;;;;;x
opinion_left_grand_council;В гневе выбежал с Совета;;;;;;;;;;;;;x
opinion_invasion_good;Поддерживает вторжение;;;;;;;;;;;;;x
opinion_invasion_bad;Против вторжения;;;;;;;;;;;;;x
opinion_council_persuaded;Убеждает к поддержке;;;;;;;;;;;;;x
opinion_council_dissuaded;Убеждает выступить против;;;;;;;;;;;;;x
EVTDESCambition.40;Когда пришло ваше время высказаться, ваши аргументы в поддержку вторжения, которое предлагает [Root.TopLiege.GetTitledFirstName], были наиболее убедительными, ибо ваша речь вызвала крики поддержки и согласия. Вы хорошо подбирали слова, и многих в совете убедили поддержать вторжение.;;;;;;;;;;;;;x
EVTOPTAambition.40;Люди поддерживают мои взгляды;;;;;;;;;;;;;x
TOOLTIPgrand_councilPERSUADE;[This.GetTitledFirstNameWithDynasty] был[This.GetEndA] убежден[This.GetEndA] поддержать вторжение\n;;;;;;;;;;;;;x
EVTDESCambition.41;Когда пришло ваше время говорить, совет внимательно вас выслушал. Ваши аргументы в пользу вторжения, которое запланировал[Root.TopLiege.GetEndA] [Root.TopLiege.GetTitledFirstName], не совпадали с аргументами других, но некоторые с вами согласились. Тем не менее, разделение во мнении совета очевидно.;;;;;;;;;;;;;x
EVTOPTAambition.41;Некоторые из них приняли к сведению то, что я сказал[Root.GetEndA];;;;;;;;;;;;;x
EVTDESCambition.42;Как знатный человек, вы имеете право говорить, но было бы лучше, если бы вы молчали. Ваши бессвязные речи в поддержу вторжения, которое запланировал[Root.TopLiege.GetEndA] [Root.TopLiege.GetTitledFirstName], не вызвали апплодисментов, а некоторые из ваших аргументов открыто высмеяли. В итоге, вам никого не удалось привлечь на свою сторону.;;;;;;;;;;;;;x
EVTOPTAambition.42;Было бы лучше, если бы я сидел[Root.GetEndA] и молчал[Root.GetEndA];;;;;;;;;;;;;x
EVTDESCambition.43;Когда [From.GetTitledFirstName] начал[From.GetEndA] высказаться, [From.GetSheHe] прив[From.GetEYo]л[From.GetEndA] аргументы в поддержку вторжения, которое предлагает [From.TopLiege.GetTitledFirstName]. [From.GetHerHisCap] убедительная речь вызвала апплодисменты и крики одобрения. [From.GetSheHeCap] умело использовал[From.GetEndA] слова и убедил[From.GetEndA] многих в совете в своей правоте.;;;;;;;;;;;;;x
EVTDESCambition.44;Когда [From.GetTitledFirstName] начал[From.GetEndA] высказаться, то аргументы в поддержку вторжения, которое запланировал[From.TopLiege.GetEndA] [From.TopLiege.GetTitledFirstName], не совпадали со мнением многих, но некоторые с ними согласились. Очевидно, совет не имеет единого мнения.;;;;;;;;;;;;;x
EVTDESCambition.45;Как дворян[From.GetKaIn], [From.GetTitledFirstName] конечно имеет право говорить, но было бы лучше, если бы [From.GetSheHe] этого не делал[From.GetEndA]. Бессвязная речь в поддержку вторжения, которое запланировал[From.TopLiege.GetEndA] [From.TopLiege.GetTitledFirstName], не вызвала никакой поддержки. Некоторые из [From.GetHerHis] слов вызвали только смех. В итоге, никого не удалось привлечь на свою сторону.;;;;;;;;;;;;;x
EVTDESCambition.46;[Root.TopLiege.GetTitledFirstName] и Вы ранее часто различались в своих мнениях, и поэтому многие в Совете смотрят на вас, как на лидера оппозиции. Вы умно и дипломатично раскритиковали предложение войны, убеждая Совет в  глупости этого. В конце многие горячо выразили своё согласие.;;;;;;;;;;;;;x
EVTOPTAambition.46;[Root.TopLiege.GetTitledFirstName] долж[Root.TopLiege.GetNaEn] прислушаться ко мне;;;;;;;;;;;;;x
TOOLTIPgrand_councilDISSUADE;[This.GetTitledFirstNameWithDynasty] был[This.GetEndA] убежд[This.GetEYo]н[This.GetEndA] выступить против\n;;;;;;;;;;;;;x
EVTDESCambition.47;Предложение кажется вам тревожным, так что вы вынуждены были выступить против него в Совете. Вы спокойно изложили множество опасностей и высказали сомнительность в преимуществе такого вторжения. Многие в совете кивали в знак согласия, но крики несогласных с вами заполнили зал.;;;;;;;;;;;;;x
EVTOPTAambition.47;По крайней мере, споры стали оживлённее;;;;;;;;;;;;;x
EVTDESCambition.48;Кажется, вы недооценили настроения Cовета в целом. Когда вы решили выступить против предложения, то большинство встретили вас враждебно. Ваши неубедительные аргументы были встречены бурей смеха и негодования в равной степени. Вы быстро поняли, что никого не убедили, и сели в смущении на свое место.;;;;;;;;;;;;;x
EVTOPTAambition.48;Они пожалеют об этом унижении;;;;;;;;;;;;;x
EVTDESCambition.49;[From.GetTitledFirstName] ранее в спорах противостоял[From.GetEndA] Господину, поэтому на Cовете, кажется, считают [From.GetHerHis] лидером оппозиции, выступающей против вторжения, и когда [From.GetSheHe] начал[From.GetEndA] говорить, то [From.GetSheHe] был[From.GetEndA] встречен[From.GetEndA] одобрительными криками. [From.GetSheHeCap] умно и дипломатично раскритиковал[From.GetEndA] предложенное вторжение, убеждая совет в глупости этого. В конце многие горячо выразили свое согласие.;;;;;;;;;;;;;x
EVTDESCambition.50;[From.GetTitledFirstName] был[From.GetEndA] встревожен[From.GetEndA] предложением вторжения и выступил[From.GetEndA] против него. Он[From.GetEndA] спокойно изложил[From.GetEndA] аргументы, убеждающие окружающих в опасности и сомнительности преимуществ такого вторжения. Многие кивали в знак согласия, но крики несогласных также звучали в зале.;;;;;;;;;;;;;x
EVTDESCambition.51;Кажется, что [From.GetTitledFirstName] недооценил[From.GetEndA] настроение Совета в целом. Когда [From.GetSheHeC] решил[From.GetEndA] высказаться против инициативы, то большинство встретили [From.GetHerHis] враждебно. [From.GetHerHisCap] неубедительные аргументы были встречены бурей смеха и негодования в равной степени. [From.GetSheHeCap] быстро понял[From.GetEndA], что [From.GetSheHe] никого не убедит и сел[From.GetEndA] в смущении на своё место в зале.;;;;;;;;;;;;;x
EVTDESCambition.52;Как [Root.GetTitle] земли [Root.PrimaryTitle.GetName], вы, конечно, высказали свой взгляд на вторжение. Вы произнесли странный и неловкий монолог о вреде грамкинов и снарков, а также высказали предположение о возможности, что [Root.Religion.GetRandomGodName] и [Root.TopLiege.GetTitledFirstName] заключат союз. В конце концов один из придворных успокоил вас и вывел прочь с совета.;;;;;;;;;;;;;x
EVTOPTAambition.52;Но я только приближаюсь к самой лучшей части!;;;;;;;;;;;;;x
EVTDESCambition.53;[From.GetTitledFirstName] всегда был[From.GetEndA] извест[From.GetNaEn] своей невменяемостью, так что ни для кого не стал неожиданностью [From.GetHerHis] монолог. Все с неловкостью слушали как [From.GetSheHe] разглагольствовал[From.GetEndA] и бредил[From.GetEndA] о вреде грамкинов и снарков, а также высказал[From.GetEndA] предположение о возможности, что [Root.Religion.GetRandomGodName] и [Root.TopLiege.GetTitledFirstName] объединятся. В конце концов один из придворных успокоил [From.GetHerHis] и вывел прочь.;;;;;;;;;;;;;x
EVTOPTAambition.53;О,хвала всем Богам, что [From.GetSheHe] покинул[From.GetEndA] нас.;;;;;;;;;;;;;x
EVTDESCambition.54;Пришла ваша очередь высказаться на Совете, и вы, не теряя времени, указываете на прибыль, к которой приведёт [From.TopLiege.GetTitledFirstName]. Вы долго говорили о золоте и землях, которые смогут получить те, кто вожделеют о славе. Некоторые нашли ваши мысли неприличными, но большинство согласились с вами;;;;;;;;;;;;;x
EVTOPTAambition.54;Они знают, что это имеет смысл;;;;;;;;;;;;;x
EVTDESCambition.55;[From.GetTitledFirstName] начинает говорить на Совете, и [From.GetSheHe], не теряя времени, указывает на прибыль, которую принесёт [From.TopLiege.GetTitledFirstName]. [From.GetSheHeCap] долго говорил[From.GetEndA] о золоте и землях, которые смогут получить те, кто вожделеют о славе. Некоторые нашли [From.GetHerHis] мысли неприличными, но большинство были согласны.;;;;;;;;;;;;;x
EVTOPTAambition.55;[From.GetSheHeCap] никогда не упустит шанс разбогатеть;;;;;;;;;;;;;x
EVTDESCambition.56;В то время, как [Root.TopLiege.GetTitledFirstName] предложил[Root.TopLiege.GetEndA] вторжение, вы выразили несогласие с ним, ссылаясь на законы и обычаи. Вы говорите присутствующим, что ни один правитель, даже [Root.TopLiege.GetTitle], не может захватывать землю вопреки закону и без наличия на то каких-либо причин. Многие согласны с вами, но много и тех, кто призывает вас заткнуться.;;;;;;;;;;;;;x
EVTOPTAambition.56;[Root.Religion.GetRandomGodName] не одобрит этого;;;;;;;;;;;;;x
EVTDESCambition.57;[From.GetTitledFirstName] всегда соблюдал[From.GetEndA] законы и обычаи и поэтому неудивительно, что [From.GetSheHe] выступил[From.GetEndA] против вторжения, ссылаясь на них. [From.GetSheHeCap] говорит всем присутствующим, что ни один правитель и даже [From.TopLiege.GetTitle], не может захватывать землю вопреки законам и без наличия на то каких-либо прав. Значительная часть дворян согласна, но многие призывают [From.GetHerHis] заткнуться.;;;;;;;;;;;;;x
EVTDESCambition.58;Война на чужбине кажется вам развлечением, и вы не стесняетесь обмениваться мнениями со своими товарищами и советниками. [Root.TopLiege.GetTitledFirstName] в Ваших речах много и часто хвалится за предоставленную возможность каждому поучаствовать в кампании, где все будут сплочены единой целью. Вы также язвительно намекнули о женщинах, которые нам достанутся, и о бастардах, которые родятся после этого.;;;;;;;;;;;;;x
EVTOPTAambition.58;Не могу дождаться!;;;;;;;;;;;;;x
EVTDESCambition.59;[From.GetTitledFirstName], кажется, рад[From.GetEndA] кампании, но совсем не по почётным причинам. [Root.TopLiege.GetTitledFirstName] много и часто хвалится в речах за потенциальную возможность каждому поучавствовать в кампании, где общие цели сплотят их. [From.GetSheHeCap] также намекнул[From.GetEndA] о женщинах, которые нам достанутся, и о бастардах, которые родятся после этого.;;;;;;;;;;;;;x
EVTOPTAambition.59;Как развратно;;;;;;;;;;;;;x
EVTDESCambition.60;[Root.PrimaryTitle.GetFOA], мы получили вести из города [From.Capital.GetName] о том, что [From.GetTitledFirstNameWithDynasty] пров[From.GetEYo]л[From.GetEndA] Великий совет знати. И [From.GetSheHe], по-видимому, добил[From.GetLasLsya] поддержки и теперь может начать вторжение в другое государство, и вскоре, как ожидается, это произойдёт.;;;;;;;;;;;;;x
EVTOPTAambition.60;Им лучше не бросать взгяд на мои земли;;;;;;;;;;;;;x
invasion_ambition;Амбиция Завоевание;;;;;;;;;;;;;x
invasion_ambition_desc;§Y$CLAIMANT$§! добился поддержки своих вассалов начать вторжение и использовать этот повод для войны (Casus Belli), дабы заполучить §Y$TITLE$§! по праву завоевания.\n\Если владелец $TITLE$ не представляет ту же культуру или религию, что и $CLAIMANT$, то все оккупированные владения будут отняты в случае победы.;;;;;;;;;;;;;x
EVTDESCambition.700;[From.GetTitledFirstName], кажется, прилагает большие усилия, чтобы стать к вам ближе. Вы можете стать хорошими друзьями.;;;;;;;;;;;;;x
EVTOPTAambition.700;Теперь у нас близкая связь;;;;;;;;;;;;;x
EVTDESCambition.70;Пир в земле [Root.Liege.Location.GetName] длится уже продолжительное время, [Root.Liege.GetTitledFirstName], кажется, в хорошем настроении. Самое подходящее время подойти и начать разговор.;;;;;;;;;;;;;x
EVTOPTAambition.70;Я уверен, что мы поладим;;;;;;;;;;;;;x
EVTDESCambition.71;Пир длится уже продолжительное время, [From.GetTitledFirstNameWithDynasty] подходит к вам. [From.GetSheHeCap] при любой возможности старается льстить Вам.;;;;;;;;;;;;;x
EVTOPTAambition.71;Мне нравится этот разговор;;;;;;;;;;;;;x
EVTOPTBambition.72;Уоооооа! Как скучно…;;;;;;;;;;;;;x
TOOLTIPambition.71;[Root.Liege.GetTitledFirstName] совсем рядом, Вы подходите и пытаетесь начать разговор.;;;;;;;;;;;;;x
opinion_acquaintance;Стал хорошим знакомым;;;;;;;;;;;;;x
EVTDESCambition.72;[From.GetTitledFirstName] радушно приветствует вас. Вы провели много времени за увлекательными разговорами, пили вино и щедро смеялись. В конце пира [From.GetSheHe] благодарит Вас за компанию, и жаждет скорейшей новой встречи с вами, чтобы еще раз поболтать по душам.;;;;;;;;;;;;;x
EVTOPTAambition.72;Это может стать началом хорошей дружбы;;;;;;;;;;;;;x
EVTDESCambition.73;[From.GetTitledFirstName] раздраж[From.GetEYo]н[From.GetEndA] из-за вашего присутствия, и это несмотря на ваши усердные попытки льстить и вести разговор на разные темы. Вы пробовали рассказывать ваши лучшие истории и анекдоты, но [From.GetSheHe] в конечном счете наш[From.GetLaYol] предлог улизнуть от вас и разговориться с другим гостем.;;;;;;;;;;;;;x
EVTOPTAambition.73;Попробую понравиться в следующий раз;;;;;;;;;;;;;x
EVTDESCambition.74;Армия правителя региона [Root.Liege.GetTitledFirstName] в настоящее время отдыхает в земле [Root.Liege.Location.GetName], самое время собраться у костра. Вы и [Root.Liege.GetTitledFirstName] обменялись историями о многих битвах и войнах, и после долгого вечера вы чувствуете, что вы узнали [Root.Liege.GetHerHis] лучше.;;;;;;;;;;;;;x
EVTOPTAambition.74;Война быстро создает друзей;;;;;;;;;;;;;x
TOOLTIPambition.75;Вы и [Root.Liege.GetTitledFirstName] в состоянии войны;;;;;;;;;;;;;x
EVTDESCambition.75;Армия в настоящее время на отдыхе в земле [Root.Location.GetName], самое время собраться вокруг костра. [From.GetTitledFirstName], один из полководцев, желает обменяться историями о сражениях и войнах, и после долгого вечера вы чувствуете, что узнали [From.GetHerHis] лучше.;;;;;;;;;;;;;x
EVTDESCambition.77;[Root.Liege.Location.GetName] остаётся моей целью для дружбы, и раз я я нахожусь в регионе [Root.Liege.GetTitledFirstName], у меня возникла хорошая идея. Если мы посетим местную таверну, а может даже найдем там похотливую девку или двух, мы наверняка бы стали лучшими друзьями!;;;;;;;;;;;;;x
EVTOPTAambition.77;Да, предложу это прямо сейчас;;;;;;;;;;;;;x
TOOLTIPambition.78;[Root.Liege.GetTitledFirstName] приглашается присоединиться к вам и пойти в местную таверну.;;;;;;;;;;;;;x
EVTDESCambition.78;После дня плановых заседаний Совета, [From.GetTitledFirstName] подходит к Вам с необычным предложением. [From.GetSheHeCap] предлагает Вам присоединиться и посетить местную таверну, где найдется много выпивки, а, может быть, даже неплохие девки.;;;;;;;;;;;;;x
EVTOPTAambition.78;Это звучит весело, я с вами;;;;;;;;;;;;;x
EVTOPTBambition.78;Что за абсурд!;;;;;;;;;;;;;x
EVTDESCambition.79;[From.GetTitledFirstName] вдохнови[From.GetLasLsya] вашим предложением и согласился присоединиться к вам, и вы вместе пошли в местную таверну. Вы весело провели вечер с местными мелкими лордами, крестьянами и гулящими девками, и выпили изрядно эля и вина.;;;;;;;;;;;;;x
EVTOPTAambition.79;Идеальный способ завести дружбу;;;;;;;;;;;;;x
EVTDESCambition.80;[From.GetTitledFirstName], похоже, не в восторге от моей идеи сходить в таверну. [From.GetSheHeCap] говорит, что в этот вечер полно дел, и [From.GetSheHe] не может его тратить на выпивку и развлечения.;;;;;;;;;;;;;x
EVTOPTAambition.80;[From.PrimaryTitle.GetFOA], может быть в другой раз;;;;;;;;;;;;;x
EVTDESCambition.81;Если я хочу подружиться с персонажем [Root.Liege.GetTitledFirstName], мне придется постараться увлечь [Root.Liege.GetHerHis] каким-нибудь интересным разговором. Если я добьюсь аудиенции у н[Root.Liege.GetHerHis], принесу хорошего вина, то, возможно, смогу добиться благосклонности.;;;;;;;;;;;;;x
EVTOPTAambition.81;Это не может не сработать;;;;;;;;;;;;;x
TOOLTIPambition.82;[Root.Liege.GetTitledFirstName] узнает, что Вы добиваетесь аудиенции в [Root.Liege.GetHerHis] личных покоях.;;;;;;;;;;;;;x
EVTDESCambition.82;Пока я находи[Root.GetLasLsya] в своих личных покоях, ко мне подош[From.GetLaYol] [From.GetTitledFirstName] и добивается аудиенции. [From.GetSheHeCap] приносит изысканное вино и льстит, и, кажется, пытается вывести на беседу.;;;;;;;;;;;;;x
EVTOPTAambition.82;[From.GetTitle] [From.GetFirstName], присядьте пожалуйста, давайте поболтаем;;;;;;;;;;;;;x
EVTOPTBambition.82;Этот человек ужасно скучный;;;;;;;;;;;;;x
EVTDESCambition.83;[From.GetTitledFirstName], кажется, наслаждается вашим обществом. Во время распития вина, вы обсуждали дела королевства и рассказывали друг другу интересные истории. К концу встречи [From.GetSheHe] прощается с вами и желает увидеться вновь.;;;;;;;;;;;;;x
EVTOPTAambition.83;Скоро мы станем хорошими друзьями;;;;;;;;;;;;;x
EVTDESCambition.84;[From.GetTitledFirstName], кажется, беспокоится из-за вашего присутствия в [From.GetHerHis] личных покоях. [From.GetSheHeCap] занимает вас все более неловким разговором некоторое время, но в конце концов [From.GetSheHe] благодарит за вино и ссылается на неотложные дела.;;;;;;;;;;;;;x
EVTOPTAambition.84;Как могут не нравится мои остроты?;;;;;;;;;;;;;x
EVTDESC250701;Ваш сюзерен [Root.Liege.GetTitle] [Root.Liege.GetFirstName] сражается с другим вассалом, который требует независимости. Что мы предпримем?.;;;;;;;;;;;;;x
EVTOPTA250701;Это наш шанс!.;;;;;;;;;;;;;x
EVTOPTB250701;Подождать и посмотреть.;;;;;;;;;;;;;x
obj_become_independent_title;Стать независимым.;;;;;;;;;;;;;x
obj_become_independent_desc;[This.GetTitledFirstName] желает стать независимым от [This.GetHerHis] тиранического сюзерена.;;;;;;;;;;;;;x
obj_bloodline_iron_throne_title;Увидеть, что наш дом будет править землёй [Root.GetIronThroneRealmName];;;;;;;;;;;;;x
obj_bloodline_iron_throne_desc;Эти владения слишком малы для династии [This.GetOnlyDynastyName]. Династия должна расти и процветать - нет ничего достойнее, чем  [Root.GetIronThroneRealmName]. [This.GetTitledFirstName] хочется добиться, чтобы член [This.GetHerHis] дома занял трон.;;;;;;;;;;;;;x
TOOLTIPobj_bloodline_iron_throne_success;Член вашей династии - правитель, супруг или наследник титула [Root.GetIronThroneRealmName]\n;;;;;;;;;;;;;x
plot_buy_loyalty_title;Купить лояльность человека по имени [This.GetTitledFirstName];;;;;;;;;;;;;x
plot_buy_loyalty_desc;[This.GetTitledFirstNameWithDynasty] находится в Совете правителя [This.Liege.GetTitledFirstName] и [From.GetTitledFirstName] решил[From.GetEndA] попытаться купить лояльность. В случае успеха, в меню взаимодействия с персонажем появится возможность давать им задания.;;;;;;;;;;;;;x
TOOLTIPplot_buy_loyaltyBOUGHT;Лояльность ещё НЕ купили\n;;;;;;;;;;;;;x
opinion_loyalty_bought;Лояльность куплена;;;;;;;;;;;;;x
opinion_bribe_rejected;Взятка отклонена;;;;;;;;;;;;;x
opinion_loyal;Поддерживает;;;;;;;;;;;;;x
opinion_rejected_approach;Попытка отклонена;;;;;;;;;;;;;x
plot_buy_loyalty_decision;[Root.GetPlot];;;;;;;;;;;;;x
plot_buy_loyalty_decision_desc;Начать заговор 'купить лояльность [Root.PlotTarget.GetTitledName]'. В случае успеха, вы сможете давать задания в меню взаимодействия с этим персонажем.;;;;;;;;;;;;;x
EVTDESCplot_event.1;[Root.GetTitledFirstName], мы оба имеем схожие претензии [Root.Liege.GetTitledFirstName], и я предлагаю объединить наши силы. С уважением, [From.GetFirstName] [From.GetOnlyDynastyName];;;;;;;;;;;;;x
EVTOPTAplot_event.1;Дар золотом даст мне то, чего я хочу;;;;;;;;;;;;;x
EVTOPTBplot_event.1;Интересно, мне нужно время на размышление;;;;;;;;;;;;;x
EVTOPTCplot_event.1;Это не для меня;;;;;;;;;;;;;x
EVTOPTDplot_event.1;Это бесчестное взяточничество! Я сообщу своему сюзерену;;;;;;;;;;;;;x
EVTDESCplot_event.2;[Root.GetTitledFirstName], Ваше предложение очень интригует. Я полагаю, что небольшой 'подарок' позволит наладить очень плодотворные отношения. С уважением, [From.GetTitledFirstName];;;;;;;;;;;;;x
EVTOPTAplot_event.2;Дать то, чего [From.GetSheHe] хочет;;;;;;;;;;;;;x
EVTOPTBplot_event.2;[From.GetSheHeCap] просит слишком много;;;;;;;;;;;;;x
EVTDESCplot_event.3;[Root.GetTitledFirstName], вы и ваши люди предоставляете убедительные аргументы, но, увы, я не уверен[From.GetEndA]. Мне придется всё обдумать, прежде чем я смогу принять решение. С уважением, [From.GetTitledFirstName];;;;;;;;;;;;;x
EVTOPTAplot_event.3;Золото дожно убедить [From.GetHerHis];;;;;;;;;;;;;x
EVTOPTBplot_event.3;Попытаюсь убедить [From.GetHerHis];;;;;;;;;;;;;x
EVTOPTCplot_event.3;Забудь об этом;;;;;;;;;;;;;x
EVTTOOLTIPplot_event.7;Получит ваш подарок;;;;;;;;;;;;;x
EVTTOOLTIPplot_event.8;Уговоры продолжаются;;;;;;;;;;;;;x
EVTDESCplot_event.4;[Root.GetTitledFirstName], мы не виделись с вами лично, поэтому я не буду участвовать в заговоре против моего сюзерена. Будьте благодарны, что я не сообщу ему о вашей попытке предательства. С уважением, [From.GetTitledFirstName];;;;;;;;;;;;;x
EVTOPTAplot_event.4;Отлично, [From.GetHerHis] потеря;;;;;;;;;;;;;x
EVTDESCplot_event.5;Печальные новости, [From.GetTitledFirstName] отвергает ваши попытки задобрить [From.GetHerHis]. Что еще хуже, они сообщили сюзерену о вашем предательстве!;;;;;;;;;;;;;x
EVTOPTAplot_event.5;Вот мне и аукнулось...;;;;;;;;;;;;;x
EVTDESCplot_event.6;[Root.PrimaryTitle.GetFOA], я с сожалением сообщаю вам, что [FromFrom.GetTitledFirstName] пыта[FromFrom.GetLasLsya] подкупить меня, чтобы плести интриги против вас. Я надеюсь, вы не усомнитесь в моей честности, ведь я сообщил[From.GetEndA] вам это сразу, как только меня попытались подкупить. С уважением, [From.GetTitledFirstName];;;;;;;;;;;;;x
EVTOPTAplot_event.6;Какое предательство!;;;;;;;;;;;;;x
EVTDESCplot_event.7;[Root.GetTitledFirstName], хорошо, что у нас есть общая заинтересованность в этом вопросе, передаю вам подарок в знак моей доброй воли. С уважением, [From.GetTitledFirstName];;;;;;;;;;;;;x
EVTOPTAplot_event.7;Вы меня убедили;;;;;;;;;;;;;x
EVTOPTBplot_event.7;Это слишком рискованно;;;;;;;;;;;;;x
EVTDESCplot_event.8;[From.GetTitledFirstName] и его агенты продолжают убеждать меня. Они приводят убедительные агрументы для вступления в сговор, но хотят получить мою помощь в ближайшее время.;;;;;;;;;;;;;x
EVTDESCplot_event.9;[Root.GetTitledFirstName], я считаю, что работать вместе ради наших общих интересов - это правильно. Я вер[From.GetNaEn] вам и нашей цели. С уважением, [From.GetTitledFirstName];;;;;;;;;;;;;x
EVTOPTAplot_event.9;[From.GetSheHeCap] поступает мудро;;;;;;;;;;;;;x
EVTDESCplot_event.10;[Root.GetTitledFirstName], я решил[From.GetEndA], что заговор против персоны [From.Liege.GetTitledFirstName] не в моих интересах. Я не желаю, чтобы ваши агенты приходили ко мне снова. С уважением, [From.GetTitledFirstName];;;;;;;;;;;;;x
EVTOPTAplot_event.10;Теряет такую возможность;;;;;;;;;;;;;x
EVTDESCplot_event.11;[Root.GetTitledFirstName], вы совершаете мудрый поступок. Передаю вам подарок, который вы просили, и надеюсь наше сотрудничество будет плодотворным. С уважением, [From.GetTitledFirstName];;;;;;;;;;;;;x
EVTOPTAplot_event.11;Сколько золота!;;;;;;;;;;;;;x
EVTDESCplot_event.12;[Root.GetTitledFirstName], я решил[From.GetEndA], что заговор против персоны [Root.Liege.GetTitledFirstName] не в моих интересах. С уважением, [From.GetTitledFirstName];;;;;;;;;;;;;x
EVTOPTAplot_event.12;Это могло быть выгодно, как знаете;;;;;;;;;;;;;x
EVTTOOLTIPplot_event.1;будет уговариваться вашими агентами;;;;;;;;;;;;;x
EVTDESCplot_event.13;Отличные новости! Член Совета, подкупленный нами, сумел открыть ворота своего сюзерена для нас. Это сделало осаду гораздо менее трудной и кровавой.;;;;;;;;;;;;;x
EVTOPTAplot_event.13;[From.job_physician.GetTitledFirstName] сослужил[From.job_physician.GetEndA] нам хорошую службу;;;;;;;;;;;;;x
EVTOPTBplot_event.13;[From.job_castellan.GetTitledFirstName] сослужил[From.job_castellan.GetEndA] нам хорошую службу;;;;;;;;;;;;;x
EVTOPTCplot_event.13;[From.job_spymaster.GetTitledFirstName] сослужил[From.job_spymaster.GetEndA] нам хорошую службу;;;;;;;;;;;;;x
EVTOPTDplot_event.13;[From.job_marshal.GetTitledFirstName] сослужил[From.job_marshal.GetEndA] нам хорошую службу;;;;;;;;;;;;;x
EVTOPTEplot_event.13;[From.job_chancellor.GetTitledFirstName] сослужил[From.job_chancellor.GetEndA] нам хорошую службу;;;;;;;;;;;;;x
EVTOPTFplot_event.13;[From.job_treasurer.GetTitledFirstName] сослужил[From.job_treasurer.GetEndA] нам хорошую службу;;;;;;;;;;;;;x
opinion_betrayed_loyalty;Преданность;;;;;;;;;;;;;x
opinion_impressed_loyalty;Впечатление;;;;;;;;;;;;;x
opinion_mildly_impressed_loyalty;Впечатление;;;;;;;;;;;;;x
opinion_unimpressed_loyalty;Отсутствие впечатления;;;;;;;;;;;;;x
EVTDESCplot_event.14;AI event: решите попытаться улучшить лояльность или нет;;;;;;;;;;;;;x
assign_mission;Дать задание;;;;;;;;;;;;;x
assign_mission_desc;[Root.GetTitle] [Root.GetFirstNameWithDynasty] находится в Совете своего господина, и вы приобрели [Root.GetHerHis] лояльность. Теперь вы можете назначить миссию.;;;;;;;;;;;;;x
EVTDESCplot_event.15;[FromFrom.GetTitledFirstName] подкуплен[FromFrom.GetEndA], Вы можете назначить одну из этих миссий.;;;;;;;;;;;;;x
EVTOPTAplot_event.15;Пусть [FromFrom.GetSheHe] улучшит ваши отношения с сюзереном;;;;;;;;;;;;;x
EVTTOOLTIPplot_event.16;Попытается улучшить ваши отношения с персонажем [FromFrom.Liege.GetTitledFirstName];;;;;;;;;;;;;x
EVTDESCplot_event.16;В рамках нашей договоренности, [From.GetTitledFirstName] попросил[From.GetEndA] меня улучшить [From.GetHerHis] отношения сюзереном. Я могу попытаться  на следующем заседании совета...;;;;;;;;;;;;;x
EVTOPTAplot_event.16;Мне необходимо выполнить поручение;;;;;;;;;;;;;x
EVTOPTBplot_event.16;Это слишком рискованно;;;;;;;;;;;;;x
EVTTOOLTIPplot_event.17;Уговор есть уговор.;;;;;;;;;;;;;x
EVTTOOLTIPplot_event.18;больше не будет спонсировать вас и разозлится.;;;;;;;;;;;;;x
EVTDESCplot_event.17;На последнем заседании совета я превозносил[Root.GetEndA] достоинства человека, известного как [From.GetTitledFirstName]. Остальные советники казались впечатлёнными моими речами.;;;;;;;;;;;;;x
EVTOPTAplot_event.17;Отличная речь!;;;;;;;;;;;;;x
EVTOPTBplot_event.17;Думаю, [FromFrom.GetHeShe] хорошо справляется.;;;;;;;;;;;;;x
EVTOPTCplot_event.17;Какая нелепость...;;;;;;;;;;;;;x
EVTTOOLTIPplot_event.19;Последует радость;;;;;;;;;;;;;x
EVTTOOLTIPplot_event.23;Последует разочарование в Вас;;;;;;;;;;;;;x
EVTDESCplot_event.18;[Root.GetTitledFirstName], боюсь, наше соглашение стало рискованным и я больше не могу выполнять ваши поручения. Надеюсь, вы меня поймёте. С уважением, [From.GetTitledFirstName];;;;;;;;;;;;;x
EVTOPTAplot_event.18;Но у нас была договоренность!;;;;;;;;;;;;;x
EVTDESCplot_event.19;[FromFromFrom.GetTitledFirstName] горячо восхваляется в Вашей речи. [From.GetTitledFirstName], без сомнений, убеждается и даже не сомневается в словах;;;;;;;;;;;;;x
EVTOPTAplot_event.19;Дело сделано;;;;;;;;;;;;;x
EVTDESCplot_event.20;Отличные новости, [FromFrom.GetTitledFirstName], похоже, умело убеждает персону [From.GetTitledFirstName] в вашей преданности и доблести. [FromFrom.GetFirstName] сообщает, что сюзерен теперь лучшего мнения о Вас.;;;;;;;;;;;;;x
EVTOPTAplot_event.20;[FromFrom.GetHeShe] прекрасно справляется;;;;;;;;;;;;;x
EVTDESCplot_event.21;[From.GetTitledFirstName], кажется, в какой-то мере убеждается вашей речью о персонаже [FromFromFrom.GetTitledFirstName], [From.GetSheHe] несколько раз кивает в знак согласия.;;;;;;;;;;;;;x
EVTOPTAplot_event.21;Будем надеяться, что этого хватит;;;;;;;;;;;;;x
EVTDESCplot_event.22;[FromFrom.GetTitledFirstName], кажется, в какой-то мере убежд[FromFrom.GetNaEn] в вашей преданности. Видимо, [From.GetSheHe] соглас[FromFrom.GetNaEn] с моими словами и высоко ценит вас.;;;;;;;;;;;;;x
EVTOPTAplot_event.22;Это нечто.;;;;;;;;;;;;;x
EVTDESCplot_event.23;[From.GetTitledFirstName] не каза[From.GetLasLsya] убежденн[From.GetOyYm] в добродетели человека, известного как [FromFromFrom.GetTitledFirstName]. [From.GetHeSheCap] был[From.GetEndA] почти d hfplhf;tybb.;;;;;;;;;;;;;x
EVTOPTAplot_event.23;Попытка не пытка;;;;;;;;;;;;;x
EVTDESCplot_event.24;Печальные новости, [FromFrom.GetTitledFirstName] с треском провали[FromFrom.GetLasLsya]. [From.GetTitledFirstName] не был убеждён в вашей добродетели и преданности. Теперь он[From.GetEndA] еще худшего мнения о Вас.;;;;;;;;;;;;;x
EVTOPTAplot_event.24;Одни идиоты;;;;;;;;;;;;;x
EVTDESCplot_event.25;Странно, но [From.GetTitledFirstName] отказывается использовать мою расположенность к персоне [Root.Liege.GetTitledFirstName], чтобы улучшить их отношения.;;;;;;;;;;;;;x
EVTDESCplot_event.26;Только событие цитадели (plot_event.26, plot_events.txt) ;;;;;;;;;;;;;x
EVTDESCplot_event.27;Моя лояльность куплена внешними силами. [Root.Liege.GetTitledFirstName] не потерпит такого прямого предательства. Это очень рискованное положение.;;;;;;;;;;;;;x
EVTOPTAplot_event.27;Чуть больше золота заставит меня чувствовать себя в безопасности;;;;;;;;;;;;;x
EVTOPTBplot_event.27;Я не могу больше рисковать;;;;;;;;;;;;;x
EVTTOOLTIPplot_event.28;Отреагирует на ваше требование;;;;;;;;;;;;;x
EVTOPTCplot_event.27;Все равно рано или поздно они умрут;;;;;;;;;;;;;x
EVTDESCplot_event.28;[Root.GetTitledFirstName], мы работали вместе в наших общих интересах, ведь [From.Liege.GetTitledFirstName] был[From.Liege.GetEndA] целью заговор на протяжении многих дней. Но, увы, риск становится слишком большим, и, я думаю, золото заставило бы меня чувствовать себя спокойнее. С уважением, [From.GetTitledFirstName];;;;;;;;;;;;;x
EVTOPTBplot_event.28;Как можно быть так[From.GetOyIm] жадн[From.GetOyYm];;;;;;;;;;;;;x
EVTTOOLTIPplot_event.30;Будем продолжать договоренность;;;;;;;;;;;;;x
EVTTOOLTIPplot_event.31;Больше не будет выполнять договоренность;;;;;;;;;;;;;x
EVTDESCplot_event.29;[Root.GetTitledFirstName], мы работали вместе в наших общих интересах, ведь [From.Liege.GetTitledFirstName] был[From.Liege.GetEndA] целью заговор на протяжении многих дней. Но, увы, риск становится слишком большим, и, я думаю, золото заставило бы меня чувствовать себя спокойнее. С уважением, [From.GetTitledFirstName] ;;;;;;;;;;;;;x
EVTDESCplot_event.30;[Root.GetTitledFirstName], я посчитал[From.GetEndA] нашу договорённость очень ценной и дополнительная компенсация ей не повредит. С уважением, [From.GetTitledFirstName];;;;;;;;;;;;;x
EVTDESCplot_event.31;[Root.GetTitledFirstName], мне кажется, наши отношения не стоят той цены, которую вы называете. На этом мы завершаем сотрудничество. С уважением, [From.GetTitledFirstName];;;;;;;;;;;;;x
EVTOPTDplot_event.27;Эти опасения безосновательны;;;;;;;;;;;;;x
opinion_fabricate_claims_bribe;Подкуплен[From.GetEndA];;;;;;;;;;;;;x
EVTOPTBplot_event.15;Саботировать работу;;;;;;;;;;;;;x
EVTTOOLTIPplot_event.32a;Будет предложено саботировать отношения с персоной [FromFrom.Liege.GetTitledFirstName];;;;;;;;;;;;;x
EVTTOOLTIPplot_event.32b;Будет предложено провалить изготовление претензий для персонажа [FromFrom.Liege.GetTitledFirstName];;;;;;;;;;;;;x
EVTDESCplot_event.32;В рамках нашей договорённости [From.GetTitledFirstName] попросил[From.GetEndA] меня саботировать задачи, которые поручил[Root.Liege.GetEndA] мне [Root.Liege.GetTitledFirstName].;;;;;;;;;;;;;x
EVTTOOLTIP20110;Будет меньше думать о вашем сюзерене;;;;;;;;;;;;;x
EVTDESCplot_event.33;[Root.GetTitledFirstName], ваша просьба о саботаже работы для моего сюзерена справедлива, я постараюсь выполнить ее. С уважением, [From.GetTitledFirstName] ;;;;;;;;;;;;;x
EVTOPTAplot_event.33;Хитрая схема!;;;;;;;;;;;;;x
EVTTOOLTIPplot_event.32c;Будет поручено посеять информацию о том, что местные лорды проявляют инакомыслие;;;;;;;;;;;;;x
EVTTOOLTIPplot_event.32d;Будет поручено спровоцировать беспорядки в провинции;;;;;;;;;;;;;x
EVTTOOLTIP20215;Будет раздражать вашего сюзерена;;;;;;;;;;;;;x
EVTTOOLTIP20216;Услышит о беспорядках в земле [Root.Location.GetName];;;;;;;;;;;;;x
EVTTOOLTIPplot_event.32e;Будет поручено саботировать строительство в месте их работы;;;;;;;;;;;;;x
EVTTOOLTIP20242a;Будет проинформирован о саботаже в земле [Root.Location.GetName];;;;;;;;;;;;;x
EVTTOOLTIPplot_event.32f;Будет поручено прилагать меньше усилий в обнаружении заговоров против персоны [FromFrom.Liege.GetTitledFirstName];;;;;;;;;;;;;x
EVTTOOLTIPplot_event.32g;Будет поручено обвинить местных лордов в краже технологий;;;;;;;;;;;;;x
EVTTOOLTIP20330a;Будет проинформирован о шпионаже вашего сюзерена в земле [Root.Location.GetName];;;;;;;;;;;;;x
EVTTOOLTIPplot_event.32h;Будет поручено саботировать их шпионские сети;;;;;;;;;;;;;x
EVTTOOLTIPplot_event.32i;Будет поручено саботировать их военные исследования;;;;;;;;;;;;;x
EVTTOOLTIPplot_event.32j;Будет поручено саботировать пополнение рекрутов;;;;;;;;;;;;;x
EVTTOOLTIP20420a;Будет совершать саботаж сбора налогов;;;;;;;;;;;;;x
EVTTOOLTIPplot_event.32k;Будет поручено саботировать образование детей их сюзерена;;;;;;;;;;;;;x
EVTTOOLTIPplot_event.32l;Будет поручено саботировать боевой дух войска их сюзерена;;;;;;;;;;;;;x
EVTTOOLTIPplot_event.32m;Будет поручено саботировать подготовку к зиме;;;;;;;;;;;;;x
obj_hyrkooni_worthy_heir_title;Иметь достойного наследника.;;;;;;;;;;;;;x
obj_hyrkooni_worthy_heir_desc;Как принято среди людей культуры [This.Culture.GetName], ваш наследник должен быть достойным и обладать природными качествами лидера. [This.GetTitledFirstName] желает иметь достойного наследника.;;;;;;;;;;;;;x
EVTTITLEambition.62;Совет Триархов;;;;;;;;;;;;;x
EVTDESCambition.62;Тигры наконец-то вернули себе контроль над городом, и поэтому теперь планируют покорить все другие Валирийские колонии по всему миру. Все, что нужно - это единогласная поддержка Триархов мобилизовать войска земли [Root.PrimaryTitle.GetName].;;;;;;;;;;;;;x
EVTOPTAambition.62;Совет начинается...;;;;;;;;;;;;;x
TOOLTIPambition.63;Триарх [This.GetFirstName] решает, стоит ли поддержать вас.;;;;;;;;;;;;;x
EVTDESCambition.63;Триарх [From.GetFirstName] созвал[From.GetEndA] специальный Совет триумвирата и выдвинул[From.GetEndA] предложение. [From.GetSheHeCap] хочет подтвердить наше право на господство над другими Валирийскими колониями по всему миру. Все, что нужно - это единогласная поддержана в триумвирате идеи мобилизовать войска.;;;;;;;;;;;;;x
EVTOPTAambition.63;Да, мы будем править миром!;;;;;;;;;;;;;x
EVTOPTBambition.63;Нет, я не буду поддерживать эту безрассудную затею;;;;;;;;;;;;;x
EVTDESCambition.64;Совет закончен, и после долгих обсуждений удалось добиться поддержки ваших коллег-Триархов. Провозглашается право господства государства [Root.PrimaryTitle.GetName] над всеми другими Валирийскими колониями. Объявлена мобилизация армии и флота города.;;;;;;;;;;;;;x
EVTOPTAambition.64;Пришло время Тигров!;;;;;;;;;;;;;x
EVTDESCambition.65;Совет окончился, и несмотря на ваши колоссальные уговоры, Вы не смогли получить поддержку обеих ваших коллег-Триархов. Армия государства [Root.PrimaryTitle.GetName] останется в городе.;;;;;;;;;;;;;x
EVTOPTAambition.65;Возможно, нам нужны новые Триархи…;;;;;;;;;;;;;x
EVTDESCambition.66;Тигры получили полный контроль над городом, и Триарх [From.GetFirstName] созвал[From.GetEndA] специальный совет триумвирата. Все три Триарха совместно издали декларацию, которая подтверждает право государства [From.PrimaryTitle.GetName] господствовать над всеми другими Валирийскими колониями по всему миру. Сейчас идет мобилизация армии и флота города.;;;;;;;;;;;;;x
EVTOPTAambition.66;Тигры принесли войну;;;;;;;;;;;;;x
EVTDESCambition.60B;[Root.PrimaryTitle.GetFOA], мы получили новости из города [From.Capital.GetName] что [From.GetTitledFirstName] [From.GetOnlyDynastyName] пров[From.GetEYo]л[From.GetEndA] специальный Совет триумвирата и теперь дела контролируются тиграми.  [From.GetSheHe] убедил[From.GetEndA] их издать декларацию, утверждающую, что [From.PrimaryTitle.GetName] имеет право господствовать над всеми другими Валирийскими колониями по всему миру.;;;;;;;;;;;;;x
call_a_triarch_council;Созвать Совет Триархов;;;;;;;;;;;;;x
call_a_triarch_council_desc;[This.GetTitledFirstName] желает расширить [This.PrimaryTitle.GetName] путем завоевания, и может созвать Совет Трирхов, чтобы попытаться достичь этого.;;;;;;;;;;;;;x
TOOLTIPcall_a_triarch_council;Все три Триарха города являются членами партии Тигра И не наложили вето на вторжение\n;;;;;;;;;;;;;x
TOOLTIPambition.62;Триарх [Root.PrimaryTitle.GetName] вызван[Root.GetEndA] на Совет в столицу [Root.Capital.GetName] для обсуждения запланированного вторжения;;;;;;;;;;;;;x
EVTOPTBambition.65;Кажется, нам не хватает еще одного Триарха;;;;;;;;;;;;;x
TOOLTIPplot_gain_liege_titleBLACKBROTHER;[From.GetTitledFirstName] - черный брат, безжалостный, честолюбивый и надменный\n;;;;;;;;;;;;;x
TOOLTIPplot_gain_liege_titleCAPITAL;[From.GetTitledFirstName] владеет традиционной столицей провинции [This.GetName]\n;;;;;;;;;;;;;x
TOOLTIPplot_gain_liege_titleCULTURE;[From.GetTitledFirstName] имеет такую же культуру, как и традиционная культура земли [This.GetName], И [This.Holder.GetTitledFirstName] принадлежит другой культурной группе\n;;;;;;;;;;;;;x
TOOLTIPplot_gain_liege_titleDYNASTY;Любой прежний обладатель земли [This.GetName] принадлежит дому [From.GetOnlyDynastyName]\n;;;;;;;;;;;;;x
TOOLTIPplot_gain_liege_titleRELATIVE;Один из владетелей земли [This.GetName] пра-прародитель, прародитель или родитель персонажа [From.GetTitledFirstName]\n;;;;;;;;;;;;;x
TOOLTIPplot_gain_vassal_titleCOUNTYA;[This.Holder.GetTitledFirstName] является Верховным Лордом, и лордство [This.GetName] находится за пределами [This.Holder.GetHerHis] де-юре границ\n;;;;;;;;;;;;;x
TOOLTIPplot_gain_vassal_titleDUKEA;[This.GetName] является Верховным Лордством, но [This.Holder.GetTitledFirstName] не удерживает де-юре земли или вассалов этого района\n;;;;;;;;;;;;;x
TOOLTIPplot_gain_vassal_titleDEJURE;[This.GetName] является частью де-юре государства персоны [From.GetTitledFirstName], и более низкого ранга, чем [This.Holder.GetTitledFirstName]\n;;;;;;;;;;;;;x
TOOLTIPplot_gain_vassal_titleCOUNTYB;[This.GetName] - подчиненный второго ранга Верховного Лорда по имени [This.Holder.GetTitledFirstName]\n;;;;;;;;;;;;;x
TOOLTIPplot_gain_vassal_titleCROWNLANDS;[From.GetTitledFirstName] - правитель Семи Королевств, [This.GetName] является частью Королевских земель, и [This.Holder.GetTitledFirstName] имеет титул Короля/Верховного Лорда\n;;;;;;;;;;;;;x
TOOLTIPplot_weaken_fellow_vassalKING;[This.GetTitledFirstName] - Король/Верховный лорд, и обладает верховной властью\n;;;;;;;;;;;;;x
TOOLTIPplot_weaken_fellow_vassalCAPITAL;Столица персонажа [This.GetTitledFirstName] в том же королевстве/регионе, что и [Root.GetName]\n;;;;;;;;;;;;;x
TOOLTIPplot_weaken_fellow_vassalCROWNLAW;Законы короны правителя [This.GetTitledFirstName] со средним авторитетом короны или ниже\n;;;;;;;;;;;;;x
TOOLTIPbecome_exaltedVASSALS;Все вассалы улучшают свое мнение о персонаже [Root.GetTitledFirstName] на §G5§!;;;;;;;;;;;;;x
TOOLTIPplot_gain_liege_titleDRAGONRIDER;[From.GetTitledFirstName] - драконий наездник И [This.Holder.GetTitledFirstName] - не драконий наездник;;;;;;;;;;;;;x
TOOLTIPobj_five_children;Имеет 5 живых детей;;;;;;;;;;;;;x
job_action_sabotage;Саботаж работы;;;;;;;;;;;;;x
job_action_sabotage_desc;Этот персонаж согласился саботировать свои рабочие действия в обмен на выполнение одолжения. Это делает их менее эффективными.;;;;;;;;;;;;;x
TOOLTIPplot_event.33;[From.GetTitledFirstName] сделает всё в лучшем виде и саботирует свою работу;;;;;;;;;;;;;
obj_become_kingsguard_title;Стать Королевским гвардейцем;;;;;;;;;;;;;x
obj_become_kingsguard_desc;[This.GetTitledFirstName] желает примкнуть к Королевской гвардии и отклоняет предложения о браке до тех пор, пока эта амбиция не будет выполнена.;;;;;;;;;;;;;x
