#CODE;ENGLISH;x;;;;
EVTDESCclash_of_kings.500;Мое имя — Робб Старк из Винтерфелла. Я отказался преклонить колено перед самозванцами Ланнистерами, ибо они должны ответить за убийство моего отца и похищение моих сестёр. Вдохновленный верными мне вассалами, коронованный как король Севера и Трезубца, я желаю выйти из под контроля Железного Трона. Теперь я должен выбрать королеву, которая будет править со мной. Я был помолвлен с Рослин Фрей, однако в момент слабости я возлег с Джейн Вестерлинг. Рискну ли я навлечь на себя гнев Фреев, чтобы сохранить ее честь, или выберу союз для войны?;x;;;;
EVTOPTAclash_of_kings.500;Я дал обещание Фреям, и я должен его сдержать;x;;;;
EVTOPTBclash_of_kings.500;Честь Джейн будет сохранена, я женюсь на ней;x;;;;
EVTOPTCclash_of_kings.500;Есть лучшие союзы, чтобы выиграть войну;x;;;;
EVTDESCclash_of_kings.501;Я, король Джоффри из Дома Баратеонов, первый этого имени, законный король Андалов, Ройнаров и Первых Людей, Правитель Семи Королевств, объявляю дядей Ренли и Станниса предателями и врагами Короны, наряду со Старками из Винтерфелла. Любой человек, осмелившийся бросить вызов нашей власти и нашему праву на Семь Королевств, будет казнён, а его голова будет на пике у ворот Королевской Гавани.;x;;;;
EVTOPTAclash_of_kings.501;ДОСТАВЬ МНЕ ИХ ГОЛОВЫ! НЕМЕДЛЕННО !!;x;;;;
EVTDESClash_of_kings.1;;x;;;;
EVTTITLEclash_of_kings.1;Переговоры в Штормовом пределе;x;;;;
EVTDESCclash_of_kings.1;Я никогда не любил моего брата, но он — моя кровь, и я не желаю биться с ним. Кроме того, что бы взять Королевскую Гавань, мне нужна сила лордов, присягнувших ему. Если он преклонит колени и поклянется мне в верности, то я не причиню ему вреда.;x;;;;
EVTOPTAclash_of_kings.1;Он прав — мое дело безнадежно.;x;;;;
EVTOPTBclash_of_kings.1;Я законный король!;x;;;;
EVTTOOLTIPclash_of_kings.3;ответит;x;;;;
EVTDESCclash_of_kings.2;Претензии Станниса опирались на слова мертвеца и ничего больше. Он, хоть раз в своей жизни, пришел в себя и решил поддержать меня, своего младшего, более смелого и гораздо более приятного обществу брата.;x;;;;
EVTOPTAclash_of_kings.2;У него, наконец, прорезался здравый смысл;x;;;;
EVTDESCclash_of_kings.3;Что мне делать с моим братом? Он отказывается от моего персика, он отказывается от моей крепости, он даже не явился на мою свадьбу. Все отрицают его претензии на Железный Трон, и всё же он не видит этого, ослепленный гордыней. Что же, Ланнистеры могут подождать, пока я не разберусь с ним. Надеюсь, что твой новый бог будет к тебе милостив, брат...;x;;;;
EVTOPTAclash_of_kings.3;Истинным королем является тот, у кого армия больше.;x;;;;
EVTOPTBclash_of_kings.3;Он прав — мои притязания несправедливы.;x;;;;
EVTTOOLTIPclash_of_kings.4;Переговоры провалились.;x;;;;
EVTDESCclash_of_kings.4;Ренли — вор и узурпатор! Мой младший брат обязан быть мне верным и послушным, и я собираюсь этого от него добиться! Все те, кто отрицает мое право на трон, — мои враги, и Ренли первый из них.;x;;;;
EVTOPTAclash_of_kings.4;Что ж, битва так битва…;x;;;;
EVTOPTAclash_of_kings.5;Он сделал правильный выбор.;x;;;;
EVTDESCclash_of_kings.5;Ренли убрал свои знамена и уступил мне в моих притязаниях в качестве законного наследника Роберта. Я, в свою очередь, оставляю его лордом Штормового Предела и назначаю наследником до того, как у меня родится сын.;x;;;;
EVTTOOLTIPclash_of_kings.2;Вы поддержите персонажа [This.GetFirstName] в его притязаниях на Железный Трон.;x;;;;
EVTDESCclash_of_kings.508;При поддержке вассалов из Штормовых земель и через брак с дочерью Мейса Тирелла, Маргери из Простора, я решил навязать свои притязания на Железный Трон Ланнистерам. Но есть еще одно препятствие: мой старший брат, Станнис...;x;;;;
EVTOPTAclash_of_kings.508;Я стану королём.;x;;;;
EVTDESCclash_of_kings.502;Со смертью моего дорогого отца Джона Аррена, я, Роберт, последний в древнем роду Арренов и не могу позволить себе рисковать выживанием моего самого благородного Дома в бессмысленном бунте против Железного Трона. Мы не будем сражаться ни за кого.;x;;;;
EVTOPTAclash_of_kings.502;Орлиное Гнездо неприступно!;x;;;;
EVTDESCclash_of_kings.503;Со смертью моего зятя, короля Роберта I, лорд Эддард Старк пытался узурпировать трон. После свершения правосудия, Робб Старк — наследник покойного Эддарда и самопровозглашенный Король Севера — сумел захватить моего доблестного сына Джейме в битве у Шепчущего Леса. Мы должны освободить его, отомстить Старкам и подавить восстание Баратеонов, тем самым обеспечив Железный Трон моему внуку Джоффри и благополучие моему Дому.;x;;;;
EVTOPTAclash_of_kings.503;Услышь Мой Рев;x;;;;
EVTDESCclash_of_kings.504;Шестнадцать лет назад Ланнистеры, когда они в итоге встали на сторону Роберта в проклятой 'Войне Узурпатора', убили мою сестру и ее маленьких детей. Мы должны оставаться в стороне от этой войны... на данный момент.;x;;;;
EVTOPTAclash_of_kings.504;Мы сможем отомстить...;x;;;;
EVTDESCclash_of_kings.505;Железорожденные слишком долго жили под оковами 'мужей' с зелёных земель. Пора восстать под флагом свободы и вернуть старый порядок! Как раз вовремя, мой сын Теон вернулся из Винтерфелла с предложением...;x;;;;
EVTOPTAclash_of_kings.505;Я заплачу железную цену за мою корону!;x;;;;
EVTDESCclash_of_kings.506;Моя обожаемая дочь Маргери недавно вышла замуж за Ренли Баратеона, истинного Короля. Я буду поддерживать моего зятя до самого конца.;x;;;;
EVTOPTAclash_of_kings.506;Моя дочь будет королевой!;x;;;;
EVTDESCclash_of_kings.507;Во время Войны Узурпатора, Эддард Старк, лорд Винтерфелла, женился на моей дочери Кейтлин. Ради этого, Старки и Талли стали союзниками по крови, это самые сильные узы. Наш долг и честь — быть рядом с моим внуком во время нужды.;x;;;;
EVTOPTAclash_of_kings.507;Король Трезубца!;x;;;;
EVTDESCclash_of_kings.6;Со смертью моего брата, я должен предъявить мои законные притязания на Железный Трон против порождений инцеста Серсеи и Джейме. Я единственный законный наследник Роберта Баратеона! На Королевскую Гавань!;x;;;;
EVTOPTAclash_of_kings.6;Время заявить о своем первородстве.;x;;;;
EVTDESCclash_of_kings.7;Дети Серсеи являются плодом мерзкого инцеста, а не чистокровными наследниками Короля Роберта. Мой господин, следовательно, истинный Король, и я буду биться, дабы защитить его право первородства.;x;;;;
EVTOPTAclash_of_kings.7;Он законный король Семи Королевств.;x;;;;
EVTOPTBclash_of_kings.505;Похоже, справедливое предложение.;x;;;;
EVTDESCclash_of_kings.8;Север выиграл свою войну, чему в немалой степени обязан железорождённым и нашим кораблям. Теперь они должны выполнить данные нам обещания. Настоящим я претендую на Плавниковый Венец Уррона Красной руки.;x;;;;
EVTOPTAclash_of_kings.8;Король Соли и Камня!;x;;;;
EVTDESCclash_of_kings.11;Наконец я воссоединился со своей семьёй!;x;;;;
EVTOPTAclash_of_kings.11;Я чувствую себя в безопасности.;x;;;;
EVTDESCclash_of_kings.12;Радостные новости, [Root.PrimaryTitle.GetFOA], [From.GetFirstName] был[From.GetEndA] найден[From.GetEndA] жив[From.GetOyYm] и здоров[From.GetOyYm], когда [From.GetSheHe] уже счита[From.GetLasLsya] мёртв[From.GetOyYm]!;x;;;;
EVTOPTAclash_of_kings.12;Отличная новость!;x;;;;
EVTDESCclash_of_kings.13;[Root.GetFirstName] Ланнистер, я заявляю, что мой брат Роберт не оставил чистокровных наследников от его плоти, и что вы и ваши братья и сёстры являетесь плодом мерзкого инцеста между королевой Серсеей Ланнистер и Сиром Джейме Цареубийцей. По праву рождения и крови, я претендую на Железный Трон и, следовательно, объявляю войну.\n Подпись,\n[From.GetFirstName] из Дома [From.GetOnlyDynastyName], первый своего имени, Король Андалов, Ройнаров, и Первых Людей, Лорд Семи Королевств;x;;;;
EVTOPTAclash_of_kings.13;Узурпатор!;x;;;;
EVTDESCclash_of_kings.14;Король [Root.GetFirstNameWithDynasty], я вижу ваш призыв к борьбе против Железного Трона, и ваше обещание короны самым справедливым. Я возьму в руки оружие и встану рядом с вами.\n\n К победе!\n[From.GetFirstNameWithDynasty];x;;;;
EVTOPTAclash_of_kings.14;Теон неплох в качестве посла.;x;;;;
EVTDESCroberts_rebellion.19;Лорды из Зелёных земель урегулировали свои дрязги, и теперь Роберт Баратеон сидит на Железном Троне во владениях Драконов. Возможно, сейчас самое время нанести удар, пока его власть ещё слаба.;x;;;;
EVTOPTAroberts_rebellion.19;Мы не сеем.;x;;;;
opinion_resentful_agot;Затаил[_] обиду;x;;;;
EVTDESCclash_of_kings.15;Война против Железного Трона затягивается, и он теперь даже не во власти Ланнистеров. Я не держу зла против этого короля, возможно он позволит нам беспрепятственно вернуться на север, если мы предложим прекращение боевых действий и преклоним колено?;x;;;;
EVTOPTAclash_of_kings.15;Предложить мир.;x;;;;
EVTOPTCclash_of_kings.15;Я был[Root.GetEndA] и останусь править как [Root.SetTitle] на Севере;x;;;;
EVTOPTBclash_of_kings.15;Мы не станем преклонять колено!;x;;;;
EVTDESCclash_of_kings.16;[Root.GetTitle] [Root.GetFirstNameWithDynasty], я не питаю неприязни к вам и предлагаю мир на следующих условиях: \n [From.GetFirstNameWithDynasty] откажется от своей короны и будет зваться Хранителем Севера.\n Все знаменосцы персонажа [From.GetFirstNameWithDynasty] должны присягнуть на верность\n [From.GetFirstNameWithDynasty], [From.GetHerHis] семья и [From.GetHerHis] знаменосцы беспрепятственно вернуться в свои земли, если они обещают хранить королевский мир.;x;;;;
EVTDESCclash_of_kings.16B;[Root.GetTitle] [Root.GetFirstNameWithDynasty], я не питаю неприязни к вам и предлагаю мир на следующих условиях: \n [From.GetFirstNameWithDynasty] поклянется в верности Железному Трону, оставив за собой титул [From.GetTitle] Севера.\n Все знаменосцы персонажа [From.GetFirstNameWithDynasty] должны присягнуть на верность.\n [From.GetFirstNameWithDynasty], [From.GetHerHis] семья и [From.GetHerHis] знаменосцы смогут беспрепятственно вернуться в свои земли, если они обещают хранить мир Короны.;x;;;;
EVTTOOLTIPclash_of_kings.16;рассмотрит наши условия мира;x;;;;
EVTTOOLTIPclash_of_kings.16B;рассматривает наши условия мира, с условием, что [Root.GetTitledFirstName] возобновит королевский мир.;x;;;;
EVTOPTAclash_of_kings.16;Справедливое предложение, мы принимаем его!;x;;;;
EVTOPTBclash_of_kings.16;Нет, они должны заплатить.;x;;;;
EVTTOOLTIPclash_of_kings.18;узнает про ваш отказ от условий мира;x;;;;
EVTDESCclash_of_kings.17;[Root.GetFirstNameWithDynasty], вы проявили мудрость, предложив заключить мир. Я принимаю ваше предложение и да будет восстановлен королевский мир.\n\n С уважением,\n[From.GetTitle] [From.GetFirstNameWithDynasty];x;;;;
EVTOPTAclash_of_kings.17;Вот и все.;x;;;;
EVTDESCclash_of_kings.18;[Root.GetFirstNameWithDynasty], боюсь, я не могу принять ваше предложение мира, ваше предательство не должно остаться безнаказанным.\n\n С уважением,\n[From.GetTitle] [From.GetFirstNameWithDynasty];x;;;;
EVTOPTAclash_of_kings.18;Видимо, мы должны дальше продолжать бороться...;x;;;;
EVTDESCroberts_rebellion.20;Да здравствует [Root.GetFirstName] [Root.GetOnlyDynastyName], Глас Староместа, Лорд Порта, Лорд Хайтауэра, Защитник Цитадели и Южного Маяка!;x;;;;
EVTOPTAroberts_rebellion.20;Все приветствуйте!;x;;;;
TOOLTIPRETURNICE;Лёд, древний двуручный меч Дома Старк, возвращается персонажу [Root.GetFirstNameWithDynasty]\n;x;;;;
IMPRISONALLLANNISTERS;[From.GetFirstNameWithDynasty], как и прочие Ланнистеры, находящиеся в Королевской Гавани, должны быть брошены в темницу\n;x;;;;
EVTDESCclash_of_kings.19;[Root.GetFirstName] Ланнистер, я заявляю, что вы недостойны быть королем, и вы доказали это своими несправедливыми делами. Так, в силу крови и способностей, а также поддержки со стороны благородных лордов Простора, я претендую на Железный трон Вестероса. \n\n Подпись,\n[FromFrom.GetFirstName] из Дома [FromFrom.GetOnlyDynastyName], первый этого имени, Король Андалов, Ройнаров и Первых Людей, Лорд Семи Королевств;x;;;;
EVTOPTAclash_of_kings.19;Узурпатор!;x;;;;
JAIMEISTHEFATHER;[From.GetFirstNameWithDynasty] и [From.GetHerHis] братья и сёстры впредь будут юридически известны как порочное потомство Джейме и Серсеи Ланнистеров\n;x;;;;
TOOLTIPFREYSANGRY;Так как Вы нарушили торжественный обет жениться на одной из его дочерей, [This.GetFirstNameWithDynasty] будет возмущен и отзовет свои войска\n;x;;;;
EVTDESCclash_of_kings.20;Ренли Баратеон, муж нашей любимой Маргери, трагически умер и теперь у нас нет короля, которого мы могли бы поддерживать. Но Петир Бейлиш сделал нам интригующее предложение о союзе с Ланнистерами - предложение, которое поможет Маргери стать королевой вновь. Однако, наследник Ренли, Станнис, имеет сильные притязания: возможно, мы должны почтить память Ренли, поддержав его брата?;x;;;;
EVTOPTAclash_of_kings.20;Ланнистеры это правильный выбор, вот наши требования...;x;;;;
EVTOPTBclash_of_kings.20;Будет лучше, если мы подождем;x;;;;
EVTOPTCclash_of_kings.20;Мы должны поддерживать истинного наследника Баратеонов.;x;;;;
TOOLTIPclash_of_kings.20A;В обмен на поддержку Домом Тиррелов Дома Ланнистер в войне, должно быть сделано следующее:\n[This.GetTitle] [This.GetFirstName] и Маргери Тирелл должны заключить брак\n;x;;;;
TOOLTIPclash_of_kings.20E;Сир [This.GetFirstNameWithDynasty] получает место в Королевской Гвардии\n;x;;;;
TOOLTIPclash_of_kings.20F;Сир [This.GetFirstNameWithDynasty] получает в свое владение Ясноводный Чертог, а также все земли и доходы Дома Флорентов\n;x;;;;
TOOLTIPclash_of_kings.20D;Король [Root.GetFirstName] решил так: [Root.Spouse.GetFirstName] [Root.Spouse.GetOnlyDynastyName] получит отказ\n;x;;;;
TOOLTIPclash_of_kings.20B;В качестве награды за заслуги перед короной, Лорд [This.GetFirstNameWithDynasty] получит Харренхолл после окончания войны\n;x;;;;
EVTDESCclash_of_kings.21;Ренли Баратеон мёртв, и теперь его брат Станнис выступает против Железного Трона и Дома Ланнистер. Маргери Тирелл была королевой Ренли, и её семья, видимо, по-прежнему желает союза с королём: Петир Бейлиш сумел договориться с ними. Нам нужно только породнить наши Дома, и тогда мощь и богатство Простора будет с нами, что, безусловно, приведёт к падению и Станниса, и Старков.;x;;;;
EVTOPTAclash_of_kings.21;Да, это переменит ход войны.;x;;;;
EVTOPTBclash_of_kings.21;Но [Root.Spouse.GetFirstName] - моя истинная любовь!;x;;;;
EVTOPTCclash_of_kings.21;Но Санса - моя истинная любовь!;x;;;;
TOOLTIPclash_of_kings.23;узнает о вашем отказе;x;;;;
EVTDESCclash_of_kings.22;[Root.PrimaryTitle.GetFOA], Ланнистеры и Его Величество приняли наши условия союза: мы будем воевать вместе, бок о бок!;x;;;;
EVTOPTAclash_of_kings.22;Маргери снова должна стать королевой!;x;;;;
EVTDESCclash_of_kings.23;[Root.PrimaryTitle.GetFOA], [From.GetFirstNameWithDynasty] отверг ваши условия альянса, выбрав остаться верным своей невесте по имени [From.Spouse.GetFirstName] [From.Spouse.GetOnlyDynastyName];x;;;;
EVTOPTAclash_of_kings.23;Дурак, мои условия были щедрыми!;x;;;;
TOOLTIPclash_of_kings.20C;[This.GetTitle] [This.GetFirstNameWithDynasty] должен покинуть ряды Королевской Гвардии\n;x;;;;
EVTTITLEclash_of_kings.20;Роза и Лев;x;;;;
EVTDESCclash_of_kings.24;Моя возлюбленная [Root.Spouse.GetFirstName] дала мне наследника, которого я так долго ждал!;x;;;;
EVTOPTAclash_of_kings.24;Мой род будет править.;x;;;;
TOOLTIPclash_of_kings.25;решит, что делать с Железным Троном.;x;;;;
EVTDESCclash_of_kings.25;Война выиграна, Ланнистеры в наших руках, Нед Старк отомщен. Северяне и лорды Речных земель освободили Королевскую Гавань от всех, и теперь я стою перед Железным Троном...;x;;;;
EVTOPTAclash_of_kings.25;Станнис и его наследники должны владеть им, это их по праву.;x;;;;
EVTOPTBclash_of_kings.25;Ренли является самым лучший претендентом на трон.;x;;;;
EVTOPTCclash_of_kings.25;Этот трон меня не касается, я покину Королевскую Гавань и вернусь домой.;x;;;;
EVTOPTDclash_of_kings.25;Я выдвигаю свои притязания на Железный Трон по праву завоевателя!;x;;;;
TOOLTIPEVTOPTCclash_of_kings.25;Править всё ещё некому, первый претендент который войдет в Королевскую Гавань получит трон.\n;x;;;;
EVTDESCclash_of_kings.26;[Root.PrimaryTitle.GetFOA], превосходные вести из Королевской Гавани. [From.GetFirstNameWithDynasty] разграбил город и пленил Ланнистеров, и [From.GetSheHe] счёл Вас наиболее достойным претенднентом на престол. [From.GetSheHeCap] может пожалеть об этом, когда мы заставим этого так называемого короля преклонить колено ещё раз...;x;;;;
EVTOPTAclash_of_kings.26;Королевство мое!;x;;;;
EVTDESCclash_of_kings.27;[Root.PrimaryTitle.GetFOA], тревожные вести из Королевской Гавани. [FromFrom.GetFirstNameWithDynasty] разграбил город и пленил Ланнистеров, однако  [FromFrom.GetSheHe] отдал Железный Трон предателю по имени [e_iron_throne.Holder.GetFirstNameWithDynasty]!;x;;;;
EVTOPTAclash_of_kings.27;Они оба преклонят колено... передо мной!;x;;;;
EVTDESCclash_of_kings.28;[Root.PrimaryTitle.GetFOA], интересные вести из Королевской Гавани. [FromFrom.GetFirstNameWithDynasty] разграбил город и пленил Ланнистеров. На их место [FromFrom.GetSheHe] назначил персонажа по имени [From.GetFirstNameWithDynasty] в качестве нового короля!;x;;;;
EVTOPTAclash_of_kings.28;Война не окончена...;x;;;;
EVTDESCclash_of_kings.29;[Root.PrimaryTitle.GetFOA], хорошие вести из Королевской Гавани. [From.GetFirstNameWithDynasty] разграбил город и пленил Ланнистеров. [From.GetSheHeCap] заявляет свои притязания на Железный Трон по праву завоевателя, провозгласив себя как [From.GetTitledFirstName] и лордом Семи Королевств!;x;;;;
EVTOPTAclash_of_kings.29;Еще один король...;x;;;;
EVTDESCclash_of_kings.30;[Root.PrimaryTitle.GetFOA], великолепные вести из Королевской Гавани. [From.GetFirstNameWithDynasty] разграбил город и пленил Ланнистеров. [From.GetSheHeCap] покинул город, так и не решив вопрос, кто будет править. Чтобы провозгласить себя королём, претенденту теперь достаточно просто войти в город...;x;;;;
EVTOPTAclash_of_kings.30;Кто заполнит этот вакуум власти?;x;;;;
EVTDESCclash_of_kings.31;Наш хозяин прошёл через ворота Королевской Гавани, не встретив сопротивления. Старки покинули это место, так что мы просто быстро маршируем до Красного Замка и объявляем Короля Железного Трона...;x;;;;
EVTOPTAclash_of_kings.31;Королевство мое!;x;;;;
EVTDESCclash_of_kings.32;[Root.PrimaryTitle.GetFOA], тревожная весть из Королевской Гавани. [From.GetFirstNameWithDynasty] вошел в незанятый город и, не встретив сопротивления, сел на Железный Трон!;x;;;;
EVTOPTAclash_of_kings.32;Я заставлю [From.GetHerHis] преклонить колено.;x;;;;
EVTDESCclash_of_kings.33;[Root.PrimaryTitle.GetFOA], очень интересная весть из Королевской Гавани. [From.GetFirstNameWithDynasty] вошел в город и, не встретив сопротивления, сел на Железный Трон!;x;;;;
opinion_usurped_throne;Узурпировал трон;x;;;;
EVTOPTBclash_of_kings.30;Это мой шанс!;x;;;;
EVTDESCclash_of_kings.34;Наш хозяин прошел через ворота Королевской Гавани, встретив лишь хаос. Старки покинули это место, так что теперь мы займём город во славу короны.;x;;;;
EVTOPTAclash_of_kings.34;На данный момент престол в безопасности;x;;;;
EVTDESCclash_of_kings.35;[Root.PrimaryTitle.GetFOA], очень интересная весть из Королевской Гавани. [From.GetFirstNameWithDynasty] вошел в город, не встретив сопротивления. Он удерживает город и Железный трон от посягательств всевозможных узурпаторов.;x;;;;
EVTOPTAclash_of_kings.35;А государство они так же удержат?;x;;;;
#EVTDESCclash_of_kings.36;Война проиграна, Дом Ланнистеров лежит в руинах. [From.GetFirstNameWithDynasty], [From.GetTitle] Севера стоит передо мной, и выносит мне свой приговор…;x;;;;
EVTOPTAclash_of_kings.36;Я надеюсь, что [From.GetSheHe] милосерд[From.GetNaEn];x;;;;
TOOLTIPclash_of_kings.37;принимает решение о вашей судьбе;x;;;;
EVTDESCclash_of_kings.37;Месть Ланнистерам наконец свершится. Передо мной стоит [From.GetFirstNameWithDynasty] и ждёт моего приговора…;x;;;;
EVTOPTAclash_of_kings.37;Пощадить;x;;;;
EVTOPTBclash_of_kings.37;Джоффри должен ответить за смерть Неда;x;;;;
EVTOPTCclash_of_kings.37;Серсея должна заплатить за свою измену;x;;;;
EVTOPTDclash_of_kings.37;Цареубийца, сбросивший Брана с крыши, должен умереть;x;;;;
EVTOPTEclash_of_kings.37;Этот Бес хитер и зол, казнить его!;x;;;;
EVTOPTFclash_of_kings.37;[From.GetSheHeCap] может и ребенок, может и невинный, но Ланнистеры должны умереть;x;;;;
EVTOPTGclash_of_kings.37;Казнить!;x;;;;
EVTDESCclash_of_kings.38;[Root.GetFirstNameWithDynasty], [From.GetTitle] решил быть милосердным, несмотря на злодейства, учиненные вашим Домом. Вам сохранят жизнь, но вы останетесь в плену у Дома Старков.\n\nТак решил [From.GetTitledFirstName], [From.GetTitle] Севера, [From.GetTitle] Зимы и Первых людей, Лорд замка [From.Capital.GetName] и Защитник Государства;x;;;;
EVTOPTAclash_of_kings.38;По крайней мере, я живу!;x;;;;
EVTDESCclash_of_kings.39;[Root.GetFirstNameWithDynasty], [From.GetTitle] решил, что не может оставить действия вашего Дома и вас самих безнаказанными, и приговорил вас к обезглавливанию.\n\nТак решил [From.GetTitledFirstName], [From.GetTitle] Севера, [From.GetTitle] Зимы и Первых людей, Лорд замка [From.Capital.GetName] и Защитник Государства;x;;;;
EVTOPTAclash_of_kings.39;Это несправедливо!;x;;;;
EVTDESCclash_of_kings.36;[Root.GetTitledFirstName], я заявляю, что мой брат Роберт не оставил после себя законных наследников: Джоффри, Томмен и Мирцелла плоды гнусного инцеста между Серсеей и Джейме Ланнистерами. По праву рождения и крови я претендую на Железный Трон, и да присягнут все настоящие мужи мне на верность.\n Подпись, [From.GetFirstName] из Дома [From.GetOnlyDynastyName], первый этого имени, Король Андалов, Ройнаров, и Первых Людей, Лорд Семи Королевств;x;;;;
TOOLTIPclash_of_kings.36;Он утверждает, что они не похожи ничем на их отца, у них золотые волосы, а не черные волосы истинного Баратеона, а все дети Баратеонов темноволосы.\n Он утверждает, что это дети Серсеи и Джейме Ланнистера.\n Он также утверждает, что видел доказательства их нелегитимности в огне.\n;x;;;;
d_great_grass_sea;Великое травяное море;x;;;;
k_great_grass_sea;Великое травяное море;x;;;;
KHAL_male;Кхал;x;;;;
KHAL_female;Кхалиси;x;;;;
KHALASAR_OF;Кхаласар;x;;;;
EVTTITLEclash_of_kings.50;Mатерь Драконов;x;;;;
EVTDESCclash_of_kings.50;Спасение! Красная комета привела вас в Кварт! Проходя через три огромные покрытые росписью стены, считающимися одним из Девяти чудес, вы замечаете лежащие вокруг кости тех, кого не допустили в город. Вас приютил Ксаро Ксоан Даксос, один из Тринадцати. Вы быстро понимаете насколько опасен Кварт для вас, но дракона никакие опасности не остановят.\n\n Сжигая лхазарийскую мейгу и кхала Дрого, вы положили начало Огню и Крови. Узурпатор мертв, в Вестеросе - раскол, а вы тоскуете по дому. Подождите, пока ваши драконы подрастут и возвращайтесь в Вестерос, дабы низвергнуть псов узурпатора и заново объединить Семь Королевств.;x;;;;
EVTOPTAclash_of_kings.50;Я законная Королева!;x;;;;
EVTTITLEclash_of_kings.51; Дом Бессмертных;x;;;;
EVTDESCclash_of_kings.51;В этом городе великолепия находится Дом Бессмертных, этого великолепия лишённый. Это древняя серая развалюха без башен и окон, ютящаяся в роще черных деревьев с чернильно-синими листьями. Ваши товарищи (и ваш собственный внутренний голос) пытаются отговорить вас от посещения этого жуткого места, но судьба ведёт вас туда.\n\n'Королева Дейенерис должна пойти одна', говорит Пиат Прей, выходя из тени деревьев, 'Возьмите меня за руку и позвольте провести вас'.;x;;;;
EVTOPTAclash_of_kings.51;Я не ребенок;x;;;;
EVTTITLEclash_of_kings.5100;Bечерняя Тень;x;;;;
EVTDESCclash_of_kings.5100;Вы проходите сквозь рощу и вам преподносят кристалическую чашу, наполненную густой темной жидкостью: вечерняя тень, вино колдунов. Пока колдун говорит, вы выпиваете зелье. Его вкус похож на всё, что вы пробовали, и ни на что конкретно.\n\n 'Внутри вас ждёт много волнующего. Видения прекрасные и ужасные, чудеса и кошмары, видения и отзвуки давно минувших дней и дней, никогда не наступивших. Если вам дорога ваша душа, будьте осторожны и послушайте моего наставления: заходите только в первые двери справа, а встретив лестницу, только поднимайтесь по ней. Никогда не спускайтесь по лестницами и не входите в двери кроме первой справа.';x;;;;
EVTOPTAclash_of_kings.5100;Дверь справа от меня…;x;;;;
EVTDESCclash_of_kings.5101;Вы оказываетесь в каменной прихожей с четырьмя дверями, по одной на каждой стене. Изъеденный молью выцветший ковер лежит у ваших ног. В стенах слышно крысиное царапание. Вы трижды заходите в правые двери и трижды оказываетесь в одинаковых комнатах. Здесь определенно присутствует какое-то колдовство.;x;;;;
EVTOPTAclash_of_kings.5101;Я пойду в левую дверь...;x;;;;
EVTOPTBclash_of_kings.5101;Я пойду в центральную дверь...;x;;;;
EVTOPTCclash_of_kings.5101;Войду в правую дверь...;x;;;;
EVTOPTDclash_of_kings.5101;Синий. Нет, крик- Ааааууу!;x;;;;
EVTTITLEclash_of_kings.5102;Волк в солнечном свете;x;;;;
EVTDESCclash_of_kings.5102;Вы вышли в тусклый длинный коридор с высоким потолком и факелами вдоль правой стены. Все двери находятся слева от вас, и не все они закрыты. Вы говорите себе не смотреть, но соблазн слишком велик...\n\n В одной из комнат вы видите Лютоволка в короне из железа, сидящего на песчаной дюне. Он победно воет на сияющее солнце, у его ног лежит пронзённый копьём мерцающий лев. Его глаза следуют за вами с презрением, пока вы идете по коридору. В конце коридора находится лишь лестница вниз, все двери расположены слева от вас.;x;;;;
EVTOPTAclash_of_kings.5102;Первая дверь справа... это последняя слева!;x;;;;
EVTTITLEclash_of_kings.5103;Дёрнуть за ручку;x;;;;
EVTDESCclash_of_kings.5103;Вы вышли в тусклый длинный коридор с высоким потолком и факелами вдоль правой стены. Все двери находятся слева от вас, и не все они закрыты. Вы говорите себе не смотреть, но соблазн слишком велик...\n\n В одной из комнат вы видите скалы, на которые накатываются массивные волны. На ваших глазах от скал отрываются большые куски земли и камня и падают в море. Вы проходите по коридору и в конце находится лишь лестница вниз, все двери расположены слева от вас.;x;;;;
EVTTITLEclash_of_kings.5104;Красная комната;x;;;;
EVTDESCclash_of_kings.5104;Вы вышли в тусклый длинный коридор с высоким потолком и факелами вдоль правой стены. Все двери находятся слева от вас, и не все они закрыты. Вы говорите себе не смотреть, но соблазн слишком велик...\n\n В одной из комнат вы видите пир мертвецов. Мертвецы за столами, мертвецы на полу, мертвецы повсюду. На троне сидит человек с головой волка и железной короной на ней. Его глаза следят за вами с немым призывом, пока вы идете дальше по коридору. В конце находится лишь лестница вниз, все двери расположены слева от вас.;x;;;;
EVTDESCclash_of_kings.5105;Вы оказываетесь в еще одной каменной прихожей с извилистыми каменными стенами. Пол как будто плывет под вами, пытаясь сбить вас с ног. Вас охватывает внезапный ужас и кажется, что этот дом ужасов хочет вас убить, но, всё же, три двери находятся перед вами...;x;;;;
EVTTITLEclash_of_kings.5106;Черное Вторжение;x;;;;
EVTDESCclash_of_kings.5106;Вы вышли в тусклый длинный коридор с высоким потолком и факелами вдоль правой стены. Все двери находятся слева от вас, и не все они закрыты. Вы говорите себе не смотреть, но соблазн слишком велик...\n\n В одной из комнат вы видите пустыню красную от крови, по которой марширует орда чернокожих воинов. Мелкие лорды заняты своими распрями и не видят настоящей угрозы. Черный король стоит на границе пустыни, устремив взгляд на север, ветер качает перья на его голове. Вы проходите дальше по коридору, но в конце находится лишь лестница вниз, все двери расположены слева от вас.;x;;;;
EVTTITLEclash_of_kings.5107;Король, преклонивший колено;x;;;;
EVTDESCclash_of_kings.5107;Вы снова вышли в тусклый длинный коридор с высоким потолком и факелами вдоль правой стены. Все двери находятся слева от вас, и не все они закрыты. Вы говорите себе не смотреть, но соблазн слишком велик...\n\n В одной из комнат вы видите как две армии стоят с двух сторон реки. Между ними один король встал на колени перед другим, за которым высятся три дракона. Это зрелище наполняет вас печалью, и вы проходите в конец коридора. Но там-то находится лишь лестница вниз, все двери расположены слева от вас.;x;;;;
EVTTITLEclash_of_kings.5108;Mать;x;;;;
EVTDESCclash_of_kings.5108;Вы снова вышли в тусклый длинный коридор с высоким потолком и факелами вдоль правой стены. Все двери находятся слева от вас, и не все они закрыты. Вы говорите себе не смотреть, но соблазн слишком велик...\n\n В одной из дверей вы видите тысячи рабов, которые тянут к вам свои окровавленные руки и восклицают 'мать, мать!'. Они дотрагиваются до вас, до вашей одежды, они хотят вас, нуждаются в вас, в огне, в жизни...  Вы со вздохом разводите руки, чтобы отдать себя им, но в последний момент осознаёте свою ошибку, отводите взгляд и проходите в конец коридора. Но там находится лишь лестница вниз, все двери расположены слева от вас.;x;;;;
EVTDESCclash_of_kings.5109;Звуки в стенах становятся всё громче, ваши чувства обостряются. Факелы вдоль стены постепенно гаснут и тьма подбирается к вам все ближе. Из мрака вы слышите медленные шаркающие шаги, как будто что-то приближается к вам... Ужас наполняет вас и нужно быстро решить в какую дверь войти.;x;;;;
EVTTITLEclash_of_kings.5110;Расколотая Стена;x;;;;
EVTDESCclash_of_kings.5110;Вы снова вышли в тусклый длинный коридор с высоким потолком и факелами вдоль правой стены. Все двери находятся слева от вас, и не все они закрыты. Вы говорите себе не смотреть, но соблазн слишком велик...\n\n В одной из дверей вы видите мерцающую белую стену, охраняемую горсткой одетых в чёрное стражей. Вдруг, раздается громкий звук и стена начинает трескаться и рушиться. Через пролом в стене пробирается орда дикарей, несущих громадный чёрный рог. Вы продолжаете путь к лестнице в конце коридора.;x;;;;
EVTOPTAclash_of_kings.5110;Я хочу выбраться из этого места...;x;;;;
EVTTITLEclash_of_kings.5111;Сияющий Воин;x;;;;
EVTDESCclash_of_kings.5111;Вы оказались в длинном темном коридоре с высокими сводами. Справа дымным оранжевым пламенем горят факелы, а двери есть только слева. Не все двери закрыты. Вы решили не смотреть, но искушение оказалось слишком сильным...\n\n За открытой дверью виднелась битва на кровавом поле. Среди хаоса, два воина начали смертельный танец под аккомпанемент поющих клинков. Наконец, рыцарь в сверкающих белых доспехах сразил воина в черном. Победитель становится на колени над падшим врагом, защищая его от вреда. Трогательная сцена заканчивается градом стрел и вы продолжаете свой путь к лестнице в конце коридора.;x;;;;
EVTTITLEclash_of_kings.5112;Kрасный Меч;x;;;;
EVTDESCclash_of_kings.5112;Вы оказались в длинном темном коридоре с высокими сводами. Справа дымным оранжевым пламенем горят факелы, а двери есть только слева. Не все двери закрыты. Вы решили не смотреть, но искушение оказалось слишком сильным...\n\nНа носу корабля стоял труп с горящими глазами на мертвом лице, с печальной улыбкой на серых губах. Красный меч светился в руке голубоглазого короля, не отбрасывающего тени. На ледовой стене вырос голубой цветок, наполнив воздух своим ароматом. Матерь драконов, невеста огня… Смутившись, вы повернули к лестнице.;x;;;;
EVTDESCclash_of_kings.5113;Вы входите на лестницу, начинаете подниматься. Ваши ноги начинают болеть. Как ни странно, вы помните, что в Дворце Бессмертных не было ни одной башни... Лестница кончилась, справа явились двойные двери, отделанные черным деревом и чардревом. Черные и белые волокна переплетались в странные узоры – очень красивые, но чем-то пугающие...;x;;;;
EVTOPTAclash_of_kings.5113;Дракон не должен бояться...;x;;;;
EVTTITLEclash_of_kings.5114;Cинее Сердце;x;;;;
EVTDESCclash_of_kings.5114;Вы прошли через узкую дверь в комнату, наполненную мраком. Здесь стоял длинный каменный стол, а над ним висело человеческое сердце, распухшее и синее, но еще живое. Оно билось гулкими толчками, с каждым ударом исторгая из себя вспышку индигового света. Вокруг стола маячили синие тени. Когда вы прошли к пустому стулу на дальнем конце стола, они не шелохнулись и не повернулись к вам. В тишине слышалось только гулкое биение полуразложившегося сердца...\n\nМатерь драконов… – произнес кто-то полушепотом-полустоном, и другие голоса отозвались: – Драконов… драконов… драконов… Вам трудно говорить. Внезапно вы замечаете, что никто из них не дышит, может ли быть, что Бессмертные - уже мертвы?\n\nМы живы… живы… живы… – И другие шепчущие голоса подхватили: – Мы знаем… знаем… знаем...';x;;;;
EVTOPTAclash_of_kings.5114;Я пришла за даром истины;x;;;;
EVTTITLEclash_of_kings.5115; Пророчество;x;;;;
EVTDESCclash_of_kings.5115;Игра теней... дни, еще не осуществленные... испей из чаши льда... испей из чаши огня... Матерь драконов... дитя троих... Ибо три головы у дракона... Матерь драконов… дитя бури… Три огня должна ты зажечь... один за жизнь, один за смерть, один за любовь... Трех коней должна ты оседлать... один для похоти, один для страха, один для любви... Три измены должна ты испытать... одну из-за крови, одну из-за золота, одну из-за любви...';x;;;;
EVTOPTAclash_of_kings.5115;Помогите мне... Покажите мне.;x;;;;
EVTTITLEclash_of_kings.5116;Pазмытые видения;x;;;;
EVTDESCclash_of_kings.5116;В палатке плясали тени, бескостные и жуткие. Маленькая девочка бежала босиком к большому дому с красной дверью. Мирри Маз Дуур истошно кричала в пламени, и дракон проклевывался наружу из ее лба. Серебристая лошадь волокла за собой окровавленный голый труп. Высокий Муж с медной кожей и серебряными волосами стоит под знаменем огненного жеребца, горящий город позади него.\n\nВдруг, черные крылья бьются вокруг вашей головы, и видения уходят... Ваш вздох превращается в ужас, когда вы замечаете Бессмертных вокруг вас, синие и холодные, шепчась, они двигаются к вам. Все силы покидают вас и вы не можете двигаться. Вы чувствуете руку на груди. Зубы находят нежную кожу вашего горла...;x;;;;
EVTOPTAclash_of_kings.5116;ДРАКАРИС!!!;x;;;;
EVTTITLEclash_of_kings.5117;Cмерть Бессмертного;x;;;;
EVTDESCclash_of_kings.5117;Цвет индиго становится оранжевым, а шепот превращается в визг. Возвышаясь над вами, Дрогон расправляет свои крылья, впивается зубами в ужасное синее сердце и разрывает обгоревшую плоть на клочья. Огонь извергается из его пасти. Вы слышите вопли Бессмертного.\n\nВся комната уже охвачена огнем, вы добираетесь до двери и зовете дракона. Вы выбегаете наружу, и вас ослепляет яркий свет, заставляя споткнуться. Обернувшись назад вы видите клубы дыма, окутывающие Пыльный Дворец. Выкрикивая проклятия, Пиат Прей достает нож и бросается к вам, в этот момент вы слышите удар кнута Чхого.;x;;;;
EVTOPTAclash_of_kings.5117;Никогда не слышала более приятного звука;x;;;;
EVTTITLEclash_of_kings.5200;Cеребрянный Колокольчик;x;;;;
EVTDESCclash_of_kings.5200;Бессмертные мертвы, сожжены пламенем Дрогона. Ваш маленький Кхаласар празднует вашу победу вплетением в волосы серебряного колокольчика, но эта победа не имеет веса. Квартийцы возмущены, и их правители объединяются, чтобы потребовать вашего изгнания из своего города. Ксаро умоляет вас бежать с ним в Нефритовое море, но вы отказываетесь, и он выгоняет вас.\n\nТеперь у вас больше нет друзей в Кварте, вы спешите в доки, где сир Джорах ищет судно. Там вы находите не только корабли, но и союзников. Огромный евнух по имени Бельвас Силач и его пожилой оруженосец Арстан спасают вас от убийцы. Они объясняют, что они были отправлены вашим старым другом Иллирио с тремя кораблями, чтобы отвести вас в Пентос.;x;;;;
EVTOPTAclash_of_kings.5200;Эти корабли хотя бы сыром не пахнут…;x;;;;
EVTTITLEclash_of_kings.52; Залив Работорговцев;x;;;;
EVTDESCclash_of_kings.52;"Три корабля несут вас и ваших спутников в Пентос, где вам обещана помощь, но после Кварта вы с настороженостью относитесь к любой помощи. Вы не станете 'Королевой-Попрошайкой'. Драконы не просят. Вы возьмете свое Огнем и Кровью. Но сначала вам нужна армия. В момент ваших размышлений в каюту входит сир Джорах, признаётся в любви и пытается поцеловать вас. Вы не хотите отвечать ему взаимностью, но и не хотите ранить его чувства. Пытаясь быстро сменить тему, Джорах начинает рассказывать вам о Безупречных из Астапора, одних из лучших воинов в мире.\n\nЭтой ночью вас ждут долгие размышления.";x;;;;
EVTOPTAclash_of_kings.52;Хорошо быть Кхалиси. Это все знают. В Астапор!;x;;;;
EVTOPTBclash_of_kings.52;Глупое предложение, я должна плыть в Пентос;x;;;;
EVTTITLEclash_of_kings.53;Cделка с Гарпиями;x;;;;
EVTDESCclash_of_kings.53;Добрые Господа Астапора грубы, высокомерны и жестоки сверх всякой меры, но их Безупречные так же грозны, как и душераздирающая история их подготовки. Особенно рассказ о том, как они доказывают, что могут убить любого: каждый солдат должен убить ребенка на глазах у его матери. С помощью таких людей вы можете вернуть свой трон. Торги вы ведете через молодую переводчицу, чтобы скрыть свое знание языка Гискари. Вы делаете предложение, которое потрясает ваших советников - обменять всех Безупречных, что имеются в Астапоре на одного дракона.\n Работорговцы принимают ваши условия, хотя они требуют самого большого из драконов. В свою очередь вы просите отдать вам переводчицу в качестве подарка, и они соглашаются. Освободив девушку, вы просите ее рассказать вам все, что она знает об Астапоре...;x;;;;
EVTOPTAclash_of_kings.53;Я всё решила;x;;;;
EVTTITLEclash_of_kings.54;Oбмен;x;;;;
EVTDESCclash_of_kings.54;Вы согласились на сделку с Добрыми Господами, вы получите всех доступных Безупречных, в том числе мальчиков на обучении, в обмен на ваши корабли, товары и Дрогона, самого большого из ваших драконов.\n\nВы пришли на Площадь Наказаний для совершения сделки. Ваши люди принесли ваши товары и клетку с Дрогоном, в обмен Кразнис передает вам плеть символизирующую констроль над Безупречными...;x;;;;
EVTOPTAclash_of_kings.54;Такая сделка не по мне... Дракарис!;x;;;;
EVTTITLEclash_of_kings.5400;Pазграбить Астапор;x;;;;
EVTDESCclash_of_kings.5400;"Дракон не раб. Дрогон отказался служить Добрым Господам и уничтожил их по вашей команде. Вы действительно получили Безупречных, и теперь у вас есть три дракона и армия. Город был легко взят. Вы освободили Астапор, а Добрые Господа были убиты, и теперь вы контролируюте город. Бывшие рабы смотрят на вас как на нового повелителя и называют вас ""матерью"".\n\nТеперь вы можете продолжить ваше путешествие, но, прежде чем вы отправитесь, вы должны оставить кого-то управлять городом.";x;;;;
EVTOPTAclash_of_kings.5400;Я оставлю совет править городом;x;;;;
EVTDESCclash_of_kings.55;После согласования сделки по обмену дракона на всех наших Безупречных, Дейнерис Таргариен предала нас, сожга всех Добрых Господ и разграбила город.;x;;;;
EVTOPTAclash_of_kings.55;Дикость!;x;;;;
EVTTITLEclash_of_kings.56; Желтый Город;x;;;;
EVTDESCclash_of_kings.56;Покинув Астапор вы отправляетесть в Юнкай, другой известный город работорговцев.У Юнкая есть довольно немалая армия своих солдат и отряды наемников, среди них Вороны-Буревестники и Вторые Сыны. Город сложен из желтого кирпича, как и высокие стены и ступенчатые пирамиды. Юнкай, как говорят, в состоянии выставить достаточное число солдат. Тем не менее, Юнкай известен обучением постельных рабов, а не воинов. Мудрые Господа и главари наемников прибывают на переговоры с вами. Они предлагают вам много золота за то, что вы не тронете город.;x;;;;
EVTOPTAclash_of_kings.56;Нет, я освобожу рабов;x;;;;
EVTTITLEclash_of_kings.5600; Переворот Даарио;x;;;;
EVTDESCclash_of_kings.5600;'Вы готовы начать битву за Юнкай, однако ночью к вам приходит Даарио Нахарис из Воронов-Буревестников, который был покорен вашей красотой. Он говорит вам, что убил двух других главарей своего отряда и теперь предлагает вам услуги своего отряда, он говорит: 'Мой меч - твой. Моя жизнь - твоя. Моя любовь - твоя. Моя кровь, мое тело, мои песни - все ваше. Я готов жить и умереть, служа справедливой королеве.';x;;;;
EVTOPTAclash_of_kings.5600;Мы с радостью принимаем вас;x;;;;
EVTTITLEclash_of_kings.57;Hож в спину;x;;;;
EVTDESCclash_of_kings.57;Юнкайская армия повержена. Теперь я пойду на Миэрин, последний великий рабовладельческий город. Больше Астапора и Юнкая вместе взятых, обнесённый высокими стенами, город неприступен... был, до того, как сюда пришла я. Пусть делают что хотят, пусть сжигают поля и отравляют колодцы на моём пути, это не поможет им победить дракона.\n\nМеня шокировало известие о том, что Арстан Белобородый на самом деле - Барристан Селми, бывший королевским гвардейцем у моего отца и у узурпатора. Он рассказал мне о том, что Джорах был доносчиком Вариса. Они оба предали меня и мою семью, но ни одного из них я не хочу предать смерти. Вместо этого я отправлю их на самоубийственное задание в Миэрин... Надеюсь, они там и сгинут.;x;;;;
EVTDESCclash_of_kings.58;Мой поход за принадлежащим мне по праву Железным троном провалился, столкнувшись с мощью Залива Работорговцев. А как хорошо все начиналось…;x;;;;
EVTOPTAclash_of_kings.57;Мои драконы…;x;;;;
EVTTITLEclash_of_kings.59;Мой племянник?;x;;;;
EVTDESCclash_of_kings.59;После долгого и опасного путешествия по морю, Бельвас-силач довозит меня до Пентоса. Иллирио забирает меня и моих спутников в свой особняк, где принимает нас с вежливостью и почтением. Но мы оба знаем, что это не просто очередной пир.\n\nВскоре он объясняет мне свой план. Он заявляет, что мой племянник Эйгон жив, хоть все и считают его убитым псами узурпатора годы назад. Видимо, он рос здесь, на Востоке, пока не стал достаточно взрослым, чтобы начать свою кампанию. Теперь настало время, говорит Иллирио. Моего племянника поддерживают Золотые Мечи, а у меня есть драконы. Он предлагает мне выйти за моего племянника, а Золотой отряд и Пентос помогут мне с вторжением в Вестерос и захватом Железого Трона.;x;;;;
EVTOPTAclash_of_kings.59;Похоже, у меня нет выбора.;x;;;;
false_visions_1;Ложные видения;x;;;;
false_visions_2;Ложные видения;x;;;;
false_visions_3;Ложные видения;x;;;;
insight_into_the_past_1;Видения прошлого;x;;;;
insight_into_the_past_2;Видения прошлого;x;;;;
insight_into_the_past_3;Видения прошлого;x;;;;
prophesied_future_1;Пророчество о будущем;x;;;;
prophesied_future_2;Пророчество о будущем;x;;;;
prophesied_future_3;Пророчество о будущем;x;;;;
EVTDESCclash_of_kings.912;Вы всегда подозревали, что ваш придворный [From.GetFirstName] более важен, чем кажется, а теперь это подтвердилось - [From.GetSheHe] никто ин[From.GetAyaOy], как [From.GetFirstName] Старк, [From.GetSonDaughter] покойного Эддарда Старка. [From.GetSheHeCap] долго счита[From.GetLasLsya] умерш[From.GetEyIm], но теперь некоторые считают, что [From.GetSheHe] может сплотить Север и поднять его ради новых славных побед.;x;;;;
EVTOPTAclash_of_kings.912;Надо бы это как-то использовать.;x;;;;
EVTDESCclash_of_kings.913;[Root.PrimaryTitle.GetFOA], мы получили сообщение из города [From.Capital.GetName]. Говорят, юн[FromFrom.GetAyaYy] [FromFrom.GetManWoman]а, заявивш[FromFrom.GetAyaIy], что [FromFrom.GetSheHe] - [FromFrom.GetFirstName] Старк, [FromFrom.GetSonDaughter] покойного Эддарда Старка, считавш[FromFrom.GetAyaIy]ся мёртв[FromFrom.GetOyYm].;x;;;;
EVTOPTAclash_of_kings.913;Вознести молитвы [Root.Religion.GetRandomGodName]!;x;;;;
DANYUNSULLIED;К вам присоединяются Безупречные Астапора\n;x;;;;
e_north_dummy;Север.;x;;;;
EVTDESCclash_of_kings.100;Чтобы нанести настоящий удар Старкам и заставить отца гордиться собой, я должен разграбить Винтерфелл и устранить наследников Робба.;x;;;;
EVTOPTAclash_of_kings.100;Позорно, что дошло до такого;x;;;;
EVTDESCclash_of_kings.40;До вас дошла новость, что Теон, человек, которого вы когда-то назвали своим другом, совершил немыслимое - разграбил Винтерфелл и убил Брана и Рикона! У меня больше нет наследников-братьев, а отдавать наследство в руки сестры не могу. Если я погибну, то никто не сможет отомстить за моего отца, однако у меня еще есть брат Джон, которому я доверяю. Я мог бы легитимизировать его как своего наследника, хоть это противоречит совету моей матери.;x;;;;
EVTOPTAclash_of_kings.40;Джон сильный и благородный, он должен быть моим наследником;x;;;;
EVTOPTBclash_of_kings.40;Мама права, люди не пойдут за бастардом;x;;;;
TOOLTIPjon_clash_of_kings.40;Джон будет проинформирован о том, что он теперь истинный Старк;x;;;;
TOOLTIPvassals_clash_of_kings.40;Ваши вассалы осудят ваш выбор\n;x;;;;
EVTDESCclash_of_kings.41;Дорогой брат\nКак Король Севера, я решил легитимизировать вас как истинного сына покойного Лорда Эддарда Старка. Ты теперь наследник Королевства Север, в случае моей смерти ты унаследуешь мои звания и титулы. Я также освобождаю тебя от клятв Ночного Дозора и приглашаю  присоединиться ко мне.\nПодпись,\nРобб из Дома Старков, Король Севера;x;;;;
EVTOPTAclash_of_kings.41;Я направляюсь на юг;x;;;;
EVTOPTBclash_of_kings.41;Мой долг обязует меня остаться в Ночном Дозоре, он и без меня будет в порядке;x;;;;
EVTDESCclash_of_kings.42;Вы были проинформированы, что [From.GetTitledFirstName] постановил, что его брат-бастард, Джон Сноу, узаконен как истинный сын покойного Эддарда Старка и наследник Королевства Севера в случае его смерти.;x;;;;
EVTOPTAclash_of_kings.42;Преемственность гарантирована!;x;;;;
EVTOPTBclash_of_kings.42;Что это?! Бастард не может наследовать!;x;;;;
EVTDESCAclash_of_kings.43;Дорогой брат\n Мне было бы очень приятно присоединиться к тебе в на юге, чтобы помочь отомстить за гибель Брана, Рикона и отца. Я поведу свою армию и сражаться за справедливость и честь нашего дома!;x;;;;
EVTDESCBclash_of_kings.43;Дорогой брат\n С тяжелым сердцем я вынужден отклонить ваше предложение присоединиться к вам, мой долг - остаться с Ночным Дозором и я не могу отказаться от моей клятвы даже для вас. Желаю вам удачи и уверен, что вы сможете победить в этой войне без меня.;x;;;;
EVTOPTAclash_of_kings.43;Преемственность соблюдена, теперь надо выиграть войну;x;;;;
EVTOPTBclash_of_kings.43;Когда придет время, я знаю, что он сделает все что необходимое;x;;;;
EVTDESCclash_of_kings.44;Вам сообщили, что ваш брат Робб умер, перед смертью он решил, что вы должны быть его наследником... Вы желаете принять этот титул или остаться братом Ночного Дозора?;x;;;;
EVTOPTAclash_of_kings.44;Я буду чтить моего брата и пойду сражаться за его память;x;;;;
EVTOPTBclash_of_kings.44;Я не могу нарушить свои клятвы;x;;;;
EVTTITLEclash_of_kings.45;Король-бастард;x;;;;
EVTDESCclash_of_kings.45;Перед смертью Робб Старк, Король Севера, постановил, что его брат-бастард, Джон Сноу, будет назван его наследником. После того как король Робб погиб, Джон Сноу вернулся в Винтерфелл, принял титул короля Севера и поклялся продолжать борьбу, чтобы отомстить за смерть своего отца и стать действительно достойным своего титула!;x;;;;
EVTOPTAclash_of_kings.45;Король Севера! Король Севера!;x;;;;
EVTOPTBclash_of_kings.45;Бастард умрет;x;;;;
EVTOPTCclash_of_kings.45;Бастард - король? В какое странное время мы живем...;x;;;;
EVTOPTDclash_of_kings.20;Еще один король...;x;;;;
EVTTITLEclash_of_kings.46;Роза и Волк;x;;;;
EVTDESCclash_of_kings.46;Ренли Баратеон умер, и Маргери Тирелл, которая была его королевой, по-прежнему желает королевского альянса. [From.GetTitledFirstName] направил посланника с предложением обвенчать наши дома. Наше богатство и могущество, несомненно, приведут к крушению Ланнистеров.;x;;;;
EVTOPTAclash_of_kings.46;Роза и Волк должны быть едины;x;;;;
EVTOPBclash_of_kings.46;Нет, своего они будут добиваться сами;x;;;;
EVTOPCclash_of_kings.46;Нет, [Spouse.GetFirstName] - моя любовь;x;;;;
EVTOPTBclash_of_kings.5200;Я передумала, я приму предложение Ксаро!;x;;;;
EVTOPTBclash_of_kings.5400;В самом деле, я должна обосноваться здесь и править;x;;;;
EVTTITLEclash_of_kings.60;Рабы с Нефритового моря;x;;;;
EVTDESCclash_of_kings.60;Несколько последних месяцев я провела вместе с Ксаро, путешествуя по Нефритовому морю, посещая экзотические города и местных правителей. По пути мой муж приобретал множество рабов и дарил мне множество красивых и сильных слуг, так что моя личная свита сильно разрослась. Однако, я была свидетельницей работорговли, и мне претит это - как можно владеть человеком?;x;;;;
EVTOPTAclash_of_kings.60;Это варварство должно быть остановлено!;x;;;;
EVTOPTBclash_of_kings.60;К сожалению, это образ жизни Востока…;x;;;;
EVTDESCclash_of_kings.61;Старик по имени Белобородый служил в вашей свите несколько месяцев, но оказалось, что он не просто старик. Он назвал себя Барристаном Смелым, уволенным из Гвардии узурпатора! Барристан попросил простить его за сокрытие и говорит вам, что он будет служить Вам, если примите его.;x;;;;
EVTOPTAclash_of_kings.61;Сир Барристан, я принимаю Вашу службу;x;;;;
EVTOPTBclash_of_kings.61;Я не приму к себе собак узурпатора!;x;;;;
EVTDESCclash_of_kings.62;Уже почти восход солнца, ночное небо медленно меняется от темно-черного до фиолетового и пурпурного-красного на восточном горизонте, вызывая мысли о моем брате и предстоящем сражении. 'Это был его выбор', - продолжаю я. - 'Он выбрал путь войны, так что я сокрушу его сегодня, а затем Ланнистеров и всех остальных, кто отрицает мое право на Железный Трон'. 'Ваша Светлость'. - Я слышу голос леди Кейтилин. - 'Вы дали мне слово'. Я приказываю другим лордам выйти и готовиться к битве. Я не хочу слышать их разговоры, сейчас мне нужно спокойствие. Только леди Кейтилин не двигается, просто смотрит на меня своими голубыми глазами, наполненными решимостью. Я знаю, что она скажет, и я уже знаю ответ, который я ей дам. Я не передумаю так легко. Она начинает объяснять предложение своего сына. Мир со Станнисом, отказавшись от короны? Великий Совет? Я тихо вздыхаю и чуть улыбаюсь. Я мог бы посмеяться над ней, но не стану.;x;;;;
EVTOPTAclash_of_kings.62;Не для короля;x;;;;
EVTDESCclash_of_kings.63;'Время для разговоров вышло. Теперь мы увидим, кто сильнее' - я говорю ей, пока Леди Бриенна, мой гвардеец, помогает мне надеть доспех. 'Прошу Вас, во имя Матери...' - начинает Леди Старк. Я готов прервать ее, издеваться над ней, глупой женщиной, которая не понимает, что это значит, но что-то странное происходит. Я замечаю колебание воздуха внутри палатки. Внезапно сильный удар ветра яростно открывает дверь палатки и двигает ее стены. Он становится холодным, свечи начинают мерцать, заставляя тени танцевать на шелковистых зеленых стенах палатки. Я слышу голос леди Кейтилин и звон доставаемого меча леди Бриенны. Я положил правую руку на рукоять своего оружия, но потом заметил, что что-то движется ко мне. Тень в человеческой форме с черным лезвием в руке...;x;;;;
EVTOPTAclash_of_kings.63;Помогите!;x;;;;
EVTOPTBclash_of_kings.63;Как холодно...;x;;;;
EVTDESCclash_of_kings.64;... и тогда чьи-то руки отталкивают меня назад. Я шатаюсь и падаю, мои доспехи звенят от силы. Я слышу боевой клич леди Бриенны, когда она поднимает меч и пытается поразить теневого монстра, но клинок прорезает его, как будто таинственная фигура была сделана из воздуха. Леди Старк начинает кричать. Я пытаюсь посмотреть на лицо монстра, но я не вижу ничего. Окаменевший, я вижу, что он поднимает черное лезвие и атакует леди Бриенну со скоростью далеко за пределами способностей обученного рыцаря. Она пытается парировать меч тени, но она слишком медленная. Я восстанавливаю контроль над своим телом, поворачиваюсь и пытаюсь покинуть место. Я слышу хрип леди Бриенны, но я не уверен, что она была убита или только ранена. Мне нужно спрятаться, мне нужно убежать, я...;x;;;;
EVTOPTAclash_of_kings.64;...прячусь под стол, надеясь, что кто-то придет, чтобы спасти меня;x;;;;
EVTOPTBclash_of_kings.64;...ползу к стене палатки, надеясь сбежать.;x;;;;
EVTDESCclash_of_kings.65;Я остался под столом и стараюсь не шевелиться, опасаясь звона доспехов. Я вижу, как тень крутится вокруг моего укрытия, ища меня. Я до сих пор не понимаю, что происходит, но это, безусловно, связано с магией. Я чувствую, как дрожат руки. Монстр перестает двигаться, словно пытается просчитать ситуацию, а затем ныряет под стол, появляясь прямо передо мной. Время замирает на миг, и я вижу лицо тени. Я замечаю болезненное сходство с моим братом, Станнисом. Монстр пронзает мечом мое горло. Лезвие очень холодное, и я чувствую, что мое тело замерзает. Горячая кровь льется на мою позолоченую броню Баратеонов. Тень исчезает. Я падаю на спину и, прежде чем закрываю глаза, в моей голове появляется одна мысль:;x;;;;
EVTOPTAclash_of_kings.65;Ночь темна и полна ужасов;x;;;;
EVTDESCclash_of_kings.66;Я стараюсь как можно быстрее добраться до стены палатки, но мои ноги не слушаются, и я боюсь двигаться. Я до сих пор не понимаю, что происходит, но это, безусловно, связано с магией. Я поворачиваю голову, и я понимаю, что монстр близок, очень близок. Я положил руку на что-то скользкое и потерял равновесие, почувствовал, как холод исходит от тела тени. Я медленно начинаю принимать свою судьбу..\nМонстр поднимает черный меч, но я чувствую что-то под моей правой рукой, что-то тонкое и мягкое. Шелковая ткань от палатки. Я быстро поднимаю ее, позволяя утреннему солнечному свету проникнуть внутрь. Теплый свет солнца касается лица тени, и я замечаю некоторое сходство с моим братом, Станнисом. Монстр замирает на секунду и начинает кричать, его голос высокий и очень громкий. Затем он исчезает, превращаясь в облако тумана. Я громко выдыхаю, чувствуя, как пот капает мне на лицо. Я выжил.;x;;;;
EVTOPTAclash_of_kings.66;Ужасы ночи умирают при дневном свете.;x;;;;
EVTDESCclash_of_kings.67;Тело любимого короля Ренли из дома Баратеонов лежит холодным на земле. Некоторые говорят, что он был убит женщиной-воином, которой он слишком доверял, некоторые говорят, что это была темная магия, которая закончила жизнь мальчика. На данный момент это не имеет значения. Король, которого я поддерживал, мертв, его дело провалилось, его война проиграна задолго до ее начала, и теперь я должен выбрать еще раз. Чье имя должны кричать мои знаменосцы, когда идут в бой?;x;;;;
EVTOPTAclash_of_kings.67;Я подниму знамена за лорда Станниса Баратеона.;x;;;;
EVTOPTBclash_of_kings.67;Тиреллы были моими лордами на протяжении веков, я с ними;x;;;;
EVTOPTCclash_of_kings.67;Игра престолов намного опаснее, чем я думал. Возможно, если я никого не поддержу, никто не убьет меня.;x;;;;
EVTTITLEclash_of_kings.62;Перед Рассветом;x;;;;
EVTOPTBclash_of_kings.913;[FromFrom.GetSheHeCap], должно быть, самозванец;x;;;;
EVTDESCAclash_of_kings.70;Робб Старк нарушил свою помолвку с моим Домом и женился на какой-то западной шлюхе, женщине, которая находится на стороне его противника! Это серьезное оскорбление для нашего Дома не может пройти безнаказанным ...;x;;;;
EVTDESCBclash_of_kings.70;Робб Старк нарушил свою помолвку с моим Домом, чтобы и дальше наслаждаться с простыми девками! Это серьезное оскорбление для нашего Дома не может пройти безнаказанным ...;x;;;;
EVTOPTAclash_of_kings.70;Королю надо преподать урок, послать ворона Ланнистерам...;x;;;;
EVTOPTBclash_of_kings.70;Брака с одним из его родственников или знаменосцев будет достаточно;x;;;;
EVTOPTCclash_of_kings.70;Я проклинаю его, да, но больше я ничего не могу сделать;x;;;;
TOOLTIPacok_red_wedding_proposal;Вы должны послать ворона Тайвину Ланнистеру, предлагая убить Робба и его знаменосцев на свадьбе, которую вы принимаете под видом примирения дома Старков и Фреев.;x;;;;
TOOLTIPred_wedding_frey_demands;В обмен на прекращение войны дом Фреев потребует следующее:\nЗащиту короной Дома Фреев.\nРиверран будет отдан Эммону Фрею.\nСир Лансель Ланнистер женится на одной из девушек Фреев.\nБудет заключён брак между Фреями и сиром Даваном Ланнистером.\nБудет заключён брак между бастардом-Фреем и Джой Хилл.\n;x;;;;
TOOLTIPacok_frey_marriage_proposal;Предложите брак между домом Фреев и домом Старков или могущественными вассалами короля и их семьей в обмен на лояльность Фреев и их верность Королю Севера;x;;;;
EVTDESCclash_of_kings.71;[Root.GetTitledFirstName], я прихожу к вам с предложением помочь вам закончить эту войну, убив Робба Старка и его знаменосцев на свадьбе, которую я проведу под видом примирения дома Старков и Фреев, если вы согласитесь на это предложение, мне потребуется защита короны, а также достойная награда.:;x;;;;
EVTOPTAclash_of_kings.71;Это хорошая идея, хотя нам понадобится помощь;x;;;;
EVTOPTBclash_of_kings.71;Этот план глуп и безрассуден, Уолдеру Фрею нельзя доверять;x;;;;
TOOLTIPred_wedding_bolton_offer;Вы должны попросить лорда Русе Болтона помочь Уолдеру Фрею в его заговоре в обмен на награждение его следующим:\nРусе Болтон будет объявлен Хранителем Севера.\nРамси Сноу будет узаконен и женится на Арье Старк;x;;;;
EVTDESCclash_of_kings.72;Когда финальные части вашего плана встанут на место вместе с поддержкой Тайвина Ланнистера, вы готовы отправить свое предложение о свадьбе, чтобы примирить ваши дома с Роббом Старком.;x;;;;
EVTOPTAclash_of_kings.72;Прекрасный сезон для свадеб...;x;;;;
EVTDESCclash_of_kings.73;Тайвин Ланнистер глупо отклонил ваше предложение! Он явно не тот человек, чтобы сделать то, что должно быть сделано, чтобы закончить эту войну, независимо от этого... у вас есть еще одна свадьба, хотя и без пользы для него!;x;;;;
EVTOPTAclash_of_kings.73;Может, Робб Старк согласится на брак...;x;;;;
EVTOPTBclash_of_kings.73;Почему ничто не идёт так как я хочу!;x;;;;
EVTDESCclash_of_kings.74;[Root.GetTitledFirstName], я пришел к Вам с предложением. Если вы поможете лорду Уолдеру Фрею и мне закончить эту войну, убив Робба Старка и его знаменосцев на свадьбе под видом примирения домов Старков  и Фреев, вы будете вознаграждены тем, что станете Хранителем Севера, а ваш сын Рамси Сноу будет узаконен, а также вступит в брак с Арьей Старк.;x;;;;
EVTOPTAclash_of_kings.74;Это отличная возможность для дома Болтонов, я принимаю;x;;;;
EVTOPTBclash_of_kings.74;Как бы я хотел... это слишком рискованно;x;;;;
EVTDESCclash_of_kings.75;"Лорд Тайвин, любезно принимаю ваше предложение. Я помогу Уолдеру Фрею в его 'свадьбе'.";x;;;;
EVTOPTAclash_of_kings.75;Он знает, где победа;x;;;;
TOOLTIPred_wedding_bolton_joins;сообщается, что лорд Русе Болтон присоединится к вашим планам.;x;;;;
EVTDESCclash_of_kings.76;Лорд Тайвин, как бы мне ни хотелось принять ваше предложение... это слишком рискованно.;x;;;;
EVTOPTAclash_of_kings.76;Ба! Он глуп!;x;;;;
EVTDESCclash_of_kings.77;Лорд Уолдер, [FromFrom.GetTitledFirstName] согласился присоединиться к нашему заговору в убийстве Робба Старка и поможет нам в создании и осуществлении планов.;x;;;;
EVTOPTAclash_of_kings.77;Это сделает вещи проще;x;;;;
EVTDESCclash_of_kings.78;[Root.GetTitledFirstName], я предлагаю брак между нашими домами или одним из ваших влиятельных знаменосцев в качестве извинения за то, что вы сделали против моего дома. В обмен на это, дом Фреев снова поклянется в верности Вам как Королю Севера.;x;;;;
EVTOPTAclash_of_kings.78;Конечно, я никогда не предполагал, что это будет просто для него!;x;;;;
TOOLTIPstark_frey_marriage;[frey_marriage_target.GetTitledFirstName] [frey_marriage_target.GetOnlyDynastyName] и [stark_marriage_target.GetTitledFirstName] [stark_marriage_target.GetOnlyDynastyName] вступят в брак.\n;x;;;;
TOOLTIPfrey_troops;Лорд Уолдер предоставит войска и огромный подарок золотом для вас.\n;x;;;;
EVTOPTBclash_of_kings.78;Он осмеливается просить меня после того, как нарушил клятву?!;x;;;;
EVTTITLEclash_of_kings.79;Свадьба;x;;;;
EVTDESCclash_of_kings.79;Приятная нормальная свадьба;x;;;;
EVTOPTAclash_of_kings.79;Какая прекрасная свадьба!;x;;;;
EVTTITLEclash_of_kings.80;Красная свадьба;x;;;;
EVTDESCclash_of_kings.80;О БОЖЕ, НЕ КРАСНАЯ СВАДЬБА;x;;;;
EVTOPTAclash_of_kings.80;НЕЕЕЕЕЕЕЕЕТ!!!!!!;x;;;;
EVTDESCclash_of_kings.3699;Я заявляю, что мой брат Роберт не оставил законорожденных отпрысков. Джоффри, Томмен и Мирцелла являются результатом мерзкой кровосмесительной связи между Серсеей Ланистер и Сиром Джейме Цареубийцей. По праву рождения и крови я претендую на Железный трон, пусть все настоящие мужи объявят о своей лояльности мне.\n Подпись, [From.GetFirstName] из Дома [From.GetOnlyDynastyName], именуемый первым, Король Андалов, Ройнар, Первых Людей, и Лорд Семи Королевств.;x;;;;
EVTOPTAclash_of_kings.3699;Я их законный король, но они отрекутся от меня, если они смогут;x;;;;
EVTTITLEclash_of_kings.90;Кракен и Ворона;x;;;;
EVTDESCclash_of_kings.91;Услыхав о Короне из плавника, возложенной на голову Грейджоя, мой брат Эурон, к удивлению, решил поддержать мою претензию. Вороний Глаз привёл корабли с закаленными воинами и наполненные сокровищами из руин старой Валирии, или так он утверждает. Он был изгнан с Железных островов по моему указу за совершение преступлений против собственной крови…;x;;;;
EVTOPTAclash_of_kings.91;...но армия есть армия. Я приветствую его хлебом и солью и забуду всё, что он когда-либо делал.;x;;;;
EVTOPTBclash_of_kings.91;...и я никогда этого не забуду. Стража! Арестуйте этого человека и конфискуйте его золото!;x;;;;
EVTDESCclash_of_kings.92;Бурю, которая сейчас свирепствует над Железными островами, не помнят даже самые старейшие налётчики - тёмное чудовище, наполненное яростью, беспощадно бросающее клинки огней в скалы, которые мы сделали своим домом. Ветер дергает мой плащ, проливной дождь льёт на мое лицо, как тысяча крошечных стрел. Я бормочу проклятия и продолжаю переходить мост между башнями. Я обхватываю руку мокрой веревкой, стараясь удержать равновесие, заставляя себя не смотреть на острые камни под мостом. На полпути я чувствую странное ощущение на затылке, знак того, что кто-то идет за мной. Я делаю глубокий вдох и оборачиваюсь, но ничего не вижу. Я прищуриваю глаза и вижу... тень... кто-то подходит всё ближе и ближе, лезвие в руке. Оружие поднимается и я…;x;;;;
EVTOPTAclash_of_kings.92;Ааааааааааа!;x;;;;
EVTOPTBclash_of_kings.92;...достаю своё оружие и вступаю в бой.;x;;;;
TOOLTIPclash_of_kings.92;Эурон захватывает Пайк и Лордпорт;x;;;;
EVTDESCclash_of_kings.93;'Иди сюда, ублюдок!' Я кричу и раню своего врага. Человек высокий и сильный, и почти неестественно молчаливый, я не вижу лица под его тяжёлым капюшоном. Я вздыхаю с облегчением, когда понимаю, что враг на самом деле человек или, по крайней мере, что-то материальное, а не какая-то темная магия или морской демон. Наше оружие сталкивается в фонтане искр, и мы продолжаем танцевать среди огней, громы сотрясают землю. Через несколько секунд я понимаю, что мой противник лучше меня, быстрее, так же быстр, как ветер, как драккар в море. Его движения плавные, он не колеблется. Вскоре я обнаруживаю, что только блокирую, а не атакую. Мой враг поднимает свой клинок, и я…;x;;;;
EVTOPTAclash_of_kings.93;...пробую ударить по его кишкам, теперь, когда они раскрыты.;x;;;;
EVTOPTBclash_of_kings.93;... нырну под руку и выйду за спину.;x;;;;
EVTDESCclash_of_kings.94;Я делаю сильный удар, прекрасно зная, что это мой последний шанс в поединке. Противник тихо посмеивается и внезапно меняет направление, в котором направлялся его клинок. Сталь была яркой, отражая свет еще одной молнии, которая разорвала небо над нами. Все так медленно, как будто время почти остановилось, лезвие опускается, пронзая моё горло. Я пытаюсь перевести дыхание, но не могу. Рана щиплет, когда я кладу руку на разорванную плоть шеи, теплая кровь течет сквозь пальцы. Я шатаюсь назад, чувствуя, что колени слабеют. Голова кружится, и вдруг я чувствую, что падаю, падаю…;x;;;;
EVTOPTAclash_of_kings.94;Я принимаю море, как тьма овладевает моим разумом;x;;;;
EVTDESCclash_of_kings.95;Я быстро ныряю под руку соперника и с удовлетворенияем понимаю, что он этого не ожидал. Он озадачен только на секунду, но этого достаточно для меня и моего оружия. Я вонзаю клинок в его позвоночник прежде, чем мой враг успевает развернуться. Я слышу резкий вздох, доносящийся из его скрытого рта. Его клинок падает прямо в голодное чёрное море. Вскоре последовал и его хозяин, отшатнувшись назад и упав, с широко раскрытыми от шока глазами. Я тяжело выдыхаю и сплёвываю, проклиная всех, кто пытался меня убить. Кто бы это ни был, он должен был знать, что...;x;;;;
EVTOPTAclash_of_kings.95;То, что мертво, умереть не может.;x;;;;
EVTDESCclash_of_kings.97;Я, Эурон из дома Грейджоев, претендую на Трон из морского камня и Корону из плавника, восходя как следующий Железный король Железных островов вслед за моим покойным братом Бейлоном. Преклоните колени и подойдите к моим кораблям, на которых мы поплывем ради славы, золота и прекрасных моских жён. Я обещаю вам - вместе мы заставим мир бояться железнорожденных, как в старых сказках. Мы заставим их дрожать при виде наших парусов. \n И мы заставим моря покраснеть от крови. Любой, кто не поклянется мне в верности, умрет. \n Выбирайте с умом.;x;;;;
EVTOPTAclash_of_kings.97;Я плюю на его пустые обещания!;x;;;;
EVTOPTBclash_of_kings.97;Я поплыву вместе с нашим новым королём! Ради славы!;x;;;;
EVTDESCclash_of_kings.501B;После смерти Джоффри Томмен стал королём, и были составлены планы, чтобы он женился на Маргери Тирелл вместо Джоффри. Пока он ещё мальчик, Семь Королевств управляются благородной величественной королевой Серсеей и ее способным советом, готовым одержать победу в войнах, которые все еще опустошают Вестерос.;;;;;
EVTOPTBclash_of_kings.501;Дом Ланнистеров восторжествует;;;;;
EVTOPTCclash_of_kings.501;Я из дома Баратеонов!;;;;;
EVTOPTDclash_of_kings.501;Во мне кровь двух великих домов!;;;;;
