skin_decision;Сдирать живьем кожу с персонажа [Root.GetTitledFirstName];x;;;;;;;;;;;;;;;;
drown_decision;Топить пленника;x;;;;;;;;;;;;;;;;
skin_decision_desc;Болтоны славятся своими пытками, [Root.GetTitledFirstNameWithDynastyAndTitleNoRegnal] может узнать это на своей шкуре. Мучительная смерть, несомненно будет предупреждением нашим врагам.;x;;;;;;;;;;;;;;;;
drown_decision_desc;Утонувший Бог благосклонно смотрит на жертвоприношения. [Root.GetTitledFirstNameWithDynastyAndTitleNoRegnal] будет связан[Root.GetEndA] и оставлен[Root.GetEndA] на песке во время отлива, Утонувший Бог во время прилива заберет [Root.GetHerHis] на дно моря.;x;;;;;;;;;;;;;;;;
TOOLTIPINCREASETYRANY1;Ваш уровень тирании вырос на один пункт.\n;x;;;;;;;;;;;;;;;;
TOOLTIPINCREASETYRANY2;Ваш уровень тирании вырос на два пункта.\n;x;;;;;;;;;;;;;;;;
EVTDESC509128;Болтоны имеют давнюю традицию снятия кожи со своих врагов, [From.GetTitledFirstNameWithDynastyAndTitleNoRegnal] может узнать это на своей шкуре, таким образом мы дадим [From.GetHerHim] умереть жуткой смертью и заставим наших врагов бояться нас.;x;;;;;;;;;;;;;;;;
EVTOPTA509128;Да, мы так и поступим;x;;;;;;;;;;;;;;;;
EVTOPTB509128;Нет, я дарую [From.GetHerHim] быструю смерть;x;;;;;;;;;;;;;;;;
EVTDESC50028;В вашем Роду есть прекрасная традиция пыток, и [FromFrom.GetTitledFirstName] не избежал[FromFrom.GetEndA] этой участи! Когда вы снимали кожу живьем с н[FromFrom.GetHerHis], жуткие крики были слышны во всем замке. Зато теперь страх наших врагов рбеспечен. а [FromFrom.GetOnlyDynastyName] поделил[FromFrom.GetLasLsya] отличной кожей...;x;;;;;;;;;;;;;;;;
EVTOPTA50028;Это научит их.;x;;;;;;;;;;;;;;;;
EVTDESC50029;Дверь вашей сырой клетки открывается, в нее заходит палач с жуткой улыбкой на лице. Он принес с собой набор ржавых, но при этом смертельно острых лезвий, и произносит '[From.GetTitledFirstName] приказал[From.GetEndA] снять с вас кожу живьем, как предупреждение врагам Дома [From.GetOnlyDynastyName]'. Мучительная долгая смерть...;x;;;;;;;;;;;;;;;;
EVTOPTA50029;Нет! Дайте мне умереть быстро!;x;;;;;;;;;;;;;;;;
flayed;Снятая Кожа.;x;;;;;;;;;;;;;;;;
flayed_desc;Этот персонаж встретил свою кончину в страшных муках, когда с него снимали кожу.;x;;;;;;;;;;;;;;;;
EVTDESC5000028;У вас был[FromFrom.GetEndA] юн[FromFrom.GetAyaYy] [FromFrom.GetFirstNameWithDynasty], с котор[FromFrom.GetOyOgo] сняли кожу, неужели ваша жестокость не знает границ?;x;;;;;;;;;;;;;;;;
EVTOPTA5000028;Дети не застрахованы от моего правосудия.;x;;;;;;;;;;;;;;;;
EVTDESC50030;Вы приказали, чтобы [FromFrom.GetTitledFirstName] был[FromFrom.GetEndA] принесен[FromFrom.GetEndA] в жертву Утонувшему Богу, который, несомненно, благословит нас. Мы привязали [FromFrom.GetHerHis] на берегу во время отлива, пусть прилив медленно заберет [FromFrom.GetHerHis]. Пленник упирался, боролся, умолял, но тщетно, Утонувший Бог забрал его.;x;;;;;;;;;;;;;;;;
EVTOPTA50030;То, что мертво, умереть не может;x;;;;;;;;;;;;;;;;
EVTDESC50031;Последователи Утонувшего Бога беспощадны. [From.GetTitledFirstName] приказал[From.GetEndA] привязать вас на берегу во время отлива. Вы корчились и боролись, пока вода постепенно подступала. Ваша паника утихла, когда вы сдались и вода заполнила ваши легкие...;x;;;;;;;;;;;;;;;;
EVTOPTA50031;Я был[GetEndA] принесен[GetEndA] в жертву!;x;;;;;;;;;;;;;;;;
EVTDESC50032;В Высоком Зале Орлиного Гнезда есть два отверстия, называемых Лунными Дверями, за ними нет ничего, кроме 600 футов пустоты. Осужденн[FromFrom.GetAyaYy] [FromFrom.GetTitledName] будет выброшен[FromFrom.GetEndA] во время своей казни.;x;;;;;;;;;;;;;;;;
EVTOPTA50032;Я хочу видеть как [From.GetSheHe] летит!;x;;;;;;;;;;;;;;;;
EVTOPTB50032;Нет, я дам умереть быстро.;x;;;;;;;;;;;;;;;;
EVTDESC50033;В вашей небесной камере вы ждали своей участи. Палач наконец тянет вас в Высокий Зал Орлиного Гнезда, где [From.GetTitledFirstName] сидит высоко на своём резном троне. [From.GetSheHeCap] просто кивает и Лунная дверь открывается, обнажая 600 футов пустоты. Стражники выбрасывают вас в Лунную Дверь...;x;;;;;;;;;;;;;;;;
EVTOPTA50033;Кажется, я не умею летать…;x;;;;;;;;;;;;;;;;
EVTDESC50034;На Севере говорят, что тот, кто выносит приговор, сам заносит меч, может [FromFrom.GetTitledName] выслушает мое предложение?;x;;;;;;;;;;;;;;;;
EVTOPTA50034;Да, такова традиция!;x;;;;;;;;;;;;;;;;
EVTOPTB50034;Это слишком ужасно для меня.;x;;;;;;;;;;;;;;;;
EVTTOOLTIP50033;выброшен[_] в Лунную дверь.\n;x;;;;;;;;;;;;;;;;
EVTTOOLTIP50035;обезглавлен[_] вами\n;x;;;;;;;;;;;;;;;;
TOOLTIPexperienced_beheader;Вы станете опытным палачом, больше на нарушая свой долг.\n;x;;;;;;;;;;;;;;;;
opinion_flayed_kin;Родственни[__к] с содранной кожей;x;;;;;;;;;;;;;;;;
opinion_flayed_lover;Любовни[__к] с содранной кожей;x;;;;;;;;;;;;;;;;
opinion_flayed_friend;Друг с содранной кожей;x;;;;;;;;;;;;;;;;
opinion_flayed_child;Ребенок с содранной кожей.;x;;;;;;;;;;;;;;;;
weirwood_decision;Пожертвовать Чардреву;x;;;;;;;;;;;;;;;;
weirwood_decision_desc;Если мы решим казнить персонажа [Root.GetTitledFirstNameWithDynastyAndTitleNoRegnal], то необходимо притащить [Root.GetHerHis] к Чардреву, и перерезать  горло, как знак подношения Старым Богам.;x;;;;;;;;;;;;;;;;
EVTDESC50036;Вы решили, что [From.GetTitledFirstName] долж[From.GetNaEn] быть принесен[From.GetEndA] в жертву Старым Богам для получения их благосклонности. Вы притащили [From.GetHerHis] в Богорощу и перерезали горло.;x;;;;;;;;;;;;;;;;
EVTOPTA50036;Это должно быть сделано;x;;;;;;;;;;;;;;;;
EVTDESC50037;Последователи Старых Богов могут быть жестокими. Благочестивый человек [FromFrom.GetTitledFirstName] постановил, что вы будете умерщевлены перед Чардревом Старых Богов. Вас вытащили на поляну и заставили встать на колени перед великим белым деревом с красными листьями и перерезали вам горло.;x;;;;;;;;;;;;;;;;
EVTOPTA50037;Я был[GetEndA] принесен[GetEndA] в жертву!;x;;;;;;;;;;;;;;;;
crucified;Распят[_ый];x;;;;;;;;;;;;;;;;
crucified_desc;Этот персонаж был распят на кресте.;x;;;;;;;;;;;;;;;;
EVTDESC50054;Осужденн[FromFrom.GetAyaYy] [FromFrom.GetTitledFirstName] выведеен[FromFrom.GetEndA] наружу, где [FromFrom.GetSheHe] был[FromFrom.GetEndA] привязан[FromFrom.GetEndA] к кресту. [FromFrom.GetSheHeCap] пронзительно кричит, когда ваш тюремщик прибивает [FromFrom.GetHerHis] к дереву и оставляет на солнцепеке, где [FromFrom.GetSheHe] умрет от мучительной смерти.;x;;;;;;;;;;;;;;;;
EVTOPTA50054;Да, это будет предупреждением;x;;;;;;;;;;;;;;;;
EVTOPTB50054;Я подарю милосердную смерть;x;;;;;;;;;;;;;;;;
EVTDESC50055;Пришел ваш тюремщик. Прежде чем потащить вас на крест, он надевает вам мешок на голову. Вы не понимаете что происходит, чувствуете боль в ногах и суставах, когда вас гвоздями приколачивают к кресту...;x;;;;;;;;;;;;;;;;
EVTOPTA50055;Вы не просто так оставили меня здесь… верно?;x;;;;;;;;;;;;;;;;
snu_snu;Сну-Сну;x;;;;;;;;;;;;;;;;
snu_snu_desc;Этот персонаж умер от Сну-Сну;x;;;;;;;;;;;;;;;;
EVTDESC50056;Вы хотите чтобы многие женщины отправлялись в камеру к персонажу [FromFrom.GetTitledFirstName] для совершения священного акта Сну-Сну? Суровое наказание, но эффективное.;x;;;;;;;;;;;;;;;;
EVTOPTA50056;Никто не сможет противостоять Сну-Сну!;x;;;;;;;;;;;;;;;;
EVTOPTB50056;Он может получить милосердную смерть…;x;;;;;;;;;;;;;;;;
EVTDESC50057;В середине ночи многие женщины заходят в камеру и объявляют что будут участвовать в акте Сну-Сну вместе с вами, по началу вам страшно, пока вы не узнаете, что представляет из себя Сну-Сну... ночь будет не скучной, но после этого...;x;;;;;;;;;;;;;;;;
EVTOPTA50057;Ваше сердце разрывается… прекрасный способ умереть;x;;;;;;;;;;;;;;;;
burned_alive;Сожгли заживо;x;;;;;;;;;;;;;;;;
burned_alive_desc;Этот персонаж был сожжен заживо, не самая приятная смерть;x;;;;;;;;;;;;;;;;
thrown_out_moon_door;Выброшен[_] в Лунную дверь;x;;;;;;;;;;;;;;;;
thrown_out_moon_door_desc;Этот персонаж был выброшен в Лунную Дверь на Орлином гнезде. Прежде чем разбиться о камни, [Root.GetSheHe] летел[Root.GetEndA]…;x;;;;;;;;;;;;;;;;
black_goat_decision;Жертва Черному Козлу;x;;;;;;;;;;;;;;;;
black_goat_decision_desc;Если [Root.GetTitledFirstNameWithDynastyAndTitleNoRegnal] будет лишен[Root.GetEndA] жизни, необходимо привести [Root.GetHerHis] в храм и принести в жертву Черному козлу.;x;;;;;;;;;;;;;;;;
EVTDESC50038;По вашему приказу, [From.GetTitledFirstName] долж[From.GetNaEn] быть принесен[From.GetEndA] в жертву Черному козлу, дабы он благословил вас. Мы вытащили [From.GetHerHis] к алтарю и перерезали [From.GetHerHim] горло.;x;;;;;;;;;;;;;;;;
EVTOPTA50038;Это должно быть сделано;x;;;;;;;;;;;;;;;;
EVTDESC50039;Черный козел темное и страшное божество. [FromFrom.GetTitledFirstName], благочестивый человек, решил, что ваша кровь должна быть пролита во имя Черного козла. Вас притащили в храм и привязали к окровавленному алтарю, затем перерезали горло...;x;;;;;;;;;;;;;;;;
EVTOPTA50039;Я был[GetEndA] принесен[GetEndA] в жертву!;x;;;;;;;;;;;;;;;;
hyrkoon_sacrifice_decision;Жертва Богам;x;;;;;;;;;;;;;;;;
hyrkoon_sacrifice_decision_desc;Если [Root.GetTitledFirstNameWithDynastyAndTitleNoRegnal] будет казнен[Root.GetEndA], то может принести [From.GetHerHis] в жертву богам.;x;;;;;;;;;;;;;;;;
EVTDESC50058;[FromFrom.GetTitledFirstNameWithDynasty] предстал[FromFrom.GetEndA] перед вами для своей казни, и вы душите [FromFrom.GetHerHis] голыми руками.;x;;;;;;;;;;;;;;;;
EVTDESC50058B;[FromFrom.GetTitledFirstNameWithDynasty] предстал[FromFrom.GetEndA] перед вами для своей казни. [FromFrom.GetHerHisCap] мать, [FromFrom.Mother.GetTitledFirstName], тоже здесь, так что вы можете заставить смотреть, как вы душите её [FromFrom.GeSonDaughterACC] до смерти голыми руками.;x;;;;;;;;;;;;;;;;
EVTDESC50058C;[FromFrom.GetTitledFirstNameWithDynasty] предстал[FromFrom.GetEndA] перед вами для своей казни. [FromFrom.GetHerHisCap] отец, [FromFrom.Father.GetTitledFirstName], тоже здесь, так что вы можете заставить смотреть, как вы душите его [FromFrom.GeSonDaughterACC] до смерти голыми руками.;x;;;;;;;;;;;;;;;;
EVTDESC50058D;[FromFrom.GetTitledFirstNameWithDynasty] предстал[FromFrom.GetEndA] перед вами для своей казни. [FromFrom.GetHerHisCap] ребенок тоже здесь, так что вы можете заставить смотреть, как[FromFrom.GetFatherMother] будет задушен[FromFrom.GetEndA] до смерти голыми руками.;x;;;;;;;;;;;;;;;;
EVTDESC50058E;[FromFrom.GetTitledFirstNameWithDynasty] предстал[FromFrom.GetEndA] перед вами для своей казни. [FromFrom.GetHerHisCap] мать, [FromFrom.Mother.GetTitledFirstName], тоже здесь, и хоть она не может видеть, вы заставляете её слушать, как душите ее [FromFrom.GeSonDaughterACC] до смерти голыми руками.;x;;;;;;;;;;;;;;;;
EVTDESC50058F;[FromFrom.GetTitledFirstNameWithDynasty] предстал[FromFrom.GetEndA] перед вами для своей казни. [FromFrom.GetHerHisCap] отец, [FromFrom.Father.GetTitledFirstName], тоже здесь, и хоть он не может видеть, вы заставляете его слушать, как душите его [FromFrom.GeSonDaughterACC] до смерти голыми руками.;x;;;;;;;;;;;;;;;;
EVTOPTA50058;Да, я заберу [FromFrom.GetHerHis] жизнь!;x;;;;;;;;;;;;;;;;
EVTOPTB50058;Это варварская затея;x;;;;;;;;;;;;;;;;
EVTDESC50059;[From.GetTitledFirstNameWithDynasty] был[From.GetEndA] казнен[From.GetEndA]. Это сделал[FromFrom.GetEndA] [FromFrom.GetRootRelation] [FromFrom.GetTitledFirstName]. Вы видели как бедн[From.GetAyaYy] [From.GetFirstName] был[From.GetEndA] задушен[From.GetEndA] до смерти голыми руками.;x;;;;;;;;;;;;;;;;
EVTOPTA50059;Это варварство!;x;;;;;;;;;;;;;;;;
death_eaten;Сожран[_];x;;;;;;;;;;;;;;;;
death_eaten_desc;Этот персонаж был казнен и затем съеден убийцами-каннибалами на ужин.;x;;;;;;;;;;;;;;;;
EVTDESCwildling.66;[FromFrom.GetTitledFirstNameWithDynasty] был[FromFrom.GetEndA] ритуально убит[FromFrom.GetEndA], зажарен[FromFrom.GetEndA] в огне, а затем съеден[FromFrom.GetEndA] соплеменниками!;x;;;;;;;;;;;;;;;;
EVTDESCwildling.66B;[FromFrom.GetTitledFirstNameWithDynasty] ритуально убит[FromFrom.GetEndA], а затем [FromFrom.GetherHis] мясо было спрятано в ущелье! У вас будет достаточно сырого мяса, чтобы продержаться много дней!;x;;;;;;;;;;;;;;;;
EVTOPTAwildling.66;[FromFrom.Culture.GetName]ый будет вкусным!;x;;;;;;;;;;;;;;;;
EVTDESCwildling.67;[From.GetTitledFirstName] приходит к вам в камеру и говорит о том, как [From.GetSheHe] и остальные [From.GetHerHis] соклановцы приготовят вас и будут пировать на ужине...;x;;;;;;;;;;;;x;;;;
EVTOPTAwildling.67;Как унизительно...;x;;;;;;;;;;;;;;;;
EVTOPTBwildling.67;Какая разница... Я все равно умру...;x;;;;;;;;;;;;;;;;
EVTDESCwildling.68;Ваш[FromFrom.GetEndA] [FromFrom.GetRootRelation] был[FromFrom.GetEndA] казнен[FromFrom.GetEndA] персонажем [From.GetTitledFirstName] и [From.GetHerHis] соклановцами, которые пировали [FromFrom.GetHerHis] остатками на ужине...;x;;;;;;;;;;;;;;;;
EVTOPTAwildling.68;Какая гадость!;x;;;;;;;;;;;;;;;;
DEATH_BATTLE_RAIDING;славно погиб[__] в бою во время рейда персонажем $KILLER$;x;;;;;;;;;;;;;;;;
DEATH_BATTLE_RAIDING_NO_KILLER;славно погиб[__] в бою во время рейда;x;;;;;;;;;;;;;;;;
DEATH_TOURNEY_JOUST;к сожалению, убит на рыцарском турнире персонажем $KILLER$;x;;;;;;;;;;;;;;;;
DEATH_TOURNEY_JOUST_NO_KILLER;к сожалению, убит на рыцарском турнире;x;;;;;;;;;;;;;;;;
DEATH_BANDITS;был[_] убит[_] головорезами;x;;;;;;;;;;;;;;;;
DEATH_STILLBORN;умер[__] мертворожденн[_ым];x;;;;;;;;;;;;;;;;
DEATH_SOLD_SLAVE;был[_] продан[_] неизвестному работорговцу;x;;;;;;;;;;;;;;;;
DEATH_DRAGON;был[_] убит[_] драконом $KILLER$;x;;;;;;;;;;;;;;;;
DEATH_DRAGON_NO_KILLER;был[_] убит[_];x;;;;;;;;;;;;;;;;
DEATH_BATTLE_DRAGON_FIRE;был[_] убит[_] драконьим наездником $KILLER$;x;;;;;;;;;;;;;;;;
DEATH_BATTLE_DRAGON_FIRE_NO_KILLER;был[_] убит[_] драконьим наездником;x;;;;;;;;;;;;;;;;
DEATH_DRAGON_DUEL;был[_] убит[_] драконом $KILLER$ в грандиозной схватке драконов;x;;;;;;;;;;;;;;;;
DEATH_DRAGON_DUEL_NO_KILLER;был[_] убит[_] в грандиозной схватке драконов;x;;;;;;;;;;;;;;;;
DEATH_ACCIDENT_FACELESS;погиб[__] при необычном несчастном случае;x;;;;;;;;;;;;;;;;
DEATH_ACCIDENT_FACELESS_NO_KILLER;погиб[__] при необычном несчастном случае;x;;;;;;;;;;;;;;;;
DEATH_ACCIDENT_HORSE;был[_] трагически затоптан[_] лошадьми;x;;;;;;;;;;;;;;;;
DEATH_ACCIDENT_DRAGON_HATCHING;был[_] сожжен[_] персонажем $KILLER$ при попытке открыть им драконье яйцо;x;;;;;;;;;;;;;;;;
DEATH_ACCIDENT_DRAGON_HATCHING_NO_KILLER;был[_] сожжен[_], пытаясь открыть яйцо дракона;x;;;;;;;;;;;;;;;;
DEATH_ACCIDENT_HUNTING;погиб[__] при несчастном случае на охоте;x;;;;;;;;;;;;;;;;
DEATH_ACCIDENT_WILDFIRE;погиб[__] в результате пожара;x;;;;;;;;;;;;;;;;
DEATH_ACCIDENT_WILDFIRE_NO_KILLER;погиб[__] в результате пожара;x;;;;;;;;;;;;x;;;;
DEATH_ACCIDENT_IRON_THRONE;был[_] случайно убит[_], находясь на Железном Троне;x;;;;;;;;;;;;;;;;
DEATH_ACCIDENT_WYVERN;был[_] истерзан[_] дикими вивернами;x;;;;;;;;;;;;;;;;
DEATH_MURDER_SLAYED;был[_] хладнокровно убит[_] персонажем $KILLER$;x;;;;;;;;;;;;;;;;
DEATH_MURDER_SLAYED_NO_KILLER;был[_] хладнокровно убит[_];x;;;;;;;;;;;;;;;;
DEATH_MURDER_SLAYED_UNKNOWN;был[_] хладнокровно убит[_] неизвестным противником;x;;;;;;;;;;;;;;;;
DEATH_MURDER_SLAYED_UNKNOWN_NO_KILLER;был[_] хладнокровно убит[_] неизвестным противником;x;;;;;;;;;;;;;;;;
DEATH_MURDER_SHADOW;был[_] убит[_] тенью по заказу персонажа $KILLER$;x;;;;;;;;;;;;;;;;
DEATH_MURDER_SHADOW_NO_KILLER;был[_] убит[_] тенью;x;;;;;;;;;;;;;;;;
DEATH_MURDER_SHADOW_UNKNOWN;был[_] убит[_] при загадочных обстоятельствах;x;;;;;;;;;;;;;;;;
DEATH_MURDER_SHADOW_UNKNOWN_NO_KILLER;был[_] убит[_] при загадочных обстоятельствах;x;;;;;;;;;;;;;;;;
DEATH_SUICIDE_DRANK_WILDFIRE;умер[__], выпив дикого огня;x;;;;;;;;;;;;;;;;x
DEATH_SACRIFICED_ABANDONED;был[_] оставлен[_] умирать персонажем $KILLER$;x;;;;;;;;;;;;;;;;
DEATH_SACRIFICED_ABANDONED_NO_KILLER;был[_] оставлен[_] умирать;x;;;;;;;;;;;;;;;;
DEATH_SACRIFICED_RHLLOR;был[_] сожжен[_] в качестве подношения Р'глору $KILLER$;x;;;;;;;;;;;;;;;;
DEATH_SACRIFICED_RHLLOR_NO_KILLER;$KILLER$ принес[__] в жертву Р'глору ;x;;;;;;;;;;;;;;;;
DEATH_EXECUTION_DOTHRAKI_MUTILATION;был[_] изувечен[_], оскоплен[_] и сожжен[_] заживо по приказу персонажа $KILLER$;x;;;;;;;;;;;;;;;;
DEATH_EXECUTION_DOTHRAKI_MUTILATION_NO_KILLER;был[_] изувечен[_], оскоплен[_] и сожжен[_] заживо;x;;;;;;;;;;;;;;;;
DEATH_EXECUTION_DRAGON;скормлен[_] дракону персонажа $KILLER$;x;;;;;;;;;;;;;;;;
DEATH_EXECUTION_DRAGON_NO_KILLER;скормлен[_] дракону;x;;;;;;;;;;;;;;;;
DEATH_EXECUTION_TORTURE;был[_] замучен[_] по приказу персонажу $KILLER$;x;;;;;;;;;;;;;;;;
DEATH_EXECUTION_TORTURE_NO_KILLER;был[_] замучен[_] по приказу;x;;;;;;;;;;;;;;;;
DEATH_SACRIFICED_DROWNED;утоплен[_] персонажем $KILLER$ в качестве жертвы Утонувшему Богу ;x;;;;;;;;;;;;;;;;
DEATH_SACRIFICED_DROWNED_NO_KILLER;утоплен[_] в качестве жертвы Утонувшему Богу ;x;;;;;;;;;;;;;;;;
DEATH_EXECUTION_MOON_DOOR;был[_] выброшен[_] в Лунную Дверь по приказу персонажа $KILLER$;x;;;;;;;;;;;;;;;;
DEATH_EXECUTION_MOON_DOOR_NO_KILLER;был[_] выброшен[_] в Лунную Дверь;x;;;;;;;;;;;;;;;;
DEATH_EXECUTION_SNU_SNU;был убит от сну-сну по приказу персонажа $KILLER$;x;;;;;;;;;;;;;;;;
DEATH_EXECUTION_SNU_SNU_NO_KILLER;был убит от сну-сну;x;;;;;;;;;;;;;;;;
DEATH_EXECUTION_STRANGLE;был[_] задушен[_] персонажем $KILLER$;x;;;;;;;;;;;;;;;;
DEATH_EXECUTION_STRANGLE_NO_KILLER;был[_] задушен[_];x;;;;;;;;;;;;;;;;
DEATH_SICKLY_DRAGON;умер[__] слаб[_ым] и уродлив[_ым];x;;;;;;;;;;;;;;;;
DEATH_SICKLY;умер[__] болезненн[_ым];x;;;;;;;;;;;;;;;;
execute_decision;Казнить пленника;x;;;;;;;;;;;;;;x;;
execute_decision_desc;[Root.GetTitledFirstNameWithDynasty] казнен[Root.GetEndA];x;;;;;;;;;;;;;;x;;
TOOLTIP_EXECUTION_REALM_UPSET;Это расстроит лордов в земле [From.TopLiege.PrimaryTitle.GetName]\n;x;;;;;;;;;;;;;;x;;
EVTDESCimprisoned.10;[Root.PrimaryTitle.GetFOA], [From.GetTitledFirstNameWithDynasty] был[From.GetEndA] доставлен[From.GetEndA] из [From.GetHerHis] камеры для казни. Как [From.GetSheHe] будет убит[From.GetEndA]?;x;;;;;;;;;;;;;;x;;
EVTOPTAimprisoned.10;[From.GetSheHeCap] будет обезглавлен[From.GetEndA];x;;;;;;;;;;;;;;;;
EVTOPTBimprisoned.10;Повесить [From.GetHerHis];x;;;;;;;;;;;;;;;;
EVTOPTCimprisoned.10;Сжечь [From.GetHerHis]!;x;;;;;;;;;;;;;;;;
EVTOPTDimprisoned.10;[From.GetSheHeCap] будет принесен[From.GetEndA] в жертву Богу [Root.Religion.GetHighGodName];x;;;;;;;;;;;;;;;;
EVTOPTEimprisoned.10;Я хочу, чтобы побежденный противник был искалечен и сожжен!;x;;;;;;;;;;;;;;;;
EVTOPTFimprisoned.10;Содрать кожу живьем;x;;;;;;;;;;;;;;;;
EVTOPTGimprisoned.10;Скормить [From.GetHerHis] моему дракону;x;;;;;;;;;;;;;;;;
EVTOPTHimprisoned.10;[From.GetSheHeCap] станет хорошим блюдом!;x;;;;;;;;;;;;;;;;
EVTOPTIimprisoned.10;Я хочу видеть [From.GetHerHis] летящим!;x;;;;;;;;;;;;;;;;
EVTOPTJimprisoned.10;Распять [From.GetHerHis];x;;;;;;;;;;;;;;;;
EVTOPTKimprisoned.10;Это будет смерть через сну-сну!;x;;;;;;;;;;;;;;;;
EVTOPTLimprisoned.10;Я лично задушу [From.GetHerHis]!;x;;;;;;;;;;;;;;;;
EVTOPTMimprisoned.10;Я хочу раздавить [From.GetHerHis] насмерть!;x;;;;;;;;;;;;;;;;
EVTOPTNimprisoned.10;Закопать [From.GetHerHis] в раскаленную золу;x;;;;;;;;;;;;;;;;
EVTOPTOimprisoned.10;[From.GetSheHeCap] будет повешен[From.GetEndA], растянут[From.GetEndA] и четвертован[From.GetEndA];x;;;;;;;;;;;;;;;;
EVTOPTPimprisoned.10;Оставить [From.GetHerHis] в медвежьей яме!;x;;;;;;;;;;;;;;;;
EVTOPTQimprisoned.10;Скормить [From.GetHerHis] львам;x;;;;;;;;;;;;;;;;
EVTOPTRimprisoned.10;Спустить [From.GetHerHis] в змеиную яму;x;;;;;;;;;;;;;;;;
EVTOPTSimprisoned.10;Вырвать [From.GetHerHis] внутренности!;x;;;;;;;;;;;;;;;;
EVTOPTTimprisoned.10;Сварить [From.GetHerHis] заживо;x;;;;;;;;;;;;;;;;x
EVTOPTUimprisoned.10;Я знаю, распилить [From.GetHerHis] напополам!;x;;;;;;;;;;;;;;;;
EVTOPTVimprisoned.10;Пусть охота начнется!;x;;;;;;;;;;;;;;;;x
EVTOPTWimprisoned.10;Похоронить [From.GetHerHis] заживо;x;;;;;;;;;;;;;;;;
EVTOPTXimprisoned.10;Замуровать [From.GetHerHis] в могиле;x;;;;;;;;;;;;;;;;
EVTOPTYimprisoned.10;Утопить [From.GetHerHis] в бочке с вином;x;;;;;;;;;;;;;;;;
EVTOPTZimprisoned.10;Насадить [From.GetHerHis] на кол;x;;;;;;;;;;;;;;;;
EVTOPTAAimprisoned.10;[From.GetSheHeCap] устроит банкет тиграм;x;;;;;;;;;;;;;;;;
EVTOPTABimprisoned.10;Затоптать [From.GetHerHis] слонами!;x;;;;;;;;;;;;;;;;
EVTOPTACimprisoned.10;Запытать [From.GetHerHis] бамбуком;x;;;;;;;;;;;;;;;;
EVTOPTADimprisoned.10;[Root.Religion.GetHighGodName] велит, что [From.GetSheHe] будет побит[From.GetEndA] камнями;x;;;;;;;;;;;;;;;;
EVTOPTAEimprisoned.10;Вырезать [From.GetHerHim] кровавого орла;x;;;;;;;;;;;;;;;;
EVTOPTAFimprisoned.10;[From.GetSheHeCap] будет затоптан[From.GetEndA] лошадьми;x;;;;;;;;;;;;;;;;
EVTOPTAGimprisoned.10;Сломать [From.GetHerHis] хребет;x;;;;;;;;;;;;;;;;
EVTOPTAHimprisoned.10;Сломать [From.GetHerHis] на колесе;x;;;;;;;;;;;;;;;;
EVTOPTAIimprisoned.10;Забодать [From.GetHerHis] дикими хряками;x;;;;;;;;;;;;;;;;
EVTOPTAJimprisoned.10;Мой волк растерзает [From.GetHerHis]!;x;;;;;;;;;;;;;;;;
EVTOPTAKimprisoned.10;Мой сумеречный кот разорвет [From.GetHerHis] на куски!;x;;;;;;;;;;;;;;;;
EVTOPTALimprisoned.10;Мой белый медведь разберется с проблемой;x;;;;;;;;;;;;;;;;
EVTOPTAMimprisoned.10;Натравить моего лютоволка на н[From.GetHerHis]!;x;;;;;;;;;;;;;;;;
EVTOPTANimprisoned.10;[From.GetHerHis] порвет мой медведь!;x;;;;;;;;;;;;;;;;
EVTOPTAOimprisoned.10;Скормить [From.GetHerHis] моему кабану!;x;;;;;;;;;;;;;;;;
EVTOPTAPimprisoned.10;[From.GetSheHeCap] станет обедом для моего пса!;x;;;;;;;;;;;;;;;;
DEATH_EXECUTION_WOLF;был[_] растерзан[_] волком $KILLER$;x;;;;;;;;;;;;;;;;
DEATH_EXECUTION_WOLF_NO_KILLER;был[_] растерзан[_] волком;x;;;;;;;;;;;;;;;;
DEATH_EXECUTION_SHADOWCAT;был[_] разорван[_] сумеречным котом $KILLER$;x;;;;;;;;;;;;;;;;
DEATH_EXECUTION_SHADOWCAT_NO_KILLER;был[_] разорван[_] сумеречным котом;x;;;;;;;;;;;;;;;;
DEATH_EXECUTION_SNOWBEAR;был[_] разорван[_] белым медведем $KILLER$;x;;;;;;;;;;;;;;;;
DEATH_EXECUTION_SNOWBEAR_NO_KILLER;был[_] разорван[_] белым медведем;x;;;;;;;;;;;;;;;;
DEATH_EXECUTION_DIREWOLF;был[_] сожран[_] лютоволком $KILLER$;x;;;;;;;;;;;;;;;;
DEATH_EXECUTION_DIREWOLF_NO_KILLER;был[_] сожран[_] лютоволком;x;;;;;;;;;;;;;;;;
DEATH_EXECUTION_BROWNBEAR;был[_] задавлен[_] медведем $KILLER$;x;;;;;;;;;;;;;;;;
DEATH_EXECUTION_BROWNBEAR_NO_KILLER;был[_] задавлен[_] медведем;x;;;;;;;;;;;;;;;;
DEATH_EXECUTION_BOAR_TRAIT;был[_] убит[_] и съеден[_] вепрем $KILLER$;x;;;;;;;;;;;;;;;;
DEATH_EXECUTION_BOAR_TRAIT_NO_KILLER;был [_]убит[_] и съеден[_] вепрем;x;;;;;;;;;;;;;;;;
DEATH_EXECUTION_DOG;был[_] убит[_] и съеден[_] псом $KILLER$;x;;;;;;;;;;;;;;;;
DEATH_EXECUTION_DOG_NO_KILLER;был[_] убит[_] и съеден[_] псом;x;;;;;;;;;;;;;;;;
DEATH_EXECUTION_BEYOND_WALL;Был[_] изгнан[_] персонажем $KILLER$, чтобы умереть в землях за Стеной;x;;;;;;;;;;;;;;;;
DEATH_EXECUTION_BEYOND_WALL_NO_KILLER;Был[_] изгнан[_], чтобы умереть в землях за Стеной;x;;;;;;;;;;;;;;;;
DEATH_duel_trial_by_seven;был[_] убит[_] персонажем $KILLER$ во время испытания семерых;x;;;;;;;;;;;;;;;;
DEATH_duel_battle;был[_] убит[_] персонажем $KILLER$ в поединке в разгар боя;x;;;;;;;;;;;;;;;;
DEATH_duel_trial_by_combat;был[_] убит[_] персонажем $KILLER$ во время суда поединком;x;;;;;;;;;;;;;;;;
DEATH_duel_melee;погиб[__] в бою от руки персонажа $KILLER$;x;;;;;;;;;;;;;;;;
DEATH_duel_regency;Был[_] убит[_] персонажем $KILLER$ на честном поединке за регентство;x;;;;;;;;;;;;;;;;
DEATH_duel_rogue_kg;был[_] убит[_] персонажем $KILLER$ при попытке нарушить свои обеты;x;;;;;;;;;;;;;;;;
DEATH_duel_vs_rogue_kg;был[_] убит[_] персонажем $KILLER$, Королевским гвардейцем-негодяем;x;;;;;;;;;;;;;;;;
DEATH_duel_kingsmoot;Был[_] убит[_] персонажем $KILLER$ на честном поединке во время Вече;x;;;;;;;;;;;;;;;;
DEATH_duel_honour;был[_] убит[_] персонажем $KILLER$ на честном поединке;x;;;;;;;;;;;;;;;;
DEATH_battle_bloodrider;умер[__] славной смертью от рук персонажа $KILLER$ за своего мертвого Кхала;x;;;;;;;;;;;;;;;;
DEATH_battle_bloodrider_NO_KILLER;умер[__] славной смертью в бою за своего мертвого Кхала;x;;;;;;;;;;;;;;;;
death_text_excommunicated;Известн[GetAyaYy] тем, что вызвал[GetEndA] гнев Верховного Септона, [GetFirstName] был[GetEndA] объявлен[GetEndA] отступни[GetTseyKom] веры. Грешни[GetTsaK] [GetFirstName] будет отвечать за свои преступления перед Семерыми;x;;;;;;;;;;;;;;;;
death_text_kinslayer;Виновн[GetAyaYy] в одном из самых гнусных преступлений, [GetFirstName] будет навсегда извест[GetNaEn] как убийца родичей. Может быть, [Religion.GetHighGodName] и помилует [GetHerHis], но люди навсегда запомнят;x;;;;;;;;;;;;;;;;
death_text_crazy;Слаб[GetAyaYy] разумом и непредсказуем[GetAyaYy], [GetHerHis] царствование было омрачено [GetHerHis] приступами безумия. Возможно, на том свете, [Religion.GetHighGodName] даст [GetHerHim] душевное спокойствие;x;;;;;;;;;;;;;;;;
death_text_good_knight;Верн[GetAyaYy] и справедлив[GetAyaYy], [GetFirstName] был[GetEndA] Рыцарем величайшей добродетели. [GetSheHe] всегда будет образцом рыцарственного воина Семерых.;x;;;;;;;;;;;;;;;;
death_text_virtuous;Великий поборник праведности, [GetFirstName] был[GetEndA] извест[GetNaEn] во всем своём царстве как человек добродетели и чести. По-настоящему достойный человек, [Religion.GetHighGodName] наверняка гордится.;x;;;;;;;;;;;;;;;;
death_text_chosen_by_rhllor;Предопределенн[GetAyaYy] судьбой для противостояния Иным, [GetFirstName] был[GetEndA] возрожденн[GetOyYm] вновь Азор Ахаем, избранн[GetOyYm] защитни[GetTseyKom], посланн[GetOyYm] Р'глором. Пусть не говорится, что [GetSheHe] не справился, но тьма бежала перед [GetHerHis] взором;x;;;;;;;;;;;;;;;;
death_text_perfect_specimen;Поистине выдающийся человек, [Religion.GetHighGodName] благословил [GetHerHis] впечатляющей мускулатурой, непревзойденной красотой и острым умом. Теперь [GetSheHe] уш[GetLaYol], и мы, возможно, больше никогда не увидим подобного человека;x;;;;;;;;;;;;;;;;
death_text_brilliant;Выдающ[GetAyaIy]ся [GetManWoman]а, [GetSheHe] умело правил[GetEndA] землёй [PrimaryTitle.GetName], заботясь о своем народе всеми возможными способами. Нам будет не хватать [GetHerHis], ибо сейчас [Religion.GetHighGodName] радуется [GetHerHis] обществу;x;;;;;;;;;;;;;;;;
death_text_incompetent;Не обладая большим талантом, [GetHerHis] правление было омрачено [GetHerHis] недееспособностью. Теперь [GetSheHe] умер, быть может [PrimaryTitle.GetPrefix] перейдет в более умелые руки;x;;;;;;;;;;;;;;;;
death_text_monster;Печально известн[GetAyaYy] [GetManWoman]а, [GetFirstName] был[GetEndA] чудовищем, способн[GetOyYm] на жестокие и беспощадные действия. [Religion.GetHighGodName] спросит [GetHerHis] за [GetHerHis] преступления;x;;;;;;;;;;;;;;;;
death_text_nickname;Известн[GetAyaYy] [GetFirstNameWithNick], [GetSheHe], возможно, [Religion.GetHighGodName] поможет отыскать внутренний мир;x;;;;;;;;;;;;;;;;
death_text_very_ugly;Ужасн[GetAyaYy] [GetManWoman]а, [GetSheHe] перебил[GetEndA] всех, кто имел несчастье взглянуть на н[GetHerHis]. Быть может, [Religion.GetHighGodName] и помилует [GetHerHis].;x;;;;;;;;;;;;;;;;
death_text_very_strong;[GetManWoman]а внушительного роста, [GetFirstName] обладал[GetEndA] большой силой и фигурой, что сделало [GetHerHis] известн[GetOyYm] во всем мире.  [Religion.GetHighGodName] с радостью примет [GetHerHis];x;;;;;;;;;;;;;;;;
death_text_very_old;Крепк[GetAyaIy] и богатырского здоровья, [GetFirstName] дожил[GetEndA] до замечательного возраста в [GetAgeYears] лет. [GetSheHeCap] прожил[GetEndA] насыщенную жизнь, и теперь, наконец, [Religion.GetHighGodName] и [GetSheHe] вместе;x;;;;;;;;;;;;;;;;
death_text_very_young;Потерянн[GetAyaYy] слишком рано, [GetFirstName], умер[GetNoneE] в возрасте только лишь [GetAgeYears] лет. Пусть [Religion.GetHighGodName] даст ребёнку  больше удачи;x;;;;;;;;;;;;;;;;
death_text_great_warrior;Один из величайших воинов нашего времени, [GetFirstName] был прославленным военачальником и мечником, известным во всем государстве. Теперь [GetSheHe] умер, и мы никогда не увидим человека, подобного [GetHerHim];x;;;;;;;;;;;;;;;;
death_text_kingsguard;Всегда преданный [Liege.GetTitle], [GetFirstName] служил в Королевской Гвардии до конца своих дней. В Белой Книге описано множество [GetHerHis] великих дел;x;;;;;;;;;;;;;;;;
death_text_nightswatch;Всегда бдительный, [GetFirstName] служил черным братом Ночного Дозора до конца своих дней. [GetSheHeCap] обещал свою жизнь и честь Ночному Дозору, и теперь [GetHerHis] дозор окончен;x;;;;;;;;;;;;;;;;
death_text_tyrant;Известн[GetAyaYy] нарушением прав своих вассалов, [GetFirstName] был[GetEndA] известным тираном. Запятнанн[GetAyaYy] [GetManWoman]а, [Religion.GetHighGodName] будет судить за [GetHerHis] поступки;x;;;;;;;;;;;;;;;;
death_text_dragon_rider;[GetManWoman]а, известн[GetAyaYy] во всем мире, [GetFirstName] был[GetEndA] хозяином дракона, величайшим наездником. [GetSheHeCap] умер[GetNoneE], и сейчас [Religion.GetHighGodName] и [GetSheHe] вместе;x;;;;;;;;;;;;;;;;
death_text_dragon_slayer;Отважн[GetAyaYy] и ловк[GetAyaIy], [GetFirstName] стал[GetEndA] известен тем, что убил[GetEndA] дракона. [Religion.GetHighGodName] и [GetSheHe] сейчас вместе;x;;;;;;;;;;;;;;;;
death_text_drowned;Праведн[GetAyaYy] [GetManWoman]а, [GetFirstName] был[GetEndA] благословлен[GetEndA] Утонувшим Богом после утопления в соленой воде. [GetSheHeCap] теперь вместе со своим богом, ведь то, что мертво, умереть не может;x;;;;;;;;;;;;;;;;
death_text_liberator;Принципиальн[GetAyaYy] [GetManWoman]а, [GetFirstName] провел[GetEndA] большую часть своей жизни, противостоя рабству. Иногие бывшие рабы будут вспоминать [GetHerHis] с благоговением;x;;;;;;;;;;;;;;;;
death_text_dragon_dreams;[GetManWoman]а от крови дракона, [GetFirstName], предположительно, видел[GetEndA] пророческие сны, часто с участим драконов. Пусть эти видения больше не преследуют [GetHerHis], ведь [Religion.GetHighGodName] и [GetSheHe] сейчас вместе;x;;;;;;;;;;;;;;;;
death_text_erudite;Неизменно терпим[GetAyaYy] и понимающ[GetAyaIy], [GetFirstName] владел[GetEndA] большими знаниями и всегда уважал[GetEndA] и сочувствовал[GetEndA] другим религиям и культурам. Эрудированн[GetAyaYy] [GetManWoman]а, [Religion.GetHighGodName] и [GetSheHe] теперь вместе;x;;;;;;;;;;;;;;;;
death_text_great_reaver;Железнорожденных боялись во всем мире, [GetFirstName] был[GetEndA] одним из величайших налетчиков эпохи. [GetSheHe] теперь будет вечно праздновать в залах Утонувшего Бога;x;;;;;;;;;;;;;;;;
death_text_prestige;Авторитетн[GetAyaYy] [GetManWoman]а, [GetFirstName], дела и подвиги говорят сами за себя. [GetSheHe] теперь покоится в мире.;x;;;;;;;;;;;;;;;;
death_text_piety;Посвятивш[GetAyaYy] себя служению вере, [GetFirstName] был[GetEndA] человеком безукоризненного благочестия. [GetSheHe] теперь покоится вместе с Богом [Religion.GetRandomGodName];x;;;;;;;;;;;;;;;;
death_text_popular;Широко известн[GetAyaYy] [GetManWoman]а, [GetFirstName] завел[GetEndA] огромное множество друзей и приятелей повсюду. Сейчас [Religion.GetHighGodName] и [GetSheHe] вместе, и многие будут горевать по такой утрате;x;;;;;;;;;;;;;;;;
death_text_unpopular;Никогда ничего не забывающ[GetAyaIy], [GetFirstName] приобрел[GetEndA] много врагов. Теперь [GetSheHe] и [Religion.GetHighGodName] вместе, и [GetHerHim] будет не доставать [GetHerHis] врагов;x;;;;;;;;;;;;;;;;
death_text_prolific;Плодовит[GetAyaYy] и изобильн[GetAyaYy] [GetManWoman]а, [GetFirstName] привел[GetEndA] много детей в свою жизнь. [GetSheHeCap] будет с любовью вспоминаться потомками;x;;;;;;;;;;;;;;;;
death_text_barren;По слухам, бесплодн[GetAyaYy] [GetFirstName] не был[GetEndA] благословлен[GetEndA] детьми. Возможно, [Religion.GetHighGodName] станет [GetHerHis] семьёй и роднёй с ;x;;;;;;;;;;;;;;;;
death_text_young;Взят[GetAyaYy] от нас в расцвете сил, [GetFirstName], умер[GetNoneE] только лишь в возрасте [GetAgeYears] лет. [GetSheHeCap] и [Religion.GetHighGodName] теперь вместе;x;;;;;;;;;;;;;;;;
death_text_diplomacy;Красноречив[GetAyaYy] и тактичн[GetAyaYy], [GetFirstName] был[GetEndA] извест[GetNaEn] в свое время как проницательный дипломат. [GetManWoman]а, уважаем[GetAyaYy] всеми, [GetSheHe] и [Religion.GetHighGodName] теперь вместе;x;;;;;;;;;;;;;;;;
death_text_stewardship;Мастер над Монетой и управляющ[GetAyaIy], [GetFirstName] был[GetEndA] известен[GetNaEn] в своё время как од[GetNaIn] из лучших экономистов государства. Талантлив[GetAyaYy] [GetManWoman]а, [GetSheHe] и [Religion.GetHighGodName] теперь вместе;x;;;;;;;;;;;;;;;;x
death_text_martial;Всегда побеждающ[GetAyaYy] на поле боя, [GetFirstName] был[GetEndA] извест[GetNaEn] в своё время как умел[GetAyaYy] военачальн[GetTsaK]. [GetManWoman]а, уважаем[GetAyaYy] своими врагами, [GetSheHe] и [Religion.GetHighGodName] теперь вместе;x;;;;;;;;;;;;;;;;
death_text_intrigue;Коварн[GetAyaYy] и искушенн[GetAyaYy] придворн[GetAyaYy], [GetFirstName] был[GetEndA] извест[GetNaEn] в свой время как способн[GetAyaYy] интриган[GetEndKa]. [GetManWoman]а на которого всегда можно положиться, [GetSheHe] и [Religion.GetHighGodName] теперь вместе;x;;;;;;;;;;;;;;;;
death_text_learning;Образованн[GetAyaYy] и умн[GetAyaYy], [GetFirstName] был[GetEndA] извест[GetNaEn] в своё время как учен[GetAyaYy] [GetManWoman]а. Уважая [GetHerHis] мудрость, [GetSheHe] и [Religion.GetHighGodName] теперь вместе;x;;;;;;;;;;;;;;;;
death_text_lunatic;[GetManWoman]а, неустойчивого нрава, [GetFirstName] был[GetEndA] склон[GetNaEn] к приступам безумия. Быть может, [Religion.GetHighGodName] успокоит [GetHerHis] разум, когда[GetSheHe] уш[GetLaYol];x;;;;;;;;;;;;;;;;
death_text_drunkard;Всегда в своём кубке, [GetFirstName] был[GetEndA] [GetManWoman]ой очень любивш[GetEyIm] выпить. Быть может, [Religion.GetHighGodName] простит [GetHerHis] пьянство;x;;;;;;;;;;;;;;;;
death_text_deformed;Проклят[GetAyaYy] злополучным уродством, [GetFirstName] смог[GetNoneE] преодолеть отвращение к себе другими. Быть может, [Religion.GetHighGodName] с любовью будет смотреть на н[GetHerHis];x;;;;;;;;;;;;;;;;
death_text_fair;Притягательн[GetAyaYy] [GetManWoman]а, [GetFirstName] был[GetEndA] благословлен[GetEndA] привлекательностью и красотой. Быть может, [GetHerHis] удача продолжит [GetHerHis] сопровождать, когда [GetSheHe] и [Religion.GetHighGodName] будут вместе;x;;;;;;;;;;;;;;;;
death_text_ugly;Нетрудно заметить, что [GetFirstName] был[GetEndA] уродливым человеком. Быть может, [Religion.GetHighGodName] с симпатией будет смотреть на н[GetHerHis];x;;;;;;;;;;;;;;;;
death_text_dwarf;[GetManWoman]а очень малого роста, [GetFirstName] всю жизнь слышал[GetEndA] насмешки из-за своего роста. [GetSheHeCap] и [Religion.GetHighGodName] теперь вместе;x;;;;;;;;;;;;;;;;
death_text_genius;[GetFirstName] был[GetEndA] одним из самых острых умов государства. И теперь способностей этого человека будет не хватать;x;;;;;;;;;;;;;;;;
death_text_smart;Остроумн[GetAyaYy] и быстрообучаем[GetAyaYy], [GetFirstName] был[GetEndA] способным человеком. [GetSheHeCap] и [Religion.GetHighGodName] теперь вместе;x;;;;;;;;;;;;;;;;
death_text_dumb;Немного туповат[GetAyaYy], [GetFirstName] всю жизнь боро[GetLasLsya] с вызовами. Возможно, [GetSheHe] найдет больше ума теперь, когда [GetSheHe] и [Religion.GetHighGodName] вместе;x;;;;;;;;;;;;;;;;
death_text_strong;Крепк[GetAyaIy] и вынослив[GetAyaYy], [GetFirstName] был[GetEndA] извест[GetNaEn] за свою огромную силу. [GetSheHeCap] и [Religion.GetHighGodName] теперь вместе;x;;;;;;;;;;;;;;;;
death_text_weak;Болезненный ребенок, [GetFirstName] страда[GetEndA]л от хронической усталости всю свою жизнь. Тем не менее, [GetSheHeCap] мудро правил[GetEndA], несмотря на недуг;x;;;;;;;;;;;;;;;;
death_text_celibate;Решительн[GetAyaYy] [GetManWoman]а, [GetFirstName] воздержива[GetLasLsya] от плотских утех. Быть может, [Religion.GetHighGodName] наградит за [GetHerHis] преданность;x;;;;;;;;;;;;;;;;
death_text_hedonist;Постоянно в попойках, [GetFirstName] прожил[GetEndA] всю жизнь в разгуле. [GetSheHeCap], несомненно будет осужден богами;x;;;;;;;;;;;;;;;;
death_text_deceitful;[GetManWoman]а, которо[GetYMu] было тяжело довериться, [GetFirstName], как известно, был[GetEndA] извест[GetNaEn] своими правдами и полу-правдами. [Religion.GetHighGodName], несомненно, увидит [GetHerHis] обман;x;;;;;;;;;;;;;;;;
death_text_honest;Всегда искренн[GetYayaIy] и верн[GetAyaYy], вассалы персонажа [GetFirstName] всегда могли верить [GetHerHis] слову. [GetSheHeCap] и [Religion.GetHighGodName] теперь вместе;x;;;;;;;;;;;;;;;;
death_text_craven;Избегающ[GetAyaIy] всех конфликтов и рисков, [GetFirstName] стал[GetEndA] извест[GetNaEn] своей малодушностью. [GetSheHeCap] и [Religion.GetHighGodName] теперь вместе;x;;;;;;;;;;;;;;;;
death_text_brave;Никогда не избегающ[GetAyaIy] битвы, [GetFirstName] был[GetEndA] отважн[GetOyYm] без каких-либо сомнений, и теперь [Religion.GetHighGodName] будет поддерживать [GetHerHis] ;x;;;;;;;;;;;;;;;;
death_text_ambitious;[GetFirstName] потратил[GetEndA] жихнь на поиски и создание власти, [GetHerHis] амбиции и честолюбие могут даже бросить вызов [GetHerHis] богам;x;;;;;;;;;;;;;;;;
death_text_content;Никогда не сомневающ[GetAyaIy]ся в своей позиции, [GetFirstName] умер[GetNoneE], уверенн[GetAyaYy] что [Religion.GetHighGodName] одарит мелостями;x;;;;;;;;;;;;;;;;
death_text_arbitrary;Деспотичн[GetAyaYy] в жизни, [GetFirstName] действовал[GetEndA] в соответствии со своим единовластием. Надеемся, после смерти [GetSheHe] хотя бы будет прислушиваться к советам своих богов;x;;;;;;;;;;;;;;;;
death_text_just;Справедлив[GetAyaYy] [GetManWoman]а, [GetFirstName] искал[GetEndA] справедливости в жизни. Конечно, [Religion.GetHighGodName] благосклонно будет смотреть на н[GetHerHis];x;;;;;;;;;;;;;;;;
death_text_cynical;[GetFirstName] потратил[GetEndA] большую часть своей жизни на сомнения, но, возможно, [Religion.GetHighGodName] избавит [GetHerHis] от неуверенности;x;;;;;;;;;;;;;;;;
death_text_zealous;[GetFirstName] был[GetEndA] рьян[GetOyYm] последовател[GetSoftNitseyEm] свокй веры, [GetHerHis] преданность, несомненно, будет полезна после смерти;x;;;;;;;;;;;;;;;;
death_text_paranoid;[GetFirstName] прожил[GetEndA] жизнь в страхе и паранойе, может [Religion.GetHighGodName] утешит [GetHerHis];x;;;;;;;;;;;;;;;;
death_text_trusting;[GetFirstName] никогда не был[GetEndA] загадкой для других в жизни. Может, [Religion.GetHighGodName] защитит [GetHerHis] в смерти;x;;;;;;;;;;;;;;;;
death_text_cruel;[GetFirstName] умер[GetNoneE] после существования в жестокости, упиваясь пытками. По крайней мере, люди вздохнут спокойно после [GetHerHis] смерти;x;;;;;;;;;;;;;;;;
death_text_elephant;[GetFirstName] выступал[GetEndA] против всех актов агрессии с рождения, [GetSheHe] был членом Партии Слонов до самого своего последнего дня;x;;;;;;;;;;;;;;;;
death_text_tiger;Сражаясь всю свою жизнь, [GetFirstName] был[GetEndA] членом партии Тигров до самого своего последнего дня;x;;;;;;;;;;;;;;;;
death_text_fire_obsessed;Огонь - занятная штука, но [GetFirstName] был[GetEndA] им одержим[GetEndA]. Настолько, что готов[GetEndA] был[GetEndA] вступить в костер для встречи с богами;x;;;;;;;;;;;;;;;;
death_text_master_warrior;[GetFirstName] жил[GetEndA] для битвы, становясь несравненным бойцом. Люди [GetHerHis] государства уверены, что только [Religion.GetHighGodName] смог бы сокрушить [GetHerHis];x;;;;;;;;;;;;;;;;
death_text_fashionable;Каждый старается быть в моде, [GetFirstName] был[GetEndA] одн[GetOyIm] из тех, кто следовал ей. Теперь, возможно, даже [Religion.GetHighGodName] изменит стиль;x;;;;;;;;;;;;;;;;
death_text_tall;В жизни [GetFirstName] возвыша[GetLasLsya] над всеми в государстве. В смерти [GetSheHe] сравнится своим ростом с богами;x;;;;;;;;;;;;;;;;
death_text_authoritative;В жизни, когда [GetFirstName] лаял[GetEndA], даже лютоволки становились послушны. Сейчас [Religion.GetHighGodName] проверит [GetHerHis] властность с после смерти;x;;;;;;;;;;;;;;;;
death_text_familyperson;[GetFirstName] жил[GetEndA] для семьи и всегда искал[GetEndA] дружбы с родней. Несомненно, [Religion.GetHighGodName] достойно наградит за это;x;;;;;;;;;;;;;;;;
death_text_stubborn;[GetFirstName] жил[GetEndA] упрямо, никогда не принимая рассуждений и возражений. Действительно, даже [Religion.GetHighGodName] должен быть удивлен, что [GetSheHe] сда[GetLasLsya] смерти;x;;;;;;;;;;;;;;;;
death_text_ruthless;[GetFirstName] был[GetEndA] немногими любим[GetEndA] в стране, еще меньшие осмеливались признавать это. К счастью, [Religion.GetHighGodName] сам принял меры;x;;;;;;;;;;;;;;;;
death_text_honorable;Ни один человек в стране никогда не сомневался в чести персоажа [GetFirstName]. Очень многие пришли на [GetHerHis] похороны и [Religion.GetHighGodName] получил много молитв за н[GetHerHis];x;;;;;;;;;;;;;;;;
death_text_favored_by_rhllor;Ночь темна и полна ужасов, но Владыка Света осветил персонажа [GetFirstName] и [GetHerHis] жизнь. [GetSheHeCap] теперь идет к свету;x;;;;;;;;;;;;;;;;
death_text_viking;Разорение и насилие, вот что создавало жизнь для перонажа [GetFirstName]. Теперь, в смерти, [GetSheHe] и [Religion.GetHighGodName] вместе в вечности;x;;;;;;;;;;;;;;;;
death_text_seducer;'Секс - это все', сказал[GetEndA] [GetSheHe] однажды, [GetFirstName] выразил[GetEndA] этим, как [GetSheHe] проводил[GetEndA] жизнь в соблазнении и разврате. Нет сомнений, что [Religion.GetHighGodName] присоединится к н[GetHerHim];x;;;;;;;;;;;;;;;;
death_text_architect;[GetFirstName] потратил[GetEndA] свою жизнь на строительство и проектирование. После [GetHerHis] смерти, несомненно, [Religion.GetHighGodName] пристроить работать над своими грандиозными обителями;x;;;;;;;;;;;;;;;;
DEATH_DRAGONHORN;умер[GetNoneE] после того, как подул[GetEndA] в драконий рог, принадлежащий персонажу $KILLER$;x;;;;;;;;;;;;;;;;
DEATH_DRAGONHORN_NO_KILLER;умер[GetNoneE] после того, как подул[GetEndA] в драконий рог;x;;;;;;;;;;;;;;;;
DEATH_DATE_SOLD_SLAVE;Продан[GetEndA] мелкому работорговцу: $DATE|Y$ в возрасте $AGE|Y$;x;;;;;;;;;;;;;;;;
DEATH_DATE_ABANDONED;Брошен[GetEndA] умирать: $DATE|Y$ в возрасте $AGE|Y$;x;;;;;;;;;;;;;;;;
DEATH_DATE_EXECUTION_BEYOND_WALL;Отправлен за Стену, чтобы умереть: $DATE|Y$ в возрасте $AGE|Y$;x;;;;;;;;;;;;;;;;
DEATH_DATE_MISSING;Пропал[GetEndA] без вести: $DATE|Y$ в возрасте $AGE|Y$;x;;;;;;;;;;;;;;;;
EVTOPTAQimprisoned.10;Зажарен[GetEndA] живьём в металлическом быке!;x;;;;;;;;;;;;;;;;
EVTOPTB50028;Снята [FromFrom.GetHerHis] кожа как трофей!;x;;;;;;;;;;;;;;;;
DEATH_death_duel_murder_attempt;был[GetEndA] убит[GetEndA] персонажем $KILLER$ в попытке убить их;x;;;;;;;;;;;;;;;;
EVTOPTARimprisoned.10;Забальзамировать [From.GetHerHis] труп и выставить на обозрение!;x;;;;;;;;;;;;;;;;
DEATH_duel_poison;был[GetEndA] мучительно убит[GetEndA] ядом, нанесенным во время дуэли с персонажем $KILLER$;x;;;;;;;;;;;;;;;;

