#CODE;ENGLISH;x;;;;;;;;;;;;
#events;;x;;;;;;;;;;;;
EVTDESC65030;Я чувствую себя очень плохо, меня ничто не радует и не веселит. Я нахожусь в самой глубокой, самой черной яме горя и бесполезности, чувствуя, что я никогда не буду в состоянии сбежать из нее и задающийся вопросом, почему [This.Religion.GetRandomGodName] заставляет нас чувствовать себя так...;x;;;;;;;;;;;;
EVTDESC65032;Мой [This.Religion.GetRandomGodName], почему ты оставил меня? Я был[GetEndA] проклят[GetEndA] лихорадкой, адской головной болью, и теперь кашляю кровью. Я думаю, что [Root.Religion.GetRandomGodName], должно быть, решил наказать меня за мои грехи!;x;;;;;;;;;;;;
EVTDESC65033;[This.Religion.GetRandomGodName] излечивал людей подобных мне, если бы я просто был[GetEndA] более набожн[GetOyYm] и действительно раскаива[GetLasLsya] в своих грехах, то Он мог бы излечить и меня также.;x;;;;;;;;;;;;
EVTOPTA65033;Простите меня, [This.Religion.GetRandomGodName], поскольку я грешил[GetEndA]…;x;;;;;;;;;;;;
EVTOPTB65036;Я благодарю [This.Religion.GetRandomGodName] от всей души;x;;;;;;;;;;;;
EVTOPTC65049;[This.Religion.GetRandomGodName] вылечит меня!;x;;;;;;;;;;;;
EVTTOOLTIP65054;[This.Religion.GetRandomGodName] ответит на молитвы;x;;;;;;;;;;;;
EVTOPTB65053;[This.Religion.GetRandomGodName] наказывает меня справедливо за мои грехи;x;;;;;;;;;;;;
EVTDESC65054;[This.Religion.GetRandomGodName] ответил на мои молитвы! Я вылечен[GetEndA] от моей болезни и могу искупить свои грехи прежде, чем будет слишком поздно.;x;;;;;;;;;;;;
EVTDESC65055;Почему, я бол[GetSoftNaEn], [From.GetRootRelation], это [This.Religion.GetRandomGodName] наказывает меня? Я не сделал[GetEndA] ничего плохого, не так ли?;x;;;;;;;;;;;;
EVTOPTA65055;[This.Religion.GetRandomGodName] должен наказать меня!;x;;;;;;;;;;;;
EVTDESC65056;М[From.GetOyaOy] [From.GetRootRelation] [From.GetFirstName] очень бол[From.GetSoftNaEn]. [From.GetSheHe] бредит и просит, чтобы [This.Religion.GetRandomGodName], наказавший [From.GetHerHis], простил грехи.;x;;;;;;;;;;;;
EVTOPTD65056;[This.Religion.GetRandomGodName] вылечит Вас!;x;;;;;;;;;;;;
EVTDESC73010;Я читаю книгу '[Root.Religion.GetScriptureName]', где утверждается, что смерть не является тем, чего истинный верующий должен бояться.;x;;;;;;;;;;;;
#events;;x;;;;;;;;;;;;
#modifiers, traits;;x;;;;;;;;;;;;
true_knight;Истинный Рыцарь;x;;;;;;;;;;;;
true_knight_desc;Настоящий рыцарь приносит клятву церкви быть храбрым и свободным от смертных грехов.;x;;;;;;;;;;;;
crusader_rhllor;Поборник Р'глора;x;;;;;;;;;;;;
crusader_rhllor_desc;Этот персонаж сражался за своего Бога, Р'глора.;x;;;;;;;;;;;;
#religion names;;x;;;;;;;;;;;;
westerosi_religion;Религии Вестероса;x;;;;;;;;;;;;
westerosi_religion_FEATURES;§Y*§! Эта религия традиционна против рабства;x;;;;;;;;;;;;
the_seven;Семибожие;x;;;;;;;;;;;;
the_seven_DESC;Традиционная религия андалов. Это монотеистическая религия, бог которой имеет семь воплощений – Отец, Мать, Воин, Дева, Кузнец, Старица, и Неведомый – но, зачастую их воспринимают как разных сущностей. Священники Семибожия называются Септонами и Септами, службы проходят в семисторонних храмах называемых септами.;x;;;;;;;;;;;;
the_seven_FEATURES;§Y*§! Можно получать и даровать рыцарство, и взять оруженосца (даже если у оруженосца иная религия)\n§Y*§! Можно проводить турниры\n§Y*§! Дети от любовниц считаются незаконными бастардами;x;;;;;;;;;;;;
GOD_FATHER;Отец;x;;;;;;;;;;;;
GOD_MOTHER;Мать;x;;;;;;;;;;;;
GOD_WARRIOR;Воин;x;;;;;;;;;;;;
GOD_MAIDEN;Дева;x;;;;;;;;;;;;
GOD_SMITH;Кузнец;x;;;;;;;;;;;;
GOD_CRONE;Старица;x;;;;;;;;;;;;
GOD_THE_STRANGER;Неведомый;x;;;;;;;;;;;;
GOD_SEVEN;Семеро;x;;;;;;;;;;;;
old_gods;Старые Боги;x;;;;;;;;;;;;
old_gods_DESC;Старые Боги - это безымянные духи природы которым поклоняются Первые люди, а до них Дети леса. Свои молитвы они совершают в Богорощах, в сердце которых растёт чародрево, в стволе которого вырезано лицо Бога.;x;;;;;;;;;;;;
GOD_THE_GODS;Боги;x;;;;;;;;;;;;
GOD_THE_OLD_GODS;Старые Боги;x;;;;;;;;;;;;
wildling_religion;Старые Боги Одичалых;x;;;;;;;;;;;;
wildling_religion_FEATURES;§Y*§! Можно приносить узников в жертву Богам;x;;;;;;;;;;;;
beyond_wall_old_gods;Старые Боги За Стеной;x;;;;;;;;;;;;
beyond_wall_old_gods_DESC;Старые Боги - это безымянные духи природы, которым поклоняются Первые люди, а до них Дети леса. За Стеной, у подножья чардрев, молятся Старым богам одичалые.;x;;;;;;;;;;;;
mountain_old_gods;Старые Боги Гор;x;;;;;;;;;;;;
mountain_old_gods_DESC;Старые Боги - это безымянные духи природы, которым поклоняются Первые люди, а до них Дети леса. В Лунных Горах еще остались кланы, которые произошли от Первых Людей, и которые до сих пор поклоняются Древним Богам.;x;;;;;;;;;;;;
mountain_old_gods_FEATURES;§Y*§! Можно использовать пленников как наложниц;x;;;;;;;;;;;;
thenn_rel;Тенн;x;;;;;;;;;;;;
thenn_rel_DESC;Тенны считают себя последними из Первых Людей, большинство из них говорит на Старом Языке и знают только несколько слов Общего Языка. Теннов возглавляет Магнар, который для его людей считается больше богом, чем человеком, в их долине Тенны живут по своим законам и имеют своих лордов, поэтому некоторые считают общество Теннов более сложным, чем у других свободных людей. Тенны - свирепые воины, из-за своей веры в Магнара как в своего бога, они абсолютно послушны и более дисциплинированы, чем прочий вольный народ. Они часто лучше оснащены, чем большинство одичалых, с бронзовыми шлемами, топорами из бронзы и колотого камня, короткими колющими копьями с листовидными головками, рубашками, сшитыми из бронзовых дисков и простыми неукрашенными щитами из черной вареной кожи с бронзовыми оправами и выступами.;x;;;;;;;;;;;;
GOD_THE_MAGNAR;Магнар;x;;;;;;;;;;;;
drowned_god_group;Религии Железнорожденных;x;;;;;;;;;;;;
drowned_god;Утонувший Бог;x;;;;;;;;;;;;
drowned_god_DESC;Железнорожденные поклоняются Утонувшему богу, который велит им грабить и убивать, а после смерти они отправятся в его покои, где им будут служить русалки. Обряд посвящения в эту веру представляет собой ритуальное утопление, что символизирует девиз этой религии: 'То, что мертво, умереть не может'.;x;;;;;;;;;;;;
drowned_god_FEATURES;§Y*§! Могут использовать пленников как наложниц (извсестные у железнорожденных как 'Морские жёны')\n§Y*§! Дети морских жен считаются законными, но исключаются из последовательности, если они не указаны иначе\n§Y*§! Независимые правители могут свободно вторгаться к соседям\n§Y*§! Могут приносить пленников в жертву Утонувшему Богу\n§Y*§! Верховный правитель избирается на Вече;x;;;;;;;;;;;;
GOD_THE_DROWNED_GOD;Утонувший Бог;x;;;;;;;;;;;;
storm_god;Штормовой Бог;x;;;;;;;;;;;;
storm_god_DESC;В мифах Жлезнорожденных, Штормовой Бог является антагонистом Утонувшего Бога. Он символизирует интриги, ярость и разброд в обществе жлезнорожденных. Его культ редок и таинственен.;x;;;;;;;;;;;;
GOD_STORM_GOD;Штормовой Бог;x;;;;;;;;;;;;
essos_religion;Религии Востока;x;;;;;;;;;;;;
essos_group;Религии Востока;x;;;;;;;;;;;;
valyrian_rel_group;Валирийскик Боги;x;;;;;;;;;;;;
valyrian_rel;Валирийская религия;x;;;;;;;;;;;;
valyrian_rel_DESC;Старая религия Древней Валирии. Но в день Рока она была уничтожена вместе со всеми валирийцами, лишь только дом Таргариенов до сих пор её исповедует.;x;;;;;;;;;;;;
valyrian_rel_FEATURES;§Y*§! Могут организовать браки между близкими родственниками\n§Y*§! Имеют §G+10§! отношений с другими религиями из-за своей религиодной терпимости\n§Y*§! Могут выбрать другую религиозную группу как свою Новую Веру и получить §G+10§! отношений с ее членами;x;;;;;;;;;;;;
GOD_BALERION;Балерион;x;;;;;;;;;;;;
GOD_MERAXES;Мараксeс;x;;;;;;;;;;;;
GOD_VHAGAR;Вхагар;x;;;;;;;;;;;;
GOD_URRAX;Урракс;x;;;;;;;;;;;;
GOD_SYRAX;Сиракс;x;;;;;;;;;;;;
rhllor;Р'глор;x;;;;;;;;;;;;
rhllor_DESC;Красные жрецы поклоняются Р'глору, Владыке Света, Огненному Сердцу, Богу Пламени и Тени. Его религия является крупнейшей в мире, весьма распространенной в Эссосе, а жрецы, по слухам, обладают чудодейственной силой. Вера Р'глора запрещает почитание ложных богов и ждет дня, когда легендарный герой Азор Ахай возродится и поведет их против Великого Иного и его слуг, ибо ночь темна и полна ужасов.;x;;;;;;;;;;;;
rhllor_FEATURES;§Y*§! Можно стать 'избранным' или 'под покровительством' Р'глора, и таким образом получить доступ к таинственным способностям защиты и исцеления;x;;;;;;;;;;;;
GOD_RHLLOR;Р'глор;x;;;;;;;;;;;;
GOD_GOD_OF_LIGHT;Владыка Света;x;;;;;;;;;;;;
GOD_THE_HOLY_FIRE;Священный Огонь;x;;;;;;;;;;;;
THE_FIRE;Пламя;x;;;;;;;;;;;;
black_goat;Культ Черного Козла Квохора;x;;;;;;;;;;;;
black_goat_DESC;Мрачный, зловещий и грязный культ народа Квохора. Черный Козел требует ежедневной жертвенной крови от своих последователей. Животных и узников постоянно приводят на кровавые алтари.;x;;;;;;;;;;;;
black_goat_FEATURES;§Y*§! Можно приносить пленников в жертву Черному Козлу;x;;;;;;;;;;;;
GOD_THE_BLACK_GOAT;Черный Козел Квохора;x;;;;;;;;;;;;
trios;Трио;x;;;;;;;;;;;;
trios_DESC;Трио - это трёхглавый бог Тироша;x;;;;;;;;;;;;
GOD_TRIOS;Трио;x;;;;;;;;;;;;
GOD_THE_DRUNKEN_GOD;Пьяный Бог;x;;;;;;;;;;;;
gods_lorath;Боги Лората;x;;;;;;;;;;;;
gods_lorath_DESC;Боги которым поклоняются жители вольного города Лорат;x;;;;;;;;;;;;
GOD_LORATH;Боги Лората;x;;;;;;;;;;;;
moonsingers;Лунные певцы;x;;;;;;;;;;;;
moonsingers_DESC;Лунные певцы – это древняя религия западного Эссоса, но их последователи были изгнаны Валирийцами. Последние смогли укрыться в Браавосе, где владеют самым большим храмом, поскольку являются основателями города.;x;;;;;;;;;;;;
moonsingers_FEATURES;§Y*§! Традиционная религия против рабства\n§Y*§! Имеют  §G+10§! отношений с другими религиями из-за своей религиодной терпимости\n§Y*§! Могут выбрать другую религиозную группу как свою Новую Веру и получить §G+10§! отношений с ее членами;x;;;;;;;;;;;;
GOD_MANY_FACED_GOD;Многоликий бог;x;;;;;;;;;;;;
bearded_priests;Бородатые священники;x;;;;;;;;;;;;
bearded_priests_DESC;Бородатые священники Норвоса поклоняются тайному богу, имя которого раскрывается только жрецам храма. Эти Бородатые Священники запрещают стричь свои волосы, носят закрытые капюшоны и традиционно женятся на своих топорах.;x;;;;;;;;;;;;
GOD_THE_AXE;Топор;x;;;;;;;;;;;;
bearded_priest;Бородатый жрец;x;;;;;;;;;;;;
bearded_priest_desc;Этот персонаж - Бородатый жрец.;x;;;;;;;;;;;;
ibben_rel;Иббенийские Боги;x;;;;;;;;;;;;
gods_ibben;Боги Иббена;x;;;;;;;;;;;;
gods_ibben_DESC;Боги Иббена - боги, которым поклоняется население Иббена;x;;;;;;;;;;;;
GOD_IBBEN;Боги Иббена;x;;;;;;;;;;;;
asshai_rel;Асшай;x;;;;;;;;;;;;
shadowbinders;Призыватели теней;x;;;;;;;;;;;;
shadowbinders_DESC;Призыватели теней;x;;;;;;;;;;;;
shadowbinder;Призыватель теней;x;;;;;;;;;;;;
shadowbinder_desc;Этот персонаж - призыватель теней.;x;;;;;;;;;;;;
GOD_SHADOW;Тень;x;;;;;;;;;;;;
ghiscar_rel;Гискарские Боги;x;;;;;;;;;;;;
harpy;Гарпия;x;;;;;;;;;;;;
harpy_DESC;Гарпия - это древний бог Гискарийской империи, до сих пор являющийся важным символом для своего народа…;x;;;;;;;;;;;;
GOD_HARPY;Гарпия;x;;;;;;;;;;;;
sarnor_rel;Сарнорские Боги;x;;;;;;;;;;;;
gods_sarnor;Боги Сарнора;x;;;;;;;;;;;;
gods_sarnor_DESC;Боги Сарнора - боги, которым поклоняется население Королевства Сарнор;x;;;;;;;;;;;;
GOD_SARNOR;Боги Сарнора;x;;;;;;;;;;;;
sarnor_rel;Сарнорийская;x;;;;;;;;;;;;
bone_mountains_rel;Гиркунийская;x;;;;;;;;;;;;
gods_bone_mountains;Боги Гиркуна;x;;;;;;;;;;;;
gods_bone_mountains_DESC;Боги Гиркуна -  боги, которым поклоняются народы Костяных Гор;x;;;;;;;;;;;;
gods_bone_mountains_FEATURES;§Y*§! Можно приносить пленников в жертву Богам;x;;;;;;;;;;;;
GOD_BONE_MOUNTAINS;Боги Гиркуна;x;;;;;;;;;;;;
qarth_rel;Квартийские Боги;x;;;;;;;;;;;;
qarth_warlocks;Колдуны;x;;;;;;;;;;;;
qarth_warlocks_DESC;Колдуны Кварта, Синие тени. Легенды утверждают, что владеют многими странными силами, что они могут видеть будущее и жить в течение тысяч лет благодаря тому, что они принимают Вечернюю Тень.;x;;;;;;;;;;;;
GOD_UNDYING;Бессмертный;x;;;;;;;;;;;;
yi_ti_rel;И-Ти;x;;;;;;;;;;;;
yiti_gods;Боги И-Ти;x;;;;;;;;;;;;
yiti_gods_DESC;В Золотой Империи И-Ти поклоняются тысячам разных богов. Главным среди них является Дева-из-Света, которая была женой Льва Ночи и родила Бога-на-Земле, основателя и первого правителя Великой Империи Зари;x;;;;;;;;;;;;
GOD_MAIDEN_LIGHT;Дева-из-Света;x;;;;;;;;;;;;
lion_night;Лев Ночи;x;;;;;;;;;;;;
lion_night_DESC;Лев Ночи;x;;;;;;;;;;;;
GOD_LION_NIGHT;Лев Ночи;x;;;;;;;;;;;;
bakkalon;Баккалон;x;;;;;;;;;;;;
bakkalon_DESC;Баккалон, Бледное дитя - это дух смерти, солдаты часто избирают его своим покровителем.;x;;;;;;;;;;;;
corsair_group;Боги Корсаров;x;;;;;;;;;;;;
corsair;Корсар;x;;;;;;;;;;;;
corsair_DESC;У корсаров один бог - нажива!;x;;;;;;;;;;;;
corsair_FEATURES;§Y*§! Можно использовать пленных как наложниц\n§Y*§! Традиционная рабовладельческая религия\n§Y*§! Вассалы могут отказаться служить из-за слабого наследника;x;;;;;;;;;;;;
pirate_group;Пиратские Боги;x;;;;;;;;;;;;
pirate;Пират;x;;;;;;;;;;;;
pirate_DESC;У пиратов один бог - нажива!;x;;;;;;;;;;;;
pirate_FEATURES;§Y*§! Можно использовать пленных как наложниц\n§Y*§! Традиционная рабовладельческая религия\n§Y*§! Вассалы могут отказаться служить из-за слабого наследника;x;;;;;;;;;;;;
GOD_BAKKALON;Баккалон;x;;;;;;;;;;;;
GOD_THE_PALE_CHILD;Бледное дитя;x;;;;;;;;;;;;
THE_SOLDIER;Солдат;x;;;;;;;;;;;;
many_faced_god;Многоликий Бог;x;;;;;;;;;;;;
many_faced_god_DESC;Безликие Браавоса утверждают, что есть один бог, которому поклоняются все - бог смерти, у которого много лиц. В Квохоре он - Черный Козел. В И-Ти - Лев Ночи. В Вестеросе - Неведомый. Всем его ликам поклоняются в их храме, в Черно-Белом Доме.;x;;;;;;;;;;;;
GOD_MANY_FACED_GOD;Многоликий Бог;x;;;;;;;;;;;;
rhoynar_pagan;Ройнарская мать;x;;;;;;;;;;;;
rhoynar_pagan_DESC;Река Ройна - величайшая река западного Эссоса, на чьих берегах поднялся ройнарский народ. Ройнары поклоняются ей как Матери Ройне и говорят, что ее сыновья, Крабий Король и Речной Старец сражаются друг с другом за господство над всей жизнью под водами.;x;;;;;;;;;;;;
rhoynar_pagan_FEATURES;§Y*§! Традиционная религия против рабства;x;;;;;;;;;;;;
GOD_MOTHER_RHOYNE;Ройнарская мать;x;;;;;;;;;;;;
GOD_OLD_MAN_RIVER;Речной Старец;x;;;;;;;;;;;;
GOD_CRAB_KING;Крабий Король;x;;;;;;;;;;;;
nath_pagan;Владыка Гармонии;x;;;;;;;;;;;;
nath_pagan_DESC;Люди Наата верят только в одного бога, Владыку Гармонии, которому служат бабочки, и который сотворил луну, звезды, Землю и всех существ. Говорят, что священные бабочки защищают Наат от всех, кто хочет причинит им вред.;x;;;;;;;;;;;;
nath_pagan_FEATURES;§Y*§! Традиционные пацифисты;x;;;;;;;;;;;;
nath_pagan_ahimsa_tooltip;Этот закон нарушает Наатийскую веру ненасилия;x;;;;;;;;;;;;
GOD_LORD_HARMONY;Владыка Гармонии;x;;;;;;;;;;;;
jogos_rel_group;Боги Джогос Нхая;x;;;;;;;;;;;;
jogos_pagan;Лунные Певцы Джогос Нхая;x;;;;;;;;;;;;
jogos_pagan_DESC;Кочевые отряды Джогос Нхаи управляется Джатом, или военачальником, и Лунным певцом, который объединяет роли жреца, целителя и судьи. Отряды Джогос Нхаи не воюют друг с другом, так как боги запрещают им проливать кровь своих людей. Вместо этого, в ритуалах, освященных богами, молодые люди выезжают, чтобы украсть коз, лошадей и собак из других отрядов, в то время как девушки отправляются на похищение мужей.;x;;;;;;;;;;;;
jogos_pagan_FEATURES;§Y*§! Кочевым лунным певцам запрещено воевать друг с другом. Только неженатые мужчины могут быть похищены, в то время как происходит набег\n§Y*§! Кочевые лунные певцы могут предлагать друг другу дипломатическую защиту;x;;;;;;;;;;;;
GOD_JOGOS;Боги Джогос Нхая;x;;;;;;;;;;;;
dothraki_rel_group;Дотракийские Боги;x;;;;;;;;;;;;
dothraki_pagan;Великий Жеребец;x;;;;;;;;;;;;
dothraki_pagan_DESC;Дотракийцы верят в Великого Жеребца, который следит за миром. Согласно их легендам, первый человек выехал из Чрева Мира под Матерью Гор, на первой лошади. Дотракийцы считают, что звезды - это стадо лошадей, скачущих по небу, и что, когда мертвого Дотракийца сжигают, его дух приссоединяется к ним.;x;;;;;;;;;;;;
GOD_GREAT_STALLION;Великий Жеребец;x;;;;;;;;;;;;
the_other_group;Иные;x;;;;;;;;;;;;
the_other;Иные;x;;;;;;;;;;;;
the_other_DESC;Красные жрецы утверждают, что существует другой бог, равный Р'глору и противоположный ему - Великий Иной, и что таинственные существа, которые живут за Стеной, являются его слугами.;x;;;;;;;;;;;;
GOD_THE_OTHER;Иные;x;;;;;;;;;;;;
GOD_LORD_DARKNESS;Владыка Тьмы;x;;;;;;;;;;;;
GOD_ICE;Бог Льда;x;;;;;;;;;;;;
moraq_rel;Мораки;x;;;;;;;;;;;;
stone_cow;Каменная Корова Фароса;x;;;;;;;;;;;;
stone_cow_DESC;Жители Фароса поклоняются Каменной Корове;x;;;;;;;;;;;;
GOD_STONE_COW;Каменная Корова Фароса;x;;;;;;;;;;;;
nghai_rel;Нгай;x;;;;;;;;;;;;
gods_nghai;Боги Нгая;x;;;;;;;;;;;;
gods_nghai_DESC;Старнные боги, которым поклоняются народы Нгая;x;;;;;;;;;;;;
GOD_NGHAI;Боги Нгая;x;;;;;;;;;;;;
burned_peasant;Сожженный Крестьянин;x;;;;;;;;;;;;
septon;Септон;x;;;;;;;;;;;;
septon_desc;Этот персонаж является членом мужского духовенства Веры Семерых;x;;;;;;;;;;;;
septa;Септа;x;;;;;;;;;;;;
septa_desc;Этот персонаж является членом женского духовенства Веры Семерых;x;;;;;;;;;;;;
title_septon;Септон;x;;;;;;;;;;;;
title_septon_desc;Этот персонаж является членом мужского духовенства Веры Семерых;x;;;;;;;;;;;;
title_septa;Септа;x;;;;;;;;;;;;
title_septa_desc;Этот персонаж является членом женского духовенства Веры Семерых;x;;;;;;;;;;;;
job_spiritual;Жрец;x;;;;;;;;;;;;
job_spiritual_the_seven;Септон;x;;;;;;;;;;;;
job_spiritual_drowned_god;Утопленник;x;;;;;;;;;;;;
job_spiritual_storm_god;Штормовой жрец;x;;;;;;;;;;;;
job_spiritual_rhllor;Красный Жрец;x;;;;;;;;;;;;
job_spiritual_dothraki_pagan;Шаман;x;;;;;;;;;;;;
job_spiritual_qarth_warlocks;Колдун;x;;;;;;;;;;;;
job_spiritual_harpy;Грация;x;;;;;;;;;;;;
job_spiritual_shadowbinders;Заклинатель тени;x;;;;;;;;;;;;
job_spiritual_valyrian;Заклинатель бурь;x;;;;;;;;;;;;
job_spiritual_jogos_pagan;Лунный певец;x;;;;;;;;;;;;
job_spiritual_pirate;Жрец;x;;;;;;;;;;;;
job_spiritual_corsair;Жрец;x;;;;;;;;;;;;
job_spiritual_great_shepherd;Божья жена;x;;;;;;;;;;;;
city_job_spiritual_the_seven;Септон;x;;;;;;;;;;;;
city_job_spiritual_drowned_god;Утопленник;x;;;;;;;;;;;;
city_job_spiritual_storm_god;Штормовой жрец;x;;;;;;;;;;;;
city_job_spiritual_rhllor;Красный Жрец;x;;;;;;;;;;;;
city_job_spiritual_dothraki_pagan;Шаман;x;;;;;;;;;;;;
city_job_spiritual_qarth_warlocks;Колдун;x;;;;;;;;;;;;
city_job_spiritual_harpy;Грация;x;;;;;;;;;;;;
city_job_spiritual_shadowbinders;Заклинатель тени;x;;;;;;;;;;;;
city_job_spiritual_valyrian;Заклинатель бурь;x;;;;;;;;;;;;
city_job_spiritual_jogos_pagan;Лунный певец;x;;;;;;;;;;;;
LP_job_spiritual_the_seven;Септон;x;;;;;;;;;;;;
LP_job_spiritual_drowned_god;Утопленник;x;;;;;;;;;;;;
LP_job_spiritual_storm_god;Штормовой жрец;x;;;;;;;;;;;;
LP_job_spiritual_rhllor;Красный Жрец;x;;;;;;;;;;;;
LP_job_spiritual_dothraki_pagan;Шаман;x;;;;;;;;;;;;
LP_job_spiritual_qarth_warlocks;Колдун;x;;;;;;;;;;;;
LP_job_spiritual_harpy;Грация;x;;;;;;;;;;;;
LP_job_spiritual_shadowbinders;Заклинатель тени;x;;;;;;;;;;;;
LP_job_spiritual_valyrian;Заклинатель бурь;x;;;;;;;;;;;;
LP_job_spiritual_jogos_pagan;Лунный певец;x;;;;;;;;;;;;
nomadic_job_spiritual_the_seven;Септон;x;;;;;;;;;;;;
nomadic_job_spiritual_drowned_god;Утопленник;x;;;;;;;;;;;;
nomadic_job_spiritual_storm_god;Штормовой жрец;x;;;;;;;;;;;;
nomadic_job_spiritual_rhllor;Красный Жрец;x;;;;;;;;;;;;
nomadic_job_spiritual_dothraki_pagan;Шаман;x;;;;;;;;;;;;
nomadic_job_spiritual_qarth_warlocks;Колдун;x;;;;;;;;;;;;
nomadic_job_spiritual_harpy;Грация;x;;;;;;;;;;;;
nomadic_job_spiritual_shadowbinders;Заклинатель тени;x;;;;;;;;;;;;
nomadic_job_spiritual_valyrian;Заклинатель бурь;x;;;;;;;;;;;;
nomadic_job_spiritual_jogos_pagan;Лунный певец;x;;;;;;;;;;;;
tribal_job_spiritual_the_seven;Септон;x;;;;;;;;;;;;
tribal_job_spiritual_drowned_god;Утопленник;x;;;;;;;;;;;;
tribal_job_spiritual_storm_god;Штормовой жрец;x;;;;;;;;;;;;
tribal_job_spiritual_rhllor;Красный Жрец;x;;;;;;;;;;;;
tribal_job_spiritual_dothraki_pagan;Шаман;x;;;;;;;;;;;;
tribal_job_spiritual_qarth_warlocks;Колдун;x;;;;;;;;;;;;
tribal_job_spiritual_harpy;Грация;x;;;;;;;;;;;;
tribal_job_spiritual_shadowbinders;Заклинатель тени;x;;;;;;;;;;;;
tribal_job_spiritual_valyrian;Заклинатель бурь;x;;;;;;;;;;;;
tribal_job_spiritual_jogos_pagan;Лунный певец;x;;;;;;;;;;;;
NW_job_spiritual_the_seven;Септон;x;;;;;;;;;;;;
NW_job_spiritual_drowned_god;Утопленник;x;;;;;;;;;;;;
NW_job_spiritual_storm_god;Штормовой жрец;x;;;;;;;;;;;;
NW_job_spiritual_rhllor;Красный Жрец;x;;;;;;;;;;;;
NW_job_spiritual_dothraki_pagan;Шаман;x;;;;;;;;;;;;
NW_job_spiritual_qarth_warlocks;Колдун;x;;;;;;;;;;;;
NW_job_spiritual_harpy;Грация;x;;;;;;;;;;;;
NW_job_spiritual_shadowbinders;Заклинатель тени;x;;;;;;;;;;;;
NW_job_spiritual_valyrian;Заклинатель бурь;x;;;;;;;;;;;;
NW_job_spiritual_jogos_pagan;Лунный певец;x;;;;;;;;;;;;
desc_job_spiritual;§Y$JOB$§! ваш персональный советник по вопросам веры;x;;;;;;;;;;;;
EVTDESCreligious.2;Я выбрал[GetEndA] церковную карьеру.;x;;;;;;;;;;;;
EVTDESCreligious.3;[Root.PrimaryTitle.GetFOA], я, [From.GetTitledFirstName], искренне прошу дать мне возможность продолжить карьеру как [From.Religion.GetPriestTitle] веры [From.Religion.GetName], чтобы я мог[From.GetNoneE] полностью посвятить себя учению [From.Religion.GetScriptureName].;x;;;;;;;;;;;;
TOOLTIPreligious.3TEMPLE;[From.GetTitledFirstName] покидает город [Root.Capital.GetName], чтобы стать служител[From.GetSoftNitseyEm] веры [From.Religion.GetName]\n;x;;;;;;;;;;;;
opinion_studying_religion;Учится в жречество;x;;;;;;;;;;;;
EVTDESCreligious.4;После многих лет обучения в веру [Root.Religion.GetScriptureName], я был[GetEndA] признан[GetEndA] достойн[GetOyYm] считаться как [From.Religion.GetPriestTitle] среди последователей веры [Root.Religion.GetName].;x;;;;;;;;;;;;
EVTDESCreligious.5;После многих лет обучения в веру [From.Religion.GetScriptureName], ваш[From.GetEndA] [From.GetRootRelation] [From.GetFirstName] был[From.GetEndA] признан[From.GetEndA] достойн[From.GetOyYm] среди [From.Religion.GetPriestTitle]ов последователей веры [From.Religion.GetName].;x;;;;;;;;;;;;
EVTDESCreligious.5B;После долгих лет воспитания и обучения использованию длинной секиры, ваш [From.GetRootRelation] [From.GetFirstName] считается достойным посвящения в Бородатые жрецы. Тайное имя нашего бога было [From.GetHerHim] открыто, и [From.GetSheHe] был заклеймён своим топором. [From.GetSheHeCap] получил запрет срезать свои волосы. [From.GetSheHeCap] также поклялся 'Служить. Повиноваться. Защищать'.;x;;;;;;;;;;;;
EVTDESCreligious.6;Семибожием управляет совет из высокопоставленного духовенства, самых набожных людей Вестероса. Самые влиятельные из них состоят в совете Праведынх и могут избирать Верховного Септона. Хотя Верховный Септон обычно избирается из числа самих Набожных, это не обязательное требование.;x;;;;;;;;;;;;
EVTOPTAreligious.6;Что мы имеем?;x;;;;;;;;;;;;
EVTDESCreligious.7;[Root.PrimaryTitle.GetFOA], место в совете Праведных свободно.;x;;;;;;;;;;;;
EVTOPTAreligious.7;Мы должны найти достойного Септона!;x;;;;;;;;;;;;
EVTDESCreligious.8;Я был избран на свободное место в совете Праведных.;x;;;;;;;;;;;;
EVTDESCreligious.9;[Root.PrimaryTitle.GetFOA], мне предложили войти в совет Праведных, высший совет Веры Семерых. Это - престижная должность, и по этому я принял предложение. \n\nВаш смиренный Септон [From.GetFirstName];x;;;;;;;;;;;;
EVTOPTAreligious.9;Он действительно набожный;x;;;;;;;;;;;;
EVTDESCreligious.10;Моё время прошло, теперь Праведные выберут моего преемника;x;;;;;;;;;;;;
EVTDESCreligious.11;[Root.PrimaryTitle.GetFOA], трагические новости, его святость, Верховный Септон, скончался.;x;;;;;;;;;;;;
EVTOPTAreligious.11;Нужно избрать приемника!;x;;;;;;;;;;;;
TOOLTIPSELECTHIGHSEPTON;Совет Праведных выберет нового Верховного Септона. В течение трех месяцев Вы должны назначить своим приемником наиболее лучшую по вашему мнению кандидатуру через личное взаимодействие. Но совет Праведынх скорее выберет Септона из своего круга.\n;x;;;;;;;;;;;;
EVTDESCreligious.13;Праведных избрали меня новым Великим Септоном и лидером Семибожия! Я тем самым откажусь от своего мирского имени, поскольку я больше не человек, а олицетворение самих Богов!;x;;;;;;;;;;;;
EVTDESCreligious.14;[Root.PrimaryTitle.GetFOA], после долгих споров, Праведных наконец избрали нового Верховного Септона. Его Святость отказался от мирского имени, поскольку он больше не человек, а олицетворение самих Богов.;x;;;;;;;;;;;;
EVTOPTAreligious.14;Да будет он благословлён!;x;;;;;;;;;;;;
EVTOPTBreligious.14;Он не кажется мне благочестивым;x;;;;;;;;;;;;
EVTOPTCreligious.14;Они выбрали мудро;x;;;;;;;;;;;;
EVTOPTDreligious.14;Они пожалеют, никто не смеет меня игнорировать.;x;;;;;;;;;;;;
TOOLTIPEVTOPTCreligious.14;Верующие в Семерых будут рассержены на вас, из-за того, что вы не выбрали Септона в качестве Верховного Септона;x;;;;;;;;;;;;
high_septon;Назначьте нового Верховного Септона;x;;;;;;;;;;;;
high_septon_desc;Нужен новый Верховный Септон, вы желаете чтобы им стал [Root.GetTitle] [Root.GetFirstName].;x;;;;;;;;;;;;
opinion_refused_church_career;Отказаться от духовной карьеры.;x;;;;;;;;;;;;
opinion_preferred_high_septon;Предпочитаемый Верховный Септон;x;;;;;;;;;;;;
opinion_selected_non_septon;Выбран нечестивый Верховный Септон;x;;;;;;;;;;;;
opinion_not_preferred_high_septon;Проигнорированное назначение Верховного Септона;x;;;;;;;;;;;;
TOOLTIPreligious.15;рассмотрит Ваше предложение;x;;;;;;;;;;;;
EVTDESCreligious.15;Я стану Верховным Септоном?;x;;;;;;;;;;;;
EVTDESCreligious.16;[Root.PrimaryTitle.GetFOA], я с удовольствием принимаю Ваше предложение, стать Верховным Септоном.\n\nВаш симренный, [From.GetTitledFirstNameWithDynastyAndTitleNoRegnal];x;;;;;;;;;;;;
EVTOPTAreligious.16;Теперь Праведные должен избрать его;x;;;;;;;;;;;;
EVTDESCreligious.17;[Root.PrimaryTitle.GetFOA], ваше предложение очень щедрое, но я должен отказаться. Я боюсь, что я буду плохим Верховным Септоном.\n\nВаш, [From.GetTitledFirstNameWithDynastyAndTitleNoRegnal];x;;;;;;;;;;;;
EVTOPTAreligious.17;Семь преисподен, он был бы хорошим Верховным Септоном!;x;;;;;;;;;;;;
EVTDESCreligious.18;Эта война против веры затянулась на многие месяцы, возможно, нам следует объявить амнистию Верховному Септону и всем, кто выступает против меня, если они согласятся распустить воинствующих в вере?;x;;;;;;;;;;;;
EVTOPTAreligious.18;Мы должны попытаться примириться;x;;;;;;;;;;;;
EVTOPTBreligious.18;Мир!? Никогда, я раздавлю их!;x;;;;;;;;;;;;
EVTDESCreligious.19;Ваше Святейшество, вы видите, что эта война затянулась слишком сильно. Если вы согласитесь расформировать военные ордены и добиться мира, я прослежу, чтобы вам и вашим последователям была предоставлена амнистия. Будьте уверены, что дом [From.GetOnlyDynastyName] обязуется защищать веру в её место.\n\nПодпись,\n[From.GetTitledFirstName];x;;;;;;;;;;;;
EVTOPTAreligious.19;Это мудрый путь;x;;;;;;;;;;;;
EVTOPTBreligious.19;Нет, они должны быть свергнуты.;x;;;;;;;;;;;;
EVTDESCreligious.20;Ваше предложение очень великодушно и мудро. Я принимаю и расформирую военные ордена и призываю моих последователей принять Вас как их истинного правителя,в обмен на вечную защиту веры Вашим Домом.\n\nПодпись,\nЕго Святейшесто, Верховный Септон;x;;;;;;;;;;;;
TOOLTIPreligious.19;Если Верховный Септон примет ваше предложение, вы будете помазаны как последователь Веры Семерых, обратившись к религии.\n;x;;;;;;;;;;;;
TOOLTIP2002050;Вы будете коронованы Верховным Септоном;x;;;;;;;;;;;;
EVTOPTBreligious.20;Мы наконец-то помирились;x;;;;;;;;;;;;
EVTDESCreligious.21;Я боюсь, позиции веры не сломить, Вы не [Root.GetTitle] и не готовы быть. Мы не будем распускать ордены, которые защищают верующих, если сделать это, то это поставит их на милость ваших прихотей.\n\nПодпись,\nЕго Святейшесто, Верховный Септон;x;;;;;;;;;;;;
EVTOPTBreligious.21;Еще больше кровопролития;x;;;;;;;;;;;;
EVTTOOLTIPreligious.19;получит ваше предложение;x;;;;;;;;;;;;
summer_rel_group;Летние Боги;x;;;;;;;;;;;;
summer_rel_group_FEATURES;§Y*§! Традиционная религия против рабства;x;;;;;;;;;;;;
summer_rel;Летние Боги;x;;;;;;;;;;;;
summer_rel_DESC;Народ Летних островов поклоняется жизни и любви. Среди их богов выделяется богиня плодородия с шестнадцатью грудями, а половой акт они считают искусством.;x;;;;;;;;;;;;
father_of_waters;Отец Вод;x;;;;;;;;;;;;
father_of_waters_DESC;Отец Вод - бог Браавоса. Каждый раз, когда он берет новую невесту, его храм разрушается и строится заново.;x;;;;;;;;;;;;
father_of_waters_FEATURES;§Y*§! Традиционная религия против рабства;x;;;;;;;;;;;;
GOD_FATHER_OF_WATERS;Отец Вод;x;;;;;;;;;;;;
great_shepherd;Великий Пастырь;x;;;;;;;;;;;;
great_shepherd_DESC;Великий Пастырь – это бог Лхазарян. Его жриц называют Божьими жёнами.;x;;;;;;;;;;;;
great_shepherd_FEATURES;§Y*§! Традиционная религия против рабства;x;;;;;;;;;;;;
GOD_GREAT_SHEPHERD;Великий Пастырь;x;;;;;;;;;;;;
influenced_election;Выборы Великого Септона находятся под влиянием;x;;;;;;;;;;;;
defied_liege;Повелитель бросил вызов;x;;;;;;;;;;;;
authority_weakened;Ослабление администрации;x;;;;;;;;;;;;
authority_strengthened;Укрепление администрации;x;;;;;;;;;;;;
lhazar_rel_group;Боги лхазарян;x;;;;;;;;;;;;
lady_of_spears;Леди Копий;x;;;;;;;;;;;;
lady_of_spears_DESC;Великую богиню Безупречные называют многими именами, включая Леди Копий, Матерь Многих, Жена-Воительница. Ее имя остается тайной тех, кто сжег свой мужской признак на алтаре.;x;;;;;;;;;;;;
LADY_OF_SPEARS;Леди Копий;x;;;;;;;;;;;;
GOD_THE_OTHERS;Иные;x;;;;;;;;;;;;
GOD_THE_GREAT_OTHER;Великий Иной;x;;;;;;;;;;;;
sympathy_westerosi;Симпатия к Вестеросским религиям;x;;;;;;;;;;;;
sympathy_westerosi_desc;Хотя этот персонаж не поклоняется вестеросским богам, он проявляет симпатию и терпимость к этим конфессиям и их пастве.;x;;;;;;;;;;;;
sympathy_drowned_god;Симатия к Утонувшему Богу;x;;;;;;;;;;;;
sympathy_drowned_god_desc;Хотя этот персонаж не поклоняется Утонувшему богу, все же он проявляет симпатию и понимание этой религии и ее последователям;x;;;;;;;;;;;;
sympathy_essos_group;Симпатия к восточным религиям;x;;;;;;;;;;;;
sympathy_essos_group_desc;Хотя этот персонаж не поклоняется восточным богам, все же он проявляет симпатию и понимание людям Вольных городов и этой религии.;x;;;;;;;;;;;;
sympathy_ghiscar_rel;Симпатия к Гарпии;x;;;;;;;;;;;;
sympathy_ghiscar_rel_desc; Этот персонаж не поклоняется Гарпии, но с симпатией и пониманием относится к гискарскому народу и религии;x;;;;;;;;;;;;
sympathy_valyrian_rel_group;Симпатия к валирийской вере;x;;;;;;;;;;;;
sympathy_valyrian_rel_group_desc;Этот персонаж не поклоняется валирийским богам, но с симпатией и пониманием относится к беженцам из Валирии и их богам;x;;;;;;;;;;;;
restore_faith_militant;Восстановление Святого Воинства;x;;;;;;;;;;;;
restore_faith_militant_desc;Святое Воинство восстановлено;x;;;;;;;;;;;;
TOOLTIPreligious.200;Святое Воинство восстановлено;x;;;;;;;;;;;;
opinion_raised_faith_authority;Повысил[_] авторитет религии;x;;;;;;;;;;;;
opinion_lowered_faith_authority;Понизил[_] авторитет религии;x;;;;;;;;;;;;
opinion_raised_faith_authority_bad;Поднял[_] авторитет Верховного Септона;x;;;;;;;;;;;;
opinion_lowered_faith_authority_good;Понизил[_] авторитет Верховного Септона;x;;;;;;;;;;;;
EVTDESCreligious.203;[Root.GetTitledFirstNameWithDynasty], совет Праведных созван, чтобы обсудить Ваши грехи и Его Святейшество Верховный Септон решил, что Вас нужно поместить под стражу в интересах Веры в городе [From.Capital.GetName] до последующего судебного решения.\n\n Писано пред взором Богов,\n Его Святейшество Верховный Септон;x;;;;;;;;;;;;
EVTOPTAreligious.201;Да, я предстану перед ним;x;;;;;;;;;;;;
EVTOPTBreligious.201;Я не отвечаю перед септонами;x;;;;;;;;;;;;
EVTDESCreligious.204;Ваш[From.GetEndA] [From.GetRootRelation] [From.GetTitledFirstName] попал[From.GetEndA] в немилость церкви. [From.GetSheHeCap] долж[From.GetNaEn] предстать перед Верховным Септоном в городе [FromFrom.Capital.GetName], чтобы свершился суд над [From.GetHerHis] предполагаемыми грехами. [From.GetFirstName] благородно согласи[From.GetLasLsya] остаться под стражей до окончания суда ;x;;;;;;;;;;;;
EVTDESCreligious.205;Ваш[From.GetEndA] [From.GetRootRelation] [From.GetTitledFirstName] попал[From.GetEndA] в немилость церкви. [From.GetSheHeCap] долж[From.GetNaEn] предстать перед Верховным Септоном в городе [FromFrom.Capital.GetName], чтобы свершился суд над [From.GetHerHis] предполагаемыми грехами. В отчаянии, [From.GetFirstName] просит вас спрятать [From.GetHerHis] в вашем замке.;x;;;;;;;;;;;;
EVTOPTAreligious.205;Нет, вы должны ответить перед Верой;x;;;;;;;;;;;;
EVTOPTBreligious.205;Вы будете здесь в безопасности;x;;;;;;;;;;;;
EVTTITLEreligious.200;Восстановление Святого Воинства;x;;;;;;;;;;;;
EVTDESCreligious.200;У Веры Семерых и Верховного Септона исторически существовало два боевых ордена, известные как Святое Воинство, призванное защищать веру. Сыны Воина состояли из фанатичных рыцарей, многие происходили из благородных семей, которые поклялись бороться с врагами веры. Состав Честных Бедняков был более скромным и состоял из простого люда и женщин. Эти легковооруженные пехотинцы защищали паломников Вестероса во время своих путешествий.\n\nСейчас Верховный Септон приобрел достаточного авторитета, чтобы восстановить Святое Воинство, благородные рыцари стекаются к Сынам Воина, крестьяне сотянми присоединяются к Честным Беднякам. Вера становится силой, с которой нельзя не считаться.;x;;;;;;;;;;;;
investiture_law_2;Средний авторитет религии;x;;;;;;;;;;;;
investiture_law_2_option;Средний;x;;;;;;;;;;;;
investiture_law_2_desc;Верховный Септон получает традиционные полномочия, включая право на вооружение и проведение испытаний.;x;;;;;;;;;;;;
investiture_law_3;Высокий авторитет религии;x;;;;;;;;;;;;
investiture_law_3_option;Высокий;x;;;;;;;;;;;;
investiture_law_3_desc;Верховный Септон получает традиционные полномочия, включая право на вооружение и проведение испытаний.;x;;;;;;;;;;;;
opinion_investiture_law_0;Минимальный авторитет религии;x;;;;;;;;;;;;
opinion_investiture_law_1;Понизить авторитет религии;x;;;;;;;;;;;;
opinion_investiture_law_3;Повысить авторитет религии;x;;;;;;;;;;;;
TOOLTIPreligious.290;Святое Воинство расформировано;x;;;;;;;;;;;;
EVTDESCreligious.290;Серия законов, которые принял[Root.GetEndA] [Root.Liege.GetTitledName] ограничивают полномочия [Root.Liege.GetHerHis] вассала, Верховного Септона в стране. Один из таких законов запрещает церкви содержать Святое Воинство, состоящее из Сынов Воина и Честных Бедняков.;x;;;;;;;;;;;;
TOOLTIPINVEST0;-Лорды могут назначать септонов-вассалов\n-Верховный септон не может отказать в благословлении своему сюзерену\n-Церковь не может созывать и вооружать Святое Воинство, как и не может присваивать земли;x;;;;;;;;;;;;
TOOLTIPINVEST1;-Верховный септон назначает Септонов\n-Верховный септон может отказать в благословлении своему сюзерену\n-Церковь не может созывать и вооружать Святое Воинство, как и не может присваивать земли\n;x;;;;;;;;;;;;
TOOLTIPINVEST2; -Верховный Септон назначает Септонов\n-Верховный септон может отказать в благословлении своему сюзерену\n-TЦерковь может созывать и вооружать Святое Воинство, но не может присваивать земли\n-Праведные могут вызывать последователей веры к судебному разбирательствуl\n-Верховный Септон может объявить нейтралитет в гражданских войнах;x;;;;;;;;;;;;
TOOLTIPINVEST3; -Верховный септон назначает Септонов\n-Верховный септон может отказать в благославлении своему сюзерену\n-Церковь может созывать и вооружать Святое Воинство и присваивать земли\n-Праведные могут призывать последователей веры к судебному разбирательству\n-Верховный Септон может объявить нейтралитет в гражданских войнах\n-Отлучение от церкви в войнах против веры является законным\n;x;;;;;;;;;;;;
EVTDESCreligious.301;Вы отдали одного из ваших младших сыновей в храм…;x;;;;;;;;;;;;
EVTDESCreligious.302;Ваш отец решил отправить тебя в храм.;x;;;;;;;;;;;;
EVTDESCreligious.303;Вы отдали одного из ваших младших сыновей в храм…;x;;;;;;;;;;;;
EVTDESCreligious.304;Ваш отец отдал тебя в храм.;x;;;;;;;;;;;;
lady_of_the_waves;Владычица Волн;x;;;;;;;;;;;;
lady_of_the_waves_DESC;Владычица Волн была древней богиней, которой поклонялись Первые Люди на Трёх Сёстрах. Священные бури были результатом совокупления Владычицы с Владыкой небес. Во времена поклонения ей, Сестринцы были свободным народом, которым правили собственные короли, которые также выступали в качестве пиратских королей;x;;;;;;;;;;;;
lady_of_the_waves_FEATURES;§Y*§! Могут использовать пленников как наложниц\n§Y*§! Традиционная рабовладельческая религия\n§Y*§! Если независимы, можно свободно нападать на соседей\n§Y*§! Могут стать объектом атаки в антипиратских войнах;x;;;;;;;;;;;;
GOD_LADY_OF_THE_WAVES;Владычица Волн;x;;;;;;;;;;;;
GOD_LORD_OF_THE_SKIES;Владыка Небес;x;;;;;;;;;;;;
high_faith_authority;Высокий авторитет религии;x;;;;;;;;;;;;
expelled_d_poor_fellows;Изгнал[_] Честных Бедняков;x;;;;;;;;;;;;
expelled_d_warriors_sons;Изгнал[_] Сынов Воина;x;;;;;;;;;;;;
TOOLTIPreligious.22;Верховный Септон решит, кто наследует персонажу [From.GetFirstNameWithDynasty] в государстве [From.PrimaryTitle.GetFullName];x;;;;;;;;;;;;
EVTDESCreligious.22;[FromFrom.GetFirstNameWithDynasty] явно не подходит для правления, Боги презирают [FromFrom.GetHerHis] порочный род. Теперь я должен определить, кто будет наследовать [FromFrom.GetHerHim].;x;;;;;;;;;;;;
EVTOPTAreligious.22;Наследник, [FromFrom.Heir.GetFirstName] [FromFrom.Heir.GetOnlyDynastyName], достоин;x;;;;;;;;;;;;
EVTOPTBreligious.22;Нет, отпрыск Дома [FromFrom.GetOnlyDynastyName] более благочестив;x;;;;;;;;;;;;
EVTOPTCreligious.22;Другой Лорд [FromFrom.PrimaryTitle.GetName] будет править;x;;;;;;;;;;;;
EVTOPTDreligious.22;Пришло время отказаться от этого Железного Трона;x;;;;;;;;;;;;
EVTOPTEreligious.22;Этот претендент является самым подходящим кандидатом;x;;;;;;;;;;;;
EVTDESCreligious.23;[Root.PrimaryTitle.GetFOA], свергнув предыдущего правителя, известного как [Root.PrimaryTitle.GetFullName], я счел вас наиболее достойным править. Предлагаю Вам защитить всех последователей веры [Root.Religion.GetName] и править справедливо как [Root.GetTitle].\n\nВаш,\n[FromFrom.GetTitledFirstName];x;;;;;;;;;;;;
EVTOPTBreligious.23;Я торжественно соглашаюсь;x;;;;;;;;;;;;
EVTDESCreligious.24;[Root.GetTitledFirstName], свергнув предыдущего правителя, известного как  [From.PrimaryTitle.GetFullName], я счел, что [From.GetFirstNameWithDynasty] самый достойный, и впредь он будет известен как ваш [From.GetTitle]. Я предлагаю вам принять [From.GetHerHis] сюзеренитет и присоединиться к н[From.GetHerHim] в защите веры.\n\nПодпись,\n[FromFromFrom.GetTitledFirstName];x;;;;;;;;;;;;
EVTDESCreligious.25;[Root.GetTitledFirstName], свергнув последнего правителя Железного Трона, я решил, что ни один человек больше не будет править Вестеросом. Железный Трон настоящим уничтожается, и все поклявшиеся лорды освобождаются от их присяги ему. Я предлагаю вам жить в мире и защищать Веру.\n\nПодпись,\nЕго Святейшество, Верховный Септон;x;;;;;;;;;;;;
EVTOPTBreligious.25;Смелый шаг;x;;;;;;;;;;;;
send_son_to_temple_rhllor;Отправить в Храм Р'глора;x;;;;;;;;;;;;
send_son_to_temple_rhllor_desc;[Root.GetTitledFirstName] отправится в Храм Р'глора, со временем [Root.GetSheHe] может стать красным жрецом;x;;;;;;;;;;;;
EVTDESCreligious.305;[From.GetTitledFirstName] был[From.GetEndA] явно расстроен[From.GetEndA] и рассержен[From.GetEndA] тем, что принудили присоединиться к духовенству веры [Root.Religion.GetName], и при этом оставить наследство и семью. На пути к храму, [From.GetSheHe] смог[From.GetNoneE] бежать от своего сопровождения и укрыться в чужих землях.;x;;;;;;;;;;;;
EVTOPTAreligious.305;[From.GetSheHeCap] всегда был[From.GetEndA] своенрав[From.GetNaEn];x;;;;;;;;;;;;
EVTDESCreligious.50;Шлюхи города [Root.Capital.GetName] - это оскорбление святых, искушение слабых, которые не могут контролировать свои низменные желания. Возможно, чтобы угодить Богам, проституция должна быть объявлена вне закона и все шлюхи и их дети будут изгнаны?;x;;;;;;;;;;;;
EVTOPTAreligious.50;Боги призывают к этому!;x;;;;;;;;;;;;
prostitution_illegal;Проституция вне закона;x;;;;;;;;;;;;
opinion_outlawed_prostitution;Проституция запрещена;x;;;;;;;;;;;;
EVTOPTBreligious.50;Нет, это вызовет слишком много проблем;x;;;;;;;;;;;;
EVTDESCreligious.51;[Root.GetTitledFirstName], проституция запрещена в городе [From.Capital.GetName], Все шлюхи и их дети должны быть немедленно высланы. Остальные, кто причастен к этим греховным деяниям, впредь будут осуждены мной и самими Богами.\n\nПисано пред взором Богов,\n[From.GetTitledFirstNameNoRegnal] из Дома [From.GetOnlyDynastyName], [From.GetRegnalOrdinal] [From.GetHerHis] имени;x;;;;;;;;;;;;
EVTOPTAreligious.51;[From.GetSheHe] понимает проблемы, которые это вызовет?;x;;;;;;;;;;;;
EVTDESCreligious.53;Один из моих предшественников объявил проституцию вне закона в городе [Root.Capital.GetName], изгнав всех шлюх. Это привело как к увеличению напряженности, так и к снижению доходов. Возможно, это действие должно быть отменено?;x;;;;;;;;;;;;
EVTOPTAreligious.53;Да, узаконить еще раз;x;;;;;;;;;;;;
opinion_legalised_prostitution;Легализировать проституцию;x;;;;;;;;;;;;
EVTOPTBreligious.53;Нет, это была хорошая идея;x;;;;;;;;;;;;
EVTDESCreligious.54;Бедняки города [Root.Capital.GetName] сильно страдают, борясь за то, чтобы есть и выживать. Может, мой долг, данный Богами, в том, чтобы помочь им? Ежедневно раздавать буханку хлеба каждому мужчине и женщине и доказывать Богам мое благочестие и достоинство.;x;;;;;;;;;;;;
EVTOPTAreligious.54;Опорожнить казну! Дать им хлеб!;x;;;;;;;;;;;;
donated_to_poor;Пожертвования бедным;x;;;;;;;;;;;;
opinion_excessive_donation;Непомерные пожертвования;x;;;;;;;;;;;;
EVTOPTBreligious.54;Они должны заботиться о себе сами;x;;;;;;;;;;;;
EVTDESCreligious.55;Септоны в Вере являются образцом праведности. Они жертвуют своими семейными узами, пообещав служить Семерым всю жизнь. На их фоне мое благочестие выглядит довольно плачевно, но Верховный Септон говорит, что принесение клятв Септона поднимет меня выше всех...;x;;;;;;;;;;;;
EVTOPTAreligious.55;Я поклялся всю жизнь служить Вере;x;;;;;;;;;;;;
opinion_took_septons_vows;Принял обеты Септона;x;;;;;;;;;;;;
EVTOPTBreligious.55;[Root.GetTitle] не может быть септоном;x;;;;;;;;;;;;
EVTDESCreligious.56;Лорды королевства начинают испытывать беспокойство от фанатичных и странных действий правителя, известного как [From.GetTitledFirstName]. [From.GetTitle] не только сорвал собственный брак, но и принял меры, чтобы [From.GetSheHe] больше никогда не смог заключить брак, приняв обеты септона, его поддержал Верховный Септон, который становится все более и более влиятельным;x;;;;;;;;;;;;
EVTOPTAreligious.56;[From.GetSheHeCap] заинтересован только духовными вопросами;x;;;;;;;;;;;;
EVTOPTAreligious.56B;Это оскорбление чести моей семьи!;x;;;;;;;;;;;;
EVTDESCreligious.57;Я придумал самую благочестивую идею для моего нового указа. Впредь я буду требовать, чтобы Цитадель использовала голубей, а не воронов, для передачи их сообщений. Голуби - это символ мира, мир, который они будут нести по всему миру от имени Богов!;x;;;;;;;;;;;;
EVTOPTAreligious.57;Семеро благословят королевство;x;;;;;;;;;;;;
EVTDESCreligious.58;[Root.GetTitledFirstName], для обеспечения мира и благочестия по всему королевству, настоящим приказываю, чтобы Цитадель и все мои знаменосцы использовали голубей, а не воронов для отправления сообщений.\n\nПодпись Священного Указа,\n[From.GetTitledFirstNameNoRegnal] из Дома [From.GetOnlyDynastyName], [From.GetRegnalOrdinal] [From.GetHerHis] имени;x;;;;;;;;;;;;
EVTOPTAreligious.58;Это смешно;x;;;;;;;;;;;;
EVTDESCreligious.59;Безответственная похоть и распущенность женщин страны позорят и оскорбляют богов. Я мог бы принудить к целомудрию силой, но вместо этого я буду поощрять его, предоставляя освобождение от налогов тем, кто обеспечит добродетель своих дочерей... через разумное использование поясов верности;x;;;;;;;;;;;;
EVTOPTAreligious.59;Мы все будем благословлены;x;;;;;;;;;;;;
EVTDESCreligious.60;[Root.GetTitledFirstName], греховная и похотливая природа женщин страны уже давно является проблемой. Поэтому, чтобы поощрить более благочестивое поведение, я предлагаю освобождение от налогов тем, кто обеспечит добродетель своих дочерей через строгое использование поясов верности.\n\nСвятой указ подписан,\n[From.GetTitledFirstNameNoRegnal] из Дома [From.GetOnlyDynastyName], [From.GetRegnalOrdinal] [From.GetHerHis] имени;x;;;;;;;;;;;;
EVTOPTAreligious.60;Неужели [From.GetSheHe] не может решать более важные вопросы?;x;;;;;;;;;;;;
EVTOPTBreligious.60;Ну, я мог бы использовать выгоду!;x;;;;;;;;;;;;
chastity_belt;Пояс Верности;x;;;;;;;;;;;;
EVTDESCreligious.61;Мейстеры изучают свои книги и свитки, полные неслыханных и нечестивых учений. Многие из них содержат непристойное и вопиющщее содержание, в других - греховная ложь. В частности, 'Неестественная история' Септона Барта полна порочных и кощунственных богохульств. Может, все они должны быть сожжены?!;x;;;;;;;;;;;;
opinion_burned_books;Сжег книги;x;;;;;;;;;;;;
EVTOPTAreligious.61;Их изучение карается смертью;x;;;;;;;;;;;;
EVTOPTBreligious.61;Нет, уничтожение знаний - это болезненная вещь;x;;;;;;;;;;;;
EVTDESCreligious.62;Фанатичные указы правителя [From.GetTitledFirstName] привели к прискорбному обороту. [From.GetSheHeCap] начал сжигать книги, которые считает кощунственными, в том числе бесценные свитки мейстеров и остальные безобидные истории. 'Неестественная История' Септона Барта, работа одного из самых ярких умов Семи Королевств, тоже была объявлена вне закона и сожжена. Потеряна значительная часть знаний.;x;;;;;;;;;;;;
EVTOPTAreligious.62;[From.GetTitle] явно сумасшедший;x;;;;;;;;;;;;
send_daughter_to_silent_sisters;Отправить в Молчаливые сестры;x;;;;;;;;;;;;
send_daughter_to_silent_sisters_desc;[This.GetTitledFirstNameWithDynastyAndTitleNoRegnal] будет отправлена в Молчаливые сестры;x;;;;;;;;;;;;
EVTDESCreligious.300;Вы отправили свою дочь в Молчаливые сестры.;x;;;;;;;;;;;;
EVTDESC2101001;Ваш отец решил отправить вас в Молчаливые сестры.;x;;;;;;;;;;;;
silent_sister;Молчаливая Сестра;x;;;;;;;;;;;;
silent_sister_desc;Этот человек посвятил свою жизнь почитанию умерших и погибших.;x;;;;;;;;;;;;
EVTDESC20002;Недавнее обращение провинции [converted_province.Location.GetName] в веру [Root.Religion.GetName] вызвало большие волнения приверженцов старой религии. Как знать, так и простой люд, чувствуют себя под угрозой.;x;;;;;;;;;;;;
EVTOPTA20002;В конечном итоге, они поймут;x;;;;;;;;;;;;
TOOLTIPreligious_unrestREALM;Все иноверческие провинции в государстве [Root.GetTitledFirstName] будут испытывать религиозные волнения в течение 5 лет\n;x;;;;;;;;;;;;
TOOLTIPreligious_unrestREALMKINGDOM;Все иноверческие провинции в государстве [converted_province.Kingdom.GetName], которые контролирует [Root.GetTitledFirstName] или [From.Liege.GetTitledFirstName] будут испытывать религиозные волнения в течение 5 лет\n;x;;;;;;;;;;;;
TOOLTIPreligious_unrestREALMDUCHY;Все иноверческие провинции в земле [converted_province.Duchy.GetName], которые контролирует [Root.GetTitledFirstName] или [From.Liege.GetTitledFirstName] будут испытывать религиозные волнения в течение 5 лет\n;x;;;;;;;;;;;;
opinion_religion_threatened;Религия под угрозой;x;;;;;;;;;;;;
TOOLTIPreligious_revoltABDICATE;[This.GetTitledFirstName] отрекается от поклонения вере [Root.Religion.GetName], поддержав [Root.GetTitledFirstName]\n;x;;;;;;;;;;;;
crushed_religious_revolt;Религиозное восстание подавлено;x;;;;;;;;;;;;
islands_rel;Островные Боги;x;;;;;;;;;;;;
fish_gods;Рыбьи Боги;x;;;;;;;;;;;;
fish_gods_DESC;Причудливые обожествленные рыбы, которым поклоняется странный народ Тысячи Островов;x;;;;;;;;;;;;
GOD_FISH_GODS;Рыбьи Боги;x;;;;;;;;;;;;
boash;Боаш;x;;;;;;;;;;;;
boash_DESC;Боаш, Слепой Бог, является божеством, которому когда-то поклонялись в Валирии и одно из божеств валирийцев, которые осело в Лорате.\n\nОтвергая всех других богов, последователи Боаша были евнухами, не ели плоти, не пили вина, ходили босиком по всему миру, одетые только в глухие капюшоны и шкуры. Только в темноте, по их мнению, открывался их третий глаз, позволяя увидеть 'высшие истины' мироздания, которые скрывались за иллюзиями мира. Поклоняющиеся Боашу полагали, что вся жизнь священна и вечна, что мужчины и женщины равны, что лорды и крестьяне, богатые и бедные, рабы и хозяева, люди и звери похожи друг на друга, и все одинаково равны перед богом;x;;;;;;;;;;;;
GOD_BOASH;Боаш;x;;;;;;;;;;;;
GOD_THE_BLIND_GOD;Слепой Бог;x;;;;;;;;;;;;
EVTOPTDreligious.3;Я не хочу, чтобы мои родственники утратили свои таланты;x;;;;;;;;;;;;
starry_rel;Церковь Звездной Премудрости;x;;;;;;;;;;;;
starry_wisdom;Звездная Премудрость;x;;;;;;;;;;;;
starry_wisdom_DESC;Церковь Звездной Премудрости. Полагают, что она была основана давно, в Золотой Империи Зари Императором Кровавой Яшмы, который начал поклоняться черному монолиту, упавшему с небес.;x;;;;;;;;;;;;
leng_rel;Лэнг;x;;;;;;;;;;;;
old_ones;Древние;x;;;;;;;;;;;;
old_ones_DESC;Уроженцы Лэнга поклонялись Древним, которые, по их мнению, населяли лабиринты и туннели под странными руинами на острове.  Время от времени, Древние приказывали Божественной Императрице совершать  жертвоприношение в честь них.;x;;;;;;;;;;;;
GOD_OLD_ONES;Древние;x;;;;;;;;;;;;
sothoryos_rel_group;Соториойские Боги;x;;;;;;;;;;;;
sothoryos_rel;Темные Боги;x;;;;;;;;;;;;
sothoryos_rel_DESC;Пятнистая кожа соториойцев довольно толстая, часто в цвете коричневом и белом. Они обладают массивным скелетом и мускулисты, с длинными руками, скошенными лбами, огромными квадратными зубами, тяжелыми челюстями и грубыми черными волосами. Их широкие плоские носы скорее пятаки. Говорят, что женщины-соториоанки неспособны размножаться с мужчинами из Эссоса или Вестероса, порождая только мертворожденых или уродливых детей.\n\nСоториойцы известны корсарам соседних островов Василиска - те, которые живут ближе всего к морю на северном берегу и смогли  осознать торговлю. Гискарцы считают их тугодумными, но жестокими бойцами, из которых выходят хорошие рабы. Далее, к югу Соториоса, проживают более дикие племена, известные каннибализмом и поклоняющиеся Темным Богам с непристойными обрядами. Есть также недоказанные слухи о прочих расах и забытых народах, которые были изгнаны, уничтожены или поглощены Пятнисытми людьми, а также ящеролюдии безглазые пещерные жители.;x;;;;;;;;;;;;
restore_high_priest_in_volantis;Восстановить Верховного Жреца в Красном храме;x;;;;;;;;;;;;
restore_high_priest_in_volantis_desc;Верховный Жрец Р'глора в настоящее время не владеет своим традиционной должностью в Красном Храме Волантиса. Восстановление его в храме понравится последователям Владыки Света.;x;;;;;;;;;;;;
opinion_restored_high_priest;Должность Верховного Жреца восстановлена;x;;;;;;;;;;;;
tp_weirwood_tree;Чардрево;x;;;;;;;;;;;;
tp_weirwood_tree_desc;Все, чем вы можете заправлять - это единственное Чардрево.;x;;;;;;;;;;;;
tp_small_godswood;Небольшая Богороща;x;;;;;;;;;;;;
tp_small_godswood_desc;Ваш Чардрево росло, и вы добавили еще несколько ростков в сад.;x;;;;;;;;;;;;
tp_godswood;Богороща;x;;;;;;;;;;;;
tp_godswood_desc;Несколько ростков проросли, и ваш сад Чардрев зарастает молодняком.;x;;;;;;;;;;;;
tp_large_godswood;Большая богороща;x;;;;;;;;;;;;
tp_large_godswood_desc;В вашей Богороще теперь имеется великое множество Чардрев.;x;;;;;;;;;;;;
tp_godswood_forest;Лесная Богороща;x;;;;;;;;;;;;
tp_godswood_forest_desc;Ваша Богороща - крепкий и густой лес, глаза Богов многочисленны и широко распространены.;x;;;;;;;;;;;;
EVTDESCreligious.64;[Root.PrimaryTitle.GetFOA],\nЧардрева в области [target_weirwood_holding.GetName] растут все больше, действительно невероятное зрлище, совершенно ясно, что это свидетельство существования и одобрения Богов!;x;;;;;;;;;;;;
EVTOPTAreligious.64;Это замечательно!;x;;;;;;;;;;;;
EVTOPTBreligious.64;Я не хочу получать информацию о таких вещах;x;;;;;;;;;;;;
weeping_lady;Плачущая Госпожа;x;;;;;;;;;;;;
weeping_lady_DESC;Плачущая Госпожа из Лиса - это богиня любви, которой поклоняются многие лиссенийцы, она также украшает местную монету.;x;;;;;;;;;;;;
GOD_THE_WEEPING_LADY;Плачущая Госпожа;x;;;;;;;;;;;;
GOD_THE_LOVE_GODDESS;Богиня Любви;x;;;;;;;;;;;;
far_east_group;Боги Дальнего Востока;x;;;;;;;;;;;;
sympathy_wildling_religion;Симпатизирует одичалым;x;;;;;;;;;;;;
sympathy_wildling_religion_desc;Этот персонаж, хоть сам и не одичалый, сочувствует и понимает 'Вольный народ' и их убеждения.;x;;;;;;;;;;;;
sympathy_sarnor_rel;Симпатизирует сарнорским богам;x;;;;;;;;;;;;
sympathy_sarnor_rel_desc;Этот персонаж, хоть сам и не последователь сарнорских богов, испытывает сочувствие и понимание к сарнорцам и их убеждениям.;x;;;;;;;;;;;;
sympathy_qarth_rel;Симпатизирует квартийским богам;x;;;;;;;;;;;;
sympathy_qarth_rel_desc;Этот персонаж, хоть сам и не последователь квартийских богов, испытывает сочувствие и понимание к квартийцам и их убеждениям.;x;;;;;;;;;;;;
sympathy_far_east_group;Симпатизирует дальневосточным богам;x;;;;;;;;;;;;
sympathy_far_east_group_desc;Этот персонаж, хоть сам и не последователь дальневосточных богов, испытывает сочувствие и понимание людям Нефритового моря и их убеждениям.;x;;;;;;;;;;;;
sympathy_ibben_rel;Симпатизирует иббенийским богам;x;;;;;;;;;;;;
sympathy_ibben_rel_desc;Этот персонаж, хоть сам и не последователь иббенийских богов, испытывает сочувствие и понимание к иббенийцам и их убеждениям.;x;;;;;;;;;;;;
sympathy_dothraki_rel_group;Симпатизирует дотракийским богам;x;;;;;;;;;;;;
sympathy_dothraki_rel_group_desc;Этот персонаж, хоть сам и не дотракиец, испытывает сочувствие и понимание к дотракийцам и их убеждениям.;x;;;;;;;;;;;;
sympathy_jogos_rel_group;Симпатизирует джогоснхайским богам;x;;;;;;;;;;;;
sympathy_jogos_rel_group_desc;Этот персонаж, хоть сам и не последователь Джогоснхайских богов, испытывает сочувствие и понимание к Джогос Нхайцам и их убеждениям.;x;;;;;;;;;;;;
sympathy_lhazar_rel_group;Симпатизирует лхазарянским богам;x;;;;;;;;;;;;
sympathy_lhazar_rel_group;Этот персонаж, хоть сам и не последователь Великого Пастыря, испытывает сочувствие и понимание к лхазарянам и их убеждениям.;x;;;;;;;;;;;;
sympathy_summer_rel_group;Симпатизирует летним богам;x;;;;;;;;;;;;
sympathy_summer_rel_group_desc;Этот персонаж, хоть и совершенно другой веры, испытывает сочувствие и понимание людям Летнего Моря и их убеждениям.;x;;;;;;;;;;;;
sympathy_sothoryos_rel_group;Симпатизирует соториойским богам;x;;;;;;;;;;;;
sympathy_sothoryos_rel_group_desc;Этот человек, хоть и совершенно другой веры, испытывает сочувствие и понимание к соториойцам и их тёмных богам.;x;;;;;;;;;;;;
sympathy_pirate_group;Симпатизирует пиратам;x;;;;;;;;;;;;
sympathy_pirate_group_desc;Этот персонаж, хоть сам и не пират, испытывает сочувствие и понимание к пиратам и их обычаям.;x;;;;;;;;;;;;
GOD_MERLIN_KING;Король-Кречет;x;;;;;;;;;;;;
GOD_AQUAN;Акван;x;;;;;;;;;;;;
GOD_HOODED_WAYFARER;Путник в капюшоне;x;;;;;;;;;;;;
GOD_MOONPALE_MAIDEN;Бледно-Лунная Дева;x;;;;;;;;;;;;
GOD_SEMOSH;Семош;x;;;;;;;;;;;;
GOD_SELLOSO;Селлосо;x;;;;;;;;;;;;
GOD_SILENT_GOD;Молчаливый Бог;x;;;;;;;;;;;;
GOD_THE_DEMONS;Демоны;x;;;;;;;;;;;;
GOD_DARK_SPIRITS;Темные Духи;x;;;;;;;;;;;;
String_The_Great_Other;Великий Иной;x;;;;;;;;;;;;
String_Lord_of_Darkness;Лорд Тьмы;x;;;;;;;;;;;;
String_Heart_of_Cold;Сердце Холода;x;;;;;;;;;;;;
String_God_of_Death;Бог Смерти;x;;;;;;;;;;;;
GOD_Nyarlathotep;Ньярлатотеп;x;;;;;;;;;;;;
westerosi_religion_opinion;Мнение вестеросских богов;x;;;;;;;;;;;;
the_seven_opinion;Мнение Семерых;x;;;;;;;;;;;;
old_gods_opinion;Мнение Старых Богов;x;;;;;;;;;;;;
wildling_religion_opinion;Мнение Старых Богов одичалых;x;;;;;;;;;;;;
beyond_wall_old_gods_opinion;Мнение Старых Богов одичалых;x;;;;;;;;;;;;
mountain_old_gods_opinion;Мнение Старых Богов Лунных гор;x;;;;;;;;;;;;
thenn_rel_opinion;Мнение Богов теннов;x;;;;;;;;;;;;
drowned_god_group_opinion;Мнение Богов железнорожденных;x;;;;;;;;;;;;
drowned_god_opinion;Мнение Утонувшего Бога;x;;;;;;;;;;;;
storm_god_opinion;Штормовой Бог;x;;;;;;;;;;;;
essos_group_opinion;Мнение восточных богов;x;;;;;;;;;;;;
rhllor_opinion;Мнение Р'глора;x;;;;;;;;;;;;
black_goat_opinion;Мнение Чёрного Козла;x;;;;;;;;;;;;
gods_lorath_opinion;Мнение Богов Лората;x;;;;;;;;;;;;
moonsingers_opinion;Мнение Лунных певцов;x;;;;;;;;;;;;
trios_opinion;Мнение Трио;x;;;;;;;;;;;;
bearded_priests_opinion;Мнение Бородатых священников;x;;;;;;;;;;;;
bakkalon_opinion;Мнение Баккалона;x;;;;;;;;;;;;
many_faced_god_opinion;Мнение Многоликого Бога;x;;;;;;;;;;;;
father_of_waters_opinion;Мнение Отца Вод;x;;;;;;;;;;;;
rhoynar_pagan_opinion;Мнение Матери Ройны;x;;;;;;;;;;;;
boash_opinion;Мнение Боаша;x;;;;;;;;;;;;
weeping_lady_opinion;Мнение Плачущей Госпожи;x;;;;;;;;;;;;
valyrian_rel_group_opinion;Мнение валирийских богов;x;;;;;;;;;;;;
valyrian_rel_opinion;Мнение Валирии;x;;;;;;;;;;;;
dragon_rel_opinion;Мнение Дракона;x;;;;;;;;;;;;
sarnor_rel_opinion;Мнение сарнорских богов;x;;;;;;;;;;;;
gods_sarnor_opinion;Мнение Богов Сарнора;x;;;;;;;;;;;;
qarth_rel_opinion;Мнение квартийскиз богов;x;;;;;;;;;;;;
qarth_warlocks_opinion;Мнение Колдунов;x;;;;;;;;;;;;
ghiscar_rel_opinion;Мнение гискарских богов;x;;;;;;;;;;;;
harpy_opinion;Мнение Гарпии;x;;;;;;;;;;;;
lady_of_spears_opinion;Мнение Леди Копий;x;;;;;;;;;;;;
far_east_group_opinion;Мнение дальневосточных богов;x;;;;;;;;;;;;
yiti_gods_opinion;Мнение Богов И-Ти;x;;;;;;;;;;;;
lion_night_opinion;Мнение Льва Ночи;x;;;;;;;;;;;;
starry_wisdom_opinion;Мнение Звездной Премудрости;x;;;;;;;;;;;;
old_ones_opinion;Мнение Древних;x;;;;;;;;;;;;
shadowbinders_opinion;Мнение заклинателей теней;x;;;;;;;;;;;;
gods_bone_mountains_opinion;Мнение богов Гиркуна;x;;;;;;;;;;;;
gods_nghai_opinion;Мнение богов Нгая;x;;;;;;;;;;;;
stone_cow_opinion;Мнение Каменной Коровы Фароса;x;;;;;;;;;;;;
ibben_rel_opinion;Мнение иббенийских богов;x;;;;;;;;;;;;
gods_ibben_opinion;Мнение богов Иббена;x;;;;;;;;;;;;
dothraki_rel_group_opinion;Мнение дотракийских богов;x;;;;;;;;;;;;
dothraki_pagan_opinion;Мнение Великого Жеребца;x;;;;;;;;;;;;
jogos_rel_group_opinion;Мнение джогоснхайских богов;x;;;;;;;;;;;;
jogos_pagan_opinion;Мнение Джогоснхайских Лунных певцов;x;;;;;;;;;;;;
lhazar_rel_group_opinion;Мнение лхазарянских богов;x;;;;;;;;;;;;
great_shepherd_opinion;Мнение Великого Пастыря;x;;;;;;;;;;;;
summer_rel_group_opinion;Мнение летнеостровных богов;x;;;;;;;;;;;;
summer_rel_opinion;Мнение богов Летних островов;x;;;;;;;;;;;;
nath_pagan_opinion;Мнение Владыки Гармонии;x;;;;;;;;;;;;
pirate_group_opinion;Мнение пиратских богов;x;;;;;;;;;;;;
pirate_opinion;Пиратское мнение;x;;;;;;;;;;;;
lady_of_the_waves_opinion;Мнение Леди Волн;x;;;;;;;;;;;;
corsair_group_opinion;Мнение корсарских богов;x;;;;;;;;;;;;
corsair_opinion;Мнение корсаров;x;;;;;;;;;;;;
unoccupied_rel_group_opinion;Мнение Свободных Земель;x;;;;;;;;;;;;
ruin_rel_opinion;Мнение Руин;x;;;;;;;;;;;;
winter_religion_opinion;Мнение Зимы;x;;;;;;;;;;;;
cold_gods_opinion;Мнених Холодных богов;x;;;;;;;;;;;;
islands_rel_opinion;Мнение богов островитян;x;;;;;;;;;;;;
fish_gods_opinion;Мнение Рыбьего бога;x;;;;;;;;;;;;
sothoryos_rel_group_opinion;Мнение соториойских богов;x;;;;;;;;;;;;
sothoryos_rel_opinion;Мнение Тёмных богов;x;;;;;;;;;;;;
choose_syncretic_faith;Выбрать синкретическую веру;x;;;;;;;;;;;;
choose_syncretic_faith_desc;Вера [Root.Religion.GetName] очень терпима к другим религиям. Из-за этого вы можете выбрать синкретическую веру, с которой вы согласитесь, наряду с вашими истинными убеждениями в [Root.Religion.GetName], чтобы улучшить свое положение с его членами.;x;;;;;;;;;;;;
TOOLTIPhas_chosen_syncretic_faith;Уже выбрана синкретическая вера\n;x;;;;;;;;;;;;
EVTDESCreligious.65;Выберите свою синкретическую веру;x;;;;;;;;;;;;
EVTOPTAreligious.65;Больше религий;x;;;;;;;;;;;;
EVTOPTBreligious.65;Вестеросские боги;x;;;;;;;;;;;;
EVTOPTCreligious.65;Боги одичалых;x;;;;;;;;;;;;
EVTOPTDreligious.65;Железнорождённые боги;x;;;;;;;;;;;;
EVTOPTEreligious.65;Восточные боги;x;;;;;;;;;;;;
EVTOPTFreligious.65;Сарнорские боги;x;;;;;;;;;;;;
EVTOPTGreligious.65;Квартийские боги;x;;;;;;;;;;;;
EVTOPTHreligious.65;Гискарские боги;x;;;;;;;;;;;;
EVTOPTIreligious.65;Дальневосточные боги;x;;;;;;;;;;;;
EVTOPTJreligious.65;Иббенийские боги;x;;;;;;;;;;;;
EVTOPTKreligious.65;Дотракийкие боги;x;;;;;;;;;;;;
EVTOPTLreligious.65;Джогоснхайские боги;x;;;;;;;;;;;;
EVTOPTMreligious.65;Лхазарянские оги;x;;;;;;;;;;;;
EVTOPTNreligious.65;Боги Летних островов;x;;;;;;;;;;;;
EVTOPTOreligious.65;Пиратские боги;x;;;;;;;;;;;;
EVTOPTPreligious.65;Островные боги;x;;;;;;;;;;;;
EVTOPTQreligious.65;Соториойские боги;x;;;;;;;;;;;;
EVTOPTRreligious.65;Языческие боги;x;;;;;;;;;;;;
EVTOPTSreligious.65;Валирийские боги;x;;;;;;;;;;;;
syncretic_faith_westerosi_religion;Синкретическая Вера - Вестеросские Боги;x;;;;;;;;;;;;
syncretic_faith_wildling_religion;Синкретическая Вера - Старые Боги Одичалых;x;;;;;;;;;;;;
syncretic_faith_drowned_god_group;Синкретическая Вера - Боги Железнорождённых;x;;;;;;;;;;;;
syncretic_faith_essos_group;Синкретическая Вера - Боги Востока;x;;;;;;;;;;;;
syncretic_faith_sarnor_rel;Синкретическая Вера - Сарнорские Боги;x;;;;;;;;;;;;
syncretic_faith_qarth_rel;Синкретическая Вера - Квартийские Боги;x;;;;;;;;;;;;
syncretic_faith_ghiscar_rel;Синкретическая Вера - Гискарские Боги;x;;;;;;;;;;;;
syncretic_faith_far_east_group;Синкретическая Вера - Дальневосточные Боги;x;;;;;;;;;;;;
syncretic_faith_ibben_rel;Синкретическая Вера - Иббенийские Боги;x;;;;;;;;;;;;
syncretic_faith_dothraki_rel_group;Синкретическая Вера - Дотракийкие Боги;x;;;;;;;;;;;;
syncretic_faith_jogos_rel_group;Синкретическая Вера - Джогоснхайские Боги;x;;;;;;;;;;;;
syncretic_faith_lhazar_rel_group;Синкретическая Вера - Лхазарянские Боги;x;;;;;;;;;;;;
syncretic_faith_summer_rel_group;Синкретическая Вера - Боги Летних Островов;x;;;;;;;;;;;;
syncretic_faith_pirate_group;Синкретическая Вера - Пиратские Боги;x;;;;;;;;;;;;
syncretic_faith_islands_rel;Синкретическая Вера - Боги Островитян;x;;;;;;;;;;;;
syncretic_faith_sothoryos_rel_group;Синкретическая Вера - Соториойские Боги;x;;;;;;;;;;;;
syncretic_faith_pagan_group;Синкретическая Вера - Языческие Боги;x;;;;;;;;;;;;
syncretic_faith_valyrian_rel_group;Синкретическая Вера - Валирийские Боги;x;;;;;;;;;;;;
opinion_executed_religion_head;Казнён мой религиозный глава;x;;;;;;;;;;;;
opinion_murdered_religion_head;Убит мой религиозный глава;x;;;;;;;;;;;;
EVTDESCreligious.80;Многие из последователей веры [From.Religion.GetName] недовольны, что глава религии, [From.GetTitledFirstName], был беспощадно казнён Вами.;x;;;;;;;;;;;;
EVTDESCreligious.80B;Многие из последователей Веры Семерых недовольны, что вы беспощадно казнили главу религии, Верховного Септона.;x;;;;;;;;;;;;
EVTOPTAreligious.80;Ну, [From.GetSheHe] не долж[From.GetNaEn] был[From.GetEndA] мне перечить!;x;;;;;;;;;;;;
TOOLTIPreligious.80;Многие другие последователи веры [From.Religion.GetName] при дворе, в государстве и за рубежом также недовольны (фанатики, честные или септоны).;x;;;;;;;;;;;;
EVTOPTAreligious.5;Хорошо [From.GetHerHim];x;;;;;;;;;;;;
EVTOPTBreligious.5;Я не был[GetEndA] бы рад[GetEndA] видеть, что [GetRootFromInsult] снова;x;;;;;;;;;;;;
EVTDESCreligious.30;Верховный Септон предал меня анафеме за мои предполагаемые грехи, и отлучил меня от веры.;x;;;;;;;;;;;;
EVTOPTAreligious.30;Проклятие!;x;;;;;;;;;;;;
EVTDESCreligious.31;Ваш[excommunicated_character.GetEndA] [excommunicated_character.GetRootRelation] [excommunicated_character.GetTitledFirstNameWithDynasty] предан[excommunicated_character.GetEndA] анафеме Верховным Септоном за [excommunicated_character.GetHerHis] предполагаемые грехи, отлучив [excommunicated_character.GetHerHis] от веры.;x;;;;;;;;;;;;
EVTOPTAreligious.31;Тяжкое событие для н[excommunicated_character.GetHerHis];x;;;;;;;;;;;;
THE_SCRIPTURES;Священная книга;x;;;;;;;;;;;;
THE_SCRIPTURES_GOAT;Священная книга Черного Козла;x;;;;;;;;;;;;
THE_MOON_BOOKS;Лунные книги;x;;;;;;;;;;;;
THE_TESTAMENTS_OF_TRIOS;Завет Трио;x;;;;;;;;;;;;
THE_HOLY_BOOK_AXE;Священная книга Секиры;x;;;;;;;;;;;;
THE_BOOK_OF_FACES;Книга Множества Лиц;x;;;;;;;;;;;;
THE_EYE;Око;x;;;;;;;;;;;;
THE_SHADE_TEXTS;Теневой Текст;x;;;;;;;;;;;;
THE_GOLDEN_BOOKS;Золотые книги;x;;;;;;;;;;;;
THE_NIGHT_TEXTS;Темные тексты;x;;;;;;;;;;;;
THE_BOOK_OF_WISDOM;Книга мудрости;x;;;;;;;;;;;;
GOD_CTHULHU;Ктулху;x;;;;;;;;;;;;
THE_TESTAMENTS_OF_CTHULHU;Заветы Ктулху;x;;;;;;;;;;;;
THE_SHADOW;Тень;x;;;;;;;;;;;;
THE_HOLY_COW;Священная корова;x;;;;;;;;;;;;
THE_TEXTS_OF_LOVE;Тексты о любви;x;;;;;;;;;;;;
GOD_Azathoth;Азатот;x;;;;;;;;;;;;
GOD_Yog-Sothoth;Йог-Сотот;x;;;;;;;;;;;;
THE_DRAGON_GODS;Боги дракона;x;;;;;;;;;;;;
GODSWIFE;Божья жена;x;;;;;;;;;;;;
PRIEST_female;Жрица;x;;;;;;;;;;;;
GOD_THE_SECRET_GOD;Тайный бог;x;;;;;;;;;;;;
send_child_to_temple_generic;Отправить в [Root.GetHouseOfWorshipCap] веры [Root.Religion.GetName];x;;;;;;;;;;;;
send_child_to_temple_generic_desc;Отправить персонажа [Root.GetTitledFirstName] в [Root.GetHouseOfWorshipCap] веры [Root.Religion.GetName], где [Root.GetSheHe] может стать  служителем веры.;x;;;;;;;;;;;;
TOOLTIPsend_child_to_temple_generic;[Root.GetTitledFirstName] отправляется в случайный[Root.GetHouseOfWorship] области;x;;;;;;;;;;;;
TOOLTIPsend_child_to_temple_genericA;Не имеет уже 2-х детей, отправленных в [Root.GetHouseOfWorship];x;;;;;;;;;;;;
ask_to_excommunicate;Запрос отлучения;;;;;;;;;;;x;;
ask_to_excommunicate_desc;Отправьте запрос Верховному Септону, чтобы [Root.GetTitledFirstNameWithDynasty] был[Root.GetEndA] отлучен[Root.GetEndA] от веры и предан[Root.GetEndA] анафеме.;;;;;;;;;;;;;x
TOOLTIPask_to_excommunicateONGOING;В настоящее время НЕ отправляет запрос на отлучение;;;;;;;;;;;;;x
TOOLTIPask_to_excommunicateRECENT;Недавно НЕ отменили отлучение от церкви;;;;;;;;;;;;;x
TOOLTIPdiplomatic.240;Запрос об отлучении отправился к Верховному Септону;;;;;;;;;;;;;x
REASON_excommunicate_NO_MOTIVE;У Верховного Септона нет причин объявлять об отлучении;;;;;;;;;;;;;x
REASON_excommunicate_TARGET_VASSAL;[Root.GetTitledFirstName] - повелитель Верховного Септона;;;;;;;;;;;;;x
REASON_excommunicate_HIGH_SEPTON_LIKE; [Root.GetTitledFirstName] пользуется любовью и уважением Верховного Септона;;;;;;;;;;;;;x
REASON_excommunicate_HIGH_SEPTON_DISLIKE;[Root.GetTitledFirstName] в плохих отношениях с Верховным Септоном;;;;;;;;;;;;;x
REASON_excommunicate_DISHONORABLE;[Root.GetTitledFirstName]  обладает бесчестием;;;;;;;;;;;;;x
REASON_excommunicate_HIGH_PIETY;[Root.GetTitledFirstName] обладает высокми благочестием;;;;;;;;;;;;;x
REASON_excommunicate_LOW_PIETY;[Root.GetTitledFirstName] обладает низким благочестием;;;;;;;;;;;;;x
REASON_excommunicate_ACTOR_VASSAL;Верховный Септон - ваш вассал;;;;;;;;;;;;;x
REASON_excommunicate_HIGH_SEPTON_LIKE_ACTOR;Верховный Септон любит вас;;;;;;;;;;;;;x
REASON_excommunicate_HIGH_SEPTON_DISLIKE_ACTOR;Верховный Септон не любит вас;;;;;;;;;;;;;x
REASON_excommunicate_HIGH_SEPTON_ZEALOUS;Верховный Септон обладает усердием;;;;;;;;;;;;;x
REASON_excommunicate_HIGH_SEPTON_CYNICAL;Верховный Септон циничен;;;;;;;;;;;;;x
EVTDESCdiplomatic.240;Ваше Святейшество, [From.GetTitledFirstNameWithDynasty] не кажется набожн[From.GetOyYm] и истинн[From.GetOyYm] верующ[From.GetEyIm] веры. Я прошу, чтобы [From.GetSheHe] был[From.GetEndA] отлучен[From.GetEndA]  от веры и пбедан[From.GetEndA]  нафеме.\n\nВаш[FromFrom.GetEndA]  смиренн[FromFrom.GetAyaYy],\n[FromFrom.GetTitledFirstNameWithDynasty];;;;;;;;;;;;;x
EVTOPTAdiplomatic.240;Согласен, это должно быть сделано;;;;;;;;;;;;;x
opinion_excommunicated_me;Отлучил меня;;;;;;;;;;;;;x
opinion_accepted_excom_request;Принят запрос об отлучении ;;;;;;;;;;;;;x
EVTOPTCdiplomatic.240;Нет, [From.GetTitledFirstName] не заслуживает этого;;;;;;;;;;;;;x
opinion_rejected_excom_request;Отклонён запрос на отлучение ;;;;;;;;;;;;;x
EVTDESCdiplomatic.241;[Root.GetTitledFirstName], выслушав разумный совет, который дал[FromFrom.GetEndA] [FromFrom.GetTitledFirstNameWithDynasty], стало ясно, что вы грешн[Root.GetAyaYy] и нечестив[Root.GetAyaYy]. Поэтому я объявляю вам анафему и отлучаю от церкви.\n\nПисано пред взором Семерых,\n[From.GetHerHisCap] Святейшество, Верховный Септон;;;;;;;;;;;;;x
EVTDESCdiplomatic.241B;[Root.GetTitledFirstName], после некоторого наблюдения за вашими действиями мне стало ясно, что вы грешн[Root.GetAyaYy] и нечестив[Root.GetAyaYy]. Поэтому я объявляю вам анафему и отлучаю от церкви.\n\nПисано пред взором Семерых,\n[From.GetHerHisCap] Святейшество, Верховный Септон;;;;;;;;;;;;;x
EVTOPTAdiplomatic.241;Как смеет эта [GetRootFromFromInsult] плести заговор против меня!;;;;;;;;;;;;;x
EVTDESCdiplomatic.242;[GetFromRootCompliment] [Root.GetTitledFirstName], отвратититльные выходки, которые творит [FromFrom.GetTitledFirstNameWithDynasty] больше не могут продолжаться! Я соглашусь, что [FromFrom.GetSheHe] отныне олучен[FromFrom.GetEndA] и предан[FromFrom.GetEndA]  анафеме!\n\nПисано пред взором Семерых,\n[From.GetHerHisCap] Святейшество, Верховный Септон;;;;;;;;;;;;;x
opinion_had_me_excom;Отлучил меня от Церкви;;;;;;;;;;;;;x
EVTDESCdiplomatic.243;[Root.GetTitledFirstName], я не согласен с вашей просьбой и поэтому отказываюсь объявлять анафему кроткому и благочестивому человеку, известному как [FromFrom.GetTitledFirstName].\n\nПисано пред взором Семерых,\n[From.GetHerHisCap] Святейшество, Верховный Септон;;;;;;;;;;;;;x
opinion_tried_to_have_me_excom;Попытка отлучить меня;;;;;;;;;;;;;x
REASON_excommunicate_KINSLAYER;[Root.GetTitledFirstName] - убийца родичей;;;;;;;;;;;;;x
craft_a_weirwood_weapon;Заказать оружие из Чардрева;;;;;;;;;;;;;x
craft_a_weirwood_weapon_desc;Поручите изготовить оружие из Чардрева, чтобы показать свою преданность богам.;;;;;;;;;;;;;x
craft_a_weirwood_weapontt;Решите, какое оружие создать. Полная стоимость будет зависеть от его типа.;;;;;;;;;;;;;x
EVTDESCreligious.88;Ваши люди собрали достаточное количество дерева из близлежащей Богорощи и ждут твоих приказов. Они хотят знать, какое оружие вы хотите изготовить.;;;;;;;;;;;;;x
EVTOPTAreligious.88;Лук, способный обрушить смерть на моих врагов.;;;;;;;;;;;;;x
EVTOPTBreligious.88;Надежное копье подойдет для меня.;;;;;;;;;;;;;x
EVTOPTCreligious.88;Я передумал[GetEndA].;;;;;;;;;;;;;x
REASON_excommunicate_TARGET_VASSAL_RELATION;Верховный Септон является вассалом родственника [Root.GetTitledFirstName];;;;;;;;;;;;;x
REASON_excommunicate_HIGH_SEPTON_LIKE_KIN;[Root.GetTitledFirstName] - ребенок, а Верховный Септон любит их родственников;;;;;;;;;;;;;x
REASON_excommunicate_HIGH_SEPTON_DISLIKE_KIN;[Root.GetTitledFirstName] - ребенок, а Верховный Септон не любит их родственников;;;;;;;;;;;;;x
REASON_excommunicate_CHILD;[Root.GetTitledFirstName] - ребенок;;;;;;;;;;;;;x
old_gods_reformed;Старые Боги;;;;;;;;;;;;;x
old_gods_reformed_DESC;Старые Боги - это безымянные духи природы, которым поклонялись Первые люди и Дети леса до них. Им поклоняются в священных рощах, называемых Богорощами, с Сердце-деревом в центре - священным чардревом, на котором вырезан божественный лик.;;;;;;;;;;;;;x
beyond_wall_old_gods_reformed;Истинные Старые Боги;;;;;;;;;;;;;x
beyond_wall_old_gods_reformed_DESC;Старые Боги - это безымянные духи природы, которым поклонялись Первые люди и Дети леса до них. За Стеной им поклоняются у подножия Сердце-деревьев, священных чардрев, на которых вырезан божественный лик.;;;;;;;;;;;;;x
drowned_god_reformed;Утонувший Бог;;;;;;;;;;;;;x
drowned_god_reformed_DESC;Железнорожденные поклоняются Утонувшему Богу, который повелевает им отнимать и пожинать, и в чьи чертоги они войдут после смерти, где будут прислуживать русалки. Поклонники Утонувшего Бога крестятся в ритуале утопления вскоре после рождения, ибо то, что мертво, умереть не может.;;;;;;;;;;;;;x
drowned_god_reformed_FEATURES;§Y*§! Дети соленых жен считаются законными, но исключаются из наследования, если не указано иное;;;;;;;;;;;;;x
black_goat_reformed;Чёрный Козёл Квохора;;;;;;;;;;;;;x
black_goat_reformed_DESC;Мрачное и зловещее божество, которому поклонялись жители Кохора.  Говорят, что Чёрный Козел требует ежедневных кровавых жертвоприношений от своих почитателей, а животные и узники постоянно приносятся на его кровавые алтари.;;;;;;;;;;;;;x
trios_reformed;Трио;;;;;;;;;;;;;x
trios_reformed_DESC;Трио - трехглавый Бог Тироша.;;;;;;;;;;;;;x
gods_lorath_reformed;Боги Лората;;;;;;;;;;;;;x
gods_lorath_reformed_DESC;Боги Лората - это боги, которым поклоняются народы вольного города Лората.;;;;;;;;;;;;;x
moonsingers_reformed;Лунные певцы;;;;;;;;;;;;;x
moonsingers_reformed_DESC;Лунные певцы - древняя религия Западного Эссоса, последователи которой были изгнаны Валирийским Фригольдом, но смогли найти убежище в вольном городе Браавосе. Как основатели города, они владеют собственным величайшим храмом.;;;;;;;;;;;;;x
shadowbinders_reformed;Заклинатели теней;;;;;;;;;;;;;x
shadowbinders_reformed_DESC;Заклинатели теней;;;;;;;;;;;;;x
harpy_reformed;Гарпия;;;;;;;;;;;;;x
harpy_reformed_DESC;Гарпия была древней богиней Гискарской империи, и она остается мощным символом для гискарского народа.;;;;;;;;;;;;;x
gods_sarnor_reformed;Боги Сарнора;;;;;;;;;;;;;x
gods_sarnor_reformed_DESC;Сотня богов, которым поклонялись народы Королевства Сарнор;;;;;;;;;;;;;x
gods_bone_mountains_reformed;Боги Гиркуна;;;;;;;;;;;;;x
gods_bone_mountains_reformed_DESC;Боги Гиркуна - это боги, которым поклоняются народы Костяных гор.;;;;;;;;;;;;;x
yiti_gods_reformed;Боги И-Ти;;;;;;;;;;;;;x
yiti_gods_reformed_DESC;В Золотой Империи И-Ти поклоняются тысяче различных божеств. Главное из них - Дева-из-Света, которая была женой Льва Ночи и родила первого императора Великой Империи Зари.;;;;;;;;;;;;;x
lion_night_reformed;Лев Ночи;;;;;;;;;;;;;x
lion_night_reformed_DESC;Лев Ночи;;;;;;;;;;;;;x
bakkalon_reformed;Баккалон;;;;;;;;;;;;;x
bakkalon_reformed_DESC;Баккалон, Бледный Отрок - дух смерти, которому часто поклоняются солдаты.;;;;;;;;;;;;;x
rhoynar_pagan_reformed;Мать Ройна;;;;;;;;;;;;;x
rhoynar_pagan_reformed_DESC;Река Ройна - самая величайшая река западного Эссоса, берега которой дали начало народу Ройнаров. Ройнары поклоняются ей как матери Ройне и говорят, что ее сыновья, Крабий Король и Речной Старец, сражаются друг с другом за власть над всей жизнью под морем.;;;;;;;;;;;;;x
nath_pagan_reformed;Владыка Гармонии;;;;;;;;;;;;;x
nath_pagan_reformed _DESC;Народ Наата верит только в одного Бога, Владыку Гармонии, сопровождаемого девами с крыльями бабочек и который создал луну, звезды, землю и всех существ, которые живут на них. Говорят, что священные духи бабочек защищают Наата от всех, кто может причинить им вред.;;;;;;;;;;;;;x
jogos_pagan_reformed;Лунные певцы Джогос Нхай;;;;;;;;;;;;;x
jogos_pagan_reformed_DESC;Кочевниками Джогос Нхай командуют Джахат, или военный вождь, и Лунный певец, которая совмещает роли жрицы, лекаря, и судья.Джогос Нхаи не воюют друг с другом, поскольку боги запрещают им проливать кровь собственного народа. Вместо этого, в ритуалах, посвященных богами, молодые парни выезжают, чтобы украсть коз, зеброконей и собак из других отрядов, в то время как девушки выезжают, чтобы похитить мужей.;;;;;;;;;;;;;x
dothraki_pagan_reformed;Великий Жеребец;;;;;;;;;;;;;x
dothraki_pagan_reformed_DESC;Дотракийцы верят в Великого жеребца, который наблюдает за миром. Согласно их легендам, первый человек выехал из чрева мира под Матерью гор верхом на первом коне. Дотракийцы верят, что звезды - это стадо лошадей, скачущих по небу, и что когда мертвый дотракиец сгорает, его дух присоединяется к ним.;;;;;;;;;;;;;x
stone_cow_reformed;Каменная корова Фароса;;;;;;;;;;;;;x
stone_cow_reformed_DESC;Народы Фароса поклоняются и почитают Каменную Корову.;;;;;;;;;;;;;x
gods_nghai_reformed;Боги Нгая;;;;;;;;;;;;;x
gods_nghai_reformed_DESC;Странные боги, которым поклоняются народы Нгая;;;;;;;;;;;;;x
summer_rel_reformed;Боги Летних островов;;;;;;;;;;;;;x
summer_rel_reformed_DESC;Жители Летних островов поклоняются жизни и любви. Среди их божеств - богиня плодородия с шестнадцатью грудями, и акт любви считается священным искусством.;;;;;;;;;;;;;x
father_of_waters_reformed;Отец Вод;;;;;;;;;;;;;x
father_of_waters_reformed_DESC;Отец вод - Бог Браавоса. Каждый раз, когда он берет новую невесту, его храм разрушается и строится заново.;;;;;;;;;;;;;x
great_shepherd_reformed;Великий пастырь;;;;;;;;;;;;;x
great_shepherd_reformed_DESC;Великий Пастырь - божество лхазарян, жрицы которого известны как божьи жёны.;;;;;;;;;;;;;x
boash_reformed;Боаш;;;;;;;;;;;;;x
boash_reformed_DESC;Боаш, Слепой Бог, является божеством, которому когда-то поклонялись в Валирии и одно из божеств валирийцев, которые осело в Лорате.\n\nОтвергая всех других богов, последователи Боаша были евнухами, не ели плоти, не пили вина, ходили босиком по всему миру, одетые только в глухие капюшоны и шкуры. Только в темноте, по их мнению, открывался их третий глаз, позволяя увидеть 'высшие истины' мироздания, которые скрывались за иллюзиями мира. Поклоняющиеся Боашу полагали, что вся жизнь священна и вечна, что мужчины и женщины равны, что лорды и крестьяне, богатые и бедные, рабы и хозяева, люди и звери похожи друг на друга, и все одинаково равны перед богом;;;;;;;;;;;;;x
weeping_lady_reformed;Плачущая Госпожа;;;;;;;;;;;;;x
weeping_lady_reformed_DESC;Плачущая Госпожа Лиса - богиня, которой поклоняются лисенийцы. Она богиня любви, которой поклоняются многие жители Лиса.;;;;;;;;;;;;;x
valyrian_rel_reformed;Валирийская религия;;;;;;;;;;;;;x
valyrian_rel_reformed_DESC;Древняя религия старой Валирии, столицы величайшей империи, которую когда-либо знал мир. Когда Рок явил себя, вера умерла вместе с ним, но была сохранена за Узким морем домом Таргариенов.;;;;;;;;;;;;;x
lady_of_the_waves_reformed;Владычица Волн;;;;;;;;;;;;;x
lady_of_the_waves_reformed_DESC;Владычица Волн была древней богиней, которой поклонялись Первые Люди на Трёх Сёстрах. Священные бури были результатом совокупления Владычицы с Владыкой небес. Во времена поклонения ей, Сестринцы были свободным народом, которым правили собственные короли, которые также выступали в качестве пиратских королей.;;;;;;;;;;;;;x
cosmopolitan_RELIGION;Религиозная терпимость;;;;;;;;;;;;;x
peaceful_RELIGION;Мирная религия;;;;;;;;;;;;;x
tooltip_religion_feature_ironborn_invasion;§GМожет объявлять вторжения прибрежных герцогств/верховных владений§!;;;;;;;;;;;;;x
religion_feature_the_seven;Поклонение Семерым;;;;;;;;;;;;;x
religion_feature_the_seven_desc;Вера Семерых оказывает сильное влияние на эту религию, и семь аспектов одного божества считаются одними из богов.;;;;;;;;;;;;;x
religion_feature_the_seven_feature;Семеро приняты среди богов;;;;;;;;;;;;;x
TOOLTIPreligion_feature_the_sevenNEIGHBOR;Любой господин или вассал поклоняется Семерым;;;;;;;;;;;;;x
tooltip_religion_feature_the_seven;§GМожет свободно вступать в брак с персонажами, которые поклоняются Семерым\nОтношения с персонажами, которые поклоняются Семерым, изменяются на +5\nИмеет доступ к рыцарским традициям и турнирам§!;;;;;;;;;;;;;x
the_seven_RELIGION;Чтит Семерых;;;;;;;;;;;;;x
religion_cutthroat;Перерезать горло;;;;;;;;;;;;;x
religion_cutthroat_desc;Честный человек чаще всего умирает от руки безжалостного. Только благодаря хитрой игре в престолы наша религия сможет выжить.;;;;;;;;;;;;;x
religion_cutthroat_feature;Религия более безжалостна и морально гибка;;;;;;;;;;;;;x
tooltip_religion_feature_no_kinslaying;§GУбийство родственников не рассматривается как табу§!;;;;;;;;;;;;;x
tooltip_religion_feature_moral_murder;§GИзвестные убийцы не избегают бесчестья.§!;;;;;;;;;;;;;x
tooltip_religion_feature_more_plotting;§RПравители чаще устраивают заговоры и вступают во фракции, в том числе против своих детей§!;;;;;;;;;;;;;x
tooltip_religion_feature_prisoner_torture;§GМожет плохо обращаться с заключенными независимо от черт§!;;;;;;;;;;;;;x
religion_feature_elective;Выборность;;;;;;;;;;;;;x
religion_feature_elective_desc;Выбор королей не должен определяться рождением, только решением Богов - наши правители должны быть избраны из всех благородных родов.;;;;;;;;;;;;;x
religion_feature_elective_feature;Выборная преемственность королей и императоров является общепринятой;;;;;;;;;;;;;x
tooltip_religion_feature_elective;§GВыбор феодальных королей и императоров считается традиционным§!;;;;;;;;;;;;;x
tooltip_religion_feature_opinion_boost;§GМнение всех иностранных религиозных групп увеличивается на +5, а риск восстания в области королевства уменьшается§!;;;;;;;;;;;;;x
tooltip_religion_feature_revolt_risk;§GРиск восстания в провинциях королевства уменьшен§!;;;;;;;;;;;;;x
religion_feature_pro_slavery;Работорговля;;;;;;;;;;;;;x
religion_feature_pro_slavery_desc;Боги повелевают, чтобы с людьми обращались как с собственностью, которую можно купить и продать, и заставляли работать на благо нашей религии.;;;;;;;;;;;;;x
religion_feature_pro_slavery_feature;Религия - это рабство;;;;;;;;;;;;;x
tooltip_religion_feature_pro_slavery;§GРабство считается традиционным§!\n§GРевностные правители могут тратить благочестие на объявление войн за порабощение§!;;;;;;;;;;;;;x
religion_feature_anti_slavery;Против работорговли;;;;;;;;;;;;;x
religion_feature_anti_slavery_desc;Боги ненавидят рабство, и оно должно быть строжайше запрещено.;;;;;;;;;;;;;x
religion_feature_anti_slavery_feature;Религия против рабства;;;;;;;;;;;;;x
tooltip_religion_feature_anti_slavery;§GРабству противостоит религия§!\n§GРевностные правители могут тратить благочестие на объявление освободительных войн§!;;;;;;;;;;;;;x
religion_adoption;Усыновление/удочерение;;;;;;;;;;;;;x
religion_adoption_desc;Кровные узы не должны быть единственным требованием к правлению, а принятие в семью также достаточно в глазах Богов.;;;;;;;;;;;;;x
religion_adoption_feature;Религия позволяет усыновление;;;;;;;;;;;;;x
tooltip_religion_feature_adoption;Правители могут принять безродных персонажей как детей;;;;;;;;;;;;;x
religion_god_king_head;Обожествеление короля;;;;;;;;;;;;;x
religion_god_king_head_desc;Наш правитель возносит себя как Бог, и ему должны поклоняться как таковому.;;;;;;;;;;;;;x
religion_god_king_head_feature;Главе религии поклоняются как Богу;;;;;;;;;;;;;x
tooltip_religion_feature_god_king_head;§GРеформатор станет новым главой религии, и ему будут поклоняться как Богу\nЭто радикализирует последователей между сторонниками и противниками этого§!;;;;;;;;;;;;;x
god_king;Поклонение как божеству;;;;;;;;;;;;;x
opinion_god_king_good;Поклонение Истинному Богу;;;;;;;;;;;;;x
opinion_god_king_bad;Презирание поклонения Богу;;;;;;;;;;;;;x
String_blood_magic;Магия крови;;;;;;;;;;;;;x
tooltip_religion_feature_blood_magic;§GКогда магия сильна в мире, можно использовать темные силы§!;;;;;;;;;;;;;x
tooltip_religion_feature_rhllor_magic;§GПозволяет получить доступ к силам исцеления§!;;;;;;;;;;;;;x
religion_feature_valyrian_rel;Валирийская кровь;;;;;;;;;;;;;x
religion_feature_valyrian_rel_desc;Валирийская знать ценит чистоту крови, мы - истинные боги, которые находятся среди простых людей;;;;;;;;;;;;;x
religion_feature_valyrian_rel_feature;Валирийские божественные семьи, синкретические веры и магия крови практикуются этой религией;;;;;;;;;;;;;x
grant_purity_of_blood;Предоставить статус чистой крови;;;;;;;;;;;;;x
grant_purity_of_blood_desc;Нет никаких сомнений в том, что [Root.GetTitledFirstNameWithDynasty] может претендовать на  родство по валирийской крови. Как Глава валирийских обрядов, я могу предоставить Дому [Root.GetOnlyDynastyName] официальный статус чистой крови.;;;;;;;;;;;;;x
TOOLTIP_grant_purity_of_blood;Дом [This.GetOnlyDynastyName] становится высокодородной династией, которая может практиковать божественные браки крови, испытывая эффекты  'броска монеты'.;;;;;;;;;;;;;x
opinion_made_pure_blood;Даровал[_] мне статус чистой крови.;;;;;;;;;;;;;x
EVTDESChigh_valyrian.70;В знак признания вашей веры и вашей бесспорной чистоты крови, [From.GetTitledFirstName] предоставил[From.GetEndA] дому [Root.GetOnlyDynastyName] божественный статус, что делает вас одной из самых могущественных валирийских династий в регионе.;;;;;;;;;;;;;x
EVTOPTAhigh_valyrian.70;Никто не может поставить под сомнение мою родословную;;;;;;;;;;;;;x
religion_feature_moonsingers;Важность лунных певцов;;;;;;;;;;;;;x
religion_feature_moonsingers_desc;Первые браавосийские лунные певцы были беглыми рабами из Валирии, которые ненавидели рабство и приветствовали всех беженцев. Мы должны продолжать эти ценности.;;;;;;;;;;;;;x
religion_feature_moonsingers_feature;Эта религия браавосийских лунных певцов традиционна против рабства и синкретизма.;;;;;;;;;;;;;x
religion_feature_rhoynar_pagan;Ройнарские традиции;;;;;;;;;;;;;x
religion_feature_rhoynar_pagan_desc;Мы - речной народ, противники Валирии и верим в равные права для женщин. Мы должны защищать эти ценности.;;;;;;;;;;;;;x
religion_feature_rhoynar_pagan_feature;Эта религия имеет ройнарскую традицию борьбы с рабством, мореплавания и равных прав наследования.;;;;;;;;;;;;;x
tooltip_jogos_pagan_reformed_WARLIKE;Война между Джогос Нхай больше не запрещена;;;;;;;;;;;;;x
religion_feature_nath_pagan;Наатийская гармония;;;;;;;;;;;;;x
religion_feature_nath_pagan_desc;Нас называют мирными людьми. Мы занимаемся музыкой, а не войной, никого не убиваем, даже животных, едим только фрукты а мясо никогда.;;;;;;;;;;;;;x
religion_feature_nath_pagan_feature;Эта религия разделяет наатийские традиции пацифизма и гармонии;;;;;;;;;;;;;x
GOD_PANTERA;Пантера;;;;;;;;;;;;;x
GOD_YNDROS;Индрос;;;;;;;;;;;;;x
GOD_YNDROS_OF_THE_TWILIGHT;Индрос Сумерек;;;;;;;;;;;;;x
GOD_SAAGAEL;Саагейль;;;;;;;;;;;;;x
old_gods_reformed_opinion;Мнение Старых Богов (Реф.);;;;;;;;;;;;;x
beyond_wall_old_gods_reformed_opinion;Мнение Старых Богов за Стеной (Реф.);;;;;;;;;;;;;x
drowned_god_reformed_opinion;Мнение Утонувшего Бога (Реф.);;;;;;;;;;;;;x
black_goat_reformed_opinion;Мнение Чёрного Козла (Реф.);;;;;;;;;;;;;x
gods_lorath_reformed_opinion;Мнение Богов Лората (Реф.);;;;;;;;;;;;;x
moonsingers_reformed_opinion;Мнение Лунных певцов (Реф.);;;;;;;;;;;;;x
trios_reformed_opinion;Мнение Трио (Реф.);;;;;;;;;;;;;x
father_of_waters_reformed_opinion;Мнение Отца Вод (Реф.);;;;;;;;;;;;;x
rhoynar_pagan_reformed_opinion;Мнение Матери Ройны (Реф.);;;;;;;;;;;;;x
boash_reformed_opinion;Мнение Боаша (Реф.);;;;;;;;;;;;;x
weeping_lady_reformed_opinion;Мнение Плачущей Госпожи (Реф.);;;;;;;;;;;;;x
valyrian_rel_reformed_opinion;Мнение валирийских богов (Реф.);;;;;;;;;;;;;x
gods_sarnor_reformed_opinion;Мнение сарнорских богов (Реф.);;;;;;;;;;;;;x
harpy_reformed_opinion;Мнение Гарпии (Реф.);;;;;;;;;;;;;x
yiti_gods_reformed_opinion;Мнение Богов И-Ти (Реф.);;;;;;;;;;;;;x
lion_night_reformed_opinion;Мнение Льва Ночи (Реф.);;;;;;;;;;;;;x
shadowbinders_reformed_opinion;Мнение заклинателей теней (Реф.);;;;;;;;;;;;;x
gods_bone_mountains_reformed_opinion;Мнение богов Гиркуна (Реф.);;;;;;;;;;;;;x
gods_nghai_reformed_opinion;Мнение богов Нгая (Реф.);;;;;;;;;;;;;x
stone_cow_reformed_opinion;Мнение Каменной Коровы Фароса (Реф.);;;;;;;;;;;;;x
jogos_pagan_reformed_opinion;Мнение джогоснхайских богов (Реф.);;;;;;;;;;;;;x
great_shepherd_reformed_opinion;Мнение Великого Пастыря (Реф.);;;;;;;;;;;;;x
summer_rel_reformed_opinion;Мнение летнеостровных богов (Реф.);;;;;;;;;;;;;x
nath_pagan_reformed_opinion;Мнение Владыки Гармонии (Реф.);;;;;;;;;;;;;x
lady_of_the_waves_reformed_opinion;Мнение Леди Волн (Реф.);;;;;;;;;;;;;x
defeated_others;Победа над Иными;;;;;;;;;;;;;x
liberated_realm;Освобождение региона;;;;;;;;;;;;;x
emancipated_realm;Освобождение региона;;;;;;;;;;;;;x
enslaved_realm;Порабощение региона;;;;;;;;;;;;;x
liberated_realm_lost;Королевство было освобождено;;;;;;;;;;;;;x
emancipated_realm_lost;Королевство было освобождено;;;;;;;;;;;;;x
enslaved_realm_lost;Королевство было порабощено;;;;;;;;;;;;;x
won_major_war;Победа в крупной войне;;;;;;;;;;;;;x
lost_major_war;Поражение в крупной войне;;;;;;;;;;;;;x
won_minor_war;Победа в небольшой войне;;;;;;;;;;;;;x
lost_minor_war;Поражение в небольшой войне;;;;;;;;;;;;;x
rules_empire;Контролирует большую империю;;;;;;;;;;;;;x
