#CODE;ENGLISH;x;;;;;;;;;;;;;
incompetent_scientist;Бездарный ученый;x;;;;;;;;;;;;;
incompetent_scientist_desc;Бездарный ученый получил научное образование, но у него нет таланта к грамоте и науке за исключением фундаментальных её основ.;x;;;;;;;;;;;;;
dutiful_academic;Исполнительный ученый;x;;;;;;;;;;;;;
dutiful_academic_desc;Исполнительный ученый обучен и превосходно владеет письмом, но не испытывает интереса к передовой науке.;x;;;;;;;;;;;;;0
expert_scientist;Искусный ученый;x;;;;;;;;;;;;;
expert_scientist_desc;Искусный ученый - человек мудрый и начитанный, с глубоким пониманием философии, науки и истории;x;;;;;;;;;;;;;
mastermind_scholar;Гениальный ученый;x;;;;;;;;;;;;;
mastermind_scholar_desc;Такой человек признан одним из лучших и эрудированных ученых в мире. Идеально подходит для собственной карьеры в Цитадели и обучения других преподавателей.;x;;;;;;;;;;;;;
maester;Мейстер;x;;;;;;;;;;;;;
archmaester;Архимейстер;x;;;;;;;;;;;;;
maester_desc;Этот персонаж кует свою цепь Мейстера в Цитадели;x;;;;;;;;;;;;;
archmaester_desc;Этот персонаж - Архимейстер Цитадели, высокопоставленный член Ордена.;x;;;;;;;;;;;;;
title_archmaester;Архимейстер;x;;;;;;;;;;;;;
title_maester;Мейстер;x;;;;;;;;;;;;;
title_maester_desc;Этот персонаж кует свою цепь Мейстера в Цитадели;x;;;;;;;;;;;;;
job_physician;Придворный врач;x;;;;;;;;;;;;;
job_physician_andal;Мейстер;x;;;;;;;;;;;;;
job_physician_iron_isles_culture;Мейстер;x;;;;;;;;;;;;;
job_physician_dornish;Мейстер;x;;;;;;;;;;;;;
job_physician_high_valyrian;Придворный врач;x;;;;;;;;;;;;;
job_physician_western_valyrian;Придворный врач;x;;;;;;;;;;;;;
job_physician_first_men;Мейстер;x;;;;;;;;;;;;;
job_physician_moon_clansman;Знахарь;x;;;;;;;;;;;;;
job_physician_rhoynar;Придворный врач;x;;;;;;;;;;;;;
job_physician_old_andal;Придворный врач;x;;;;;;;;;;;;;
job_physician_moon_clansman;Знахарь;x;;;;;;;;;;;;;
job_physician_skagosi;Мейстер;x;;;;;;;;;;;;;
job_physician_asshai;Мейга;x;;;;;;;;;;;;;
job_physician_pirate;Придворный врач;x;;;;;;;;;;;;;
job_physician_corsair;Придворный врач;x;;;;;;;;;;;;;
city_job_physician_andal;Мейстер;x;;;;;;;;;;;;;
city_job_physician_iron_isles_culture;Мейстер;x;;;;;;;;;;;;;
city_job_physician_dornish;Мейстер;x;;;;;;;;;;;;;
city_job_physician_high_valyrian;Придворный врач;x;;;;;;;;;;;;;
city_job_physician_western_valyrian;Придворный врач;x;;;;;;;;;;;;;
city_job_physician_first_men;Мейстер;x;;;;;;;;;;;;;
city_job_physician_moon_clansman;Знахарь;x;;;;;;;;;;;;;
city_job_physician_rhoynar;Придворный врач;x;;;;;;;;;;;;;
city_job_physician_old_andal;Придворный врач;x;;;;;;;;;;;;;
city_job_physician_moon_clansman;Знахарь;x;;;;;;;;;;;;;
city_job_physician_skagosi;Мейстер;x;;;;;;;;;;;;;
city_job_physician_asshai;Мейга;x;;;;;;;;;;;;;
city_job_physician_pirate;Придворный врач;x;;;;;;;;;;;;;
city_job_physician_corsair;Придворный врач;x;;;;;;;;;;;;;
LP_job_physician_andal;Мейстер;x;;;;;;;;;;;;;
LP_job_physician_iron_isles_culture;Мейстер;x;;;;;;;;;;;;;
LP_job_physician_dornish;Мейстер;x;;;;;;;;;;;;;
LP_job_physician_high_valyrian;Придворный врач;x;;;;;;;;;;;;;
LP_job_physician_western_valyrian;Придворный врач;x;;;;;;;;;;;;;
LP_job_physician_first_men;Мейстер;x;;;;;;;;;;;;;
LP_job_physician_moon_clansman;Знахарь;x;;;;;;;;;;;;;
LP_job_physician_rhoynar;Придворный врач;x;;;;;;;;;;;;;
LP_job_physician_old_andal;Придворный врач;x;;;;;;;;;;;;;
LP_job_physician_moon_clansman;Знахарь;x;;;;;;;;;;;;;
LP_job_physician_skagosi;Мейстер;x;;;;;;;;;;;;;
LP_job_physician_asshai;Мейга;x;;;;;;;;;;;;;
LP_job_physician_pirate;Придворный врач;x;;;;;;;;;;;;;
LP_job_physician_corsair;Придворный врач;x;;;;;;;;;;;;;
NW_job_physician_andal;Мейстер;x;;;;;;;;;;;;;
NW_job_physician_iron_isles_culture;Мейстер;x;;;;;;;;;;;;;
NW_job_physician_dornish;Мейстер;x;;;;;;;;;;;;;
NW_job_physician_high_valyrian;Придворный врач;x;;;;;;;;;;;;;
NW_job_physician_western_valyrian;Придворный врач;x;;;;;;;;;;;;;
NW_job_physician_first_men;Мейстер;x;;;;;;;;;;;;;
NW_job_physician_moon_clansman;Знахарь;x;;;;;;;;;;;;;
NW_job_physician_rhoynar;Придворный врач;x;;;;;;;;;;;;;
NW_job_physician_old_andal;Придворный врач;x;;;;;;;;;;;;;
NW_job_physician_moon_clansman;Знахарь;x;;;;;;;;;;;;;
NW_job_physician_skagosi;Мейстер;x;;;;;;;;;;;;;
NW_job_physician_asshai;Мейга;x;;;;;;;;;;;;;
NW_job_physician_pirate;Придворный врач;x;;;;;;;;;;;;;
NW_job_physician_corsair;Придворный врач;x;;;;;;;;;;;;;
nomadic_job_physician_andal;Мейстер;x;;;;;;;;;;;;;
nomadic_job_physician_iron_isles_culture;Мейстер;x;;;;;;;;;;;;;
nomadic_job_physician_dornish;Мейстер;x;;;;;;;;;;;;;
nomadic_job_physician_high_valyrian;Придворный врач;x;;;;;;;;;;;;;
nomadic_job_physician_western_valyrian;Придворный врач;x;;;;;;;;;;;;;
nomadic_job_physician_first_men;Мейстер;x;;;;;;;;;;;;;
nomadic_job_physician_moon_clansman;Знахарь;x;;;;;;;;;;;;;
nomadic_job_physician_rhoynar;Придворный врач;x;;;;;;;;;;;;;
nomadic_job_physician_old_andal;Придворный врач;x;;;;;;;;;;;;;
nomadic_job_physician_moon_clansman;Знахарь;x;;;;;;;;;;;;;
nomadic_job_physician_skagosi;Мейстер;x;;;;;;;;;;;;;
nomadic_job_physician_asshai;Мейга;x;;;;;;;;;;;;;
nomadic_job_physician_pirate;Придворный врач;x;;;;;;;;;;;;;
nomadic_job_physician_corsair;Придворный врач;x;;;;;;;;;;;;;
tribal_job_physician_andal;Мейстер;x;;;;;;;;;;;;;
tribal_job_physician_iron_isles_culture;Мейстер;x;;;;;;;;;;;;;
tribal_job_physician_dornish;Мейстер;x;;;;;;;;;;;;;
tribal_job_physician_high_valyrian;Придворный врач;x;;;;;;;;;;;;;
tribal_job_physician_western_valyrian;Придворный врач;x;;;;;;;;;;;;;
tribal_job_physician_first_men;Мейстер;x;;;;;;;;;;;;;
tribal_job_physician_moon_clansman;Знахарь;x;;;;;;;;;;;;;
tribal_job_physician_rhoynar;Придворный врач;x;;;;;;;;;;;;;
tribal_job_physician_old_andal;Придворный врач;x;;;;;;;;;;;;;
tribal_job_physician_moon_clansman;Знахарь;x;;;;;;;;;;;;;
tribal_job_physician_skagosi;Мейстер;x;;;;;;;;;;;;;
tribal_job_physician_asshai;Мейга;x;;;;;;;;;;;;;
tribal_job_physician_pirate;Придворный врач;x;;;;;;;;;;;;;
tribal_job_physician_corsair;Придворный врач;x;;;;;;;;;;;;;
EVTDESCmaester.1;Я получил звание Архимейстера!;x;;;;;;;;;;;;;
EVTDESCmaester.2;Я получил звание Мейстера!;x;;;;;;;;;;;;;
employ_maester;Послать за мейстером в Цитадель;x;;;;;;;;;;;;;
employ_maester_desc;Каждый лорд нуждается в мейстере, Цитадель предоставляет их.;x;;;;;;;;;;;;;
opinion_refused_citadel;Отказ в карьере Мейстера;x;;;;;;;;;;;;;
EVTDESCmaester.3;Я хочу обучатся в Цитадель;x;;;;;;;;;;;;;
EVTOPTAmaester.3;Отправьте письмо моему лорду;x;;;;;;;;;;;;;
EVTDESCmaester.4;[Root.PrimaryTitle.GetFOA], я, [From.GetTitledFirstNameWithDynastyAndTitleNoRegnal], искренне прошу дать мне разрешение обучиться навыкам мейстера в Цитадели Староместа.;x;;;;;;;;;;;;;
EVTOPTAmaester.4;Я даю вам разрешение. Удачи;x;;;;;;;;;;;;;
EVTOPTBmaester.4;Я так не думаю, у вас есть другие задачи;x;;;;;;;;;;;;;
EVTOPTCmaester.4;Это нелепо, ты наследуешь владение [Root.PrimaryTitle.GetFullName]!;x;;;;;;;;;;;;;
EVTOPTDmaester.4;Мой сын не пойдет туда!;x;;;;;;;;;;;;;
EVTDESCmaester.5;После многих лет обучения я получил достаточно знаний, чтобы выковать цепь Мейстера. Я выдержал бдение в темноте со стеклянной свечой, и теперь я заслужил звание Мейстера.;x;;;;;;;;;;;;;
EVTOPTAmaester.5;Я заслужил это;x;;;;;;;;;;;;;
EVTDESCmaester.6;После многих лет обучения, ваш [From.GetRootRelation] [From.GetFirstName] получил достаточно знаний, чтобы выковать цепь. Он отстоял бдение в темноте со стеклянной свечой и теперь достоин назваться Мейстером.;x;;;;;;;;;;;;;
EVTOPTAmaester.6;Это хорошие новости!;x;;;;;;;;;;;;;
EVTOPTBmaester.6;Мне плевать;x;;;;;;;;;;;;;
EVTDESCmaester.7;Я недавно стал Мейстером, что мне делать с моим знанием?;x;;;;;;;;;;;;;
EVTOPTAmaester.7;Я буду служить Лорду Государства;x;;;;;;;;;;;;;
EVTOPTBmaester.7;Я посвящу свою жизнь Цитадели;x;;;;;;;;;;;;;
EVTDESCmaester.8;Нам назначили нового Мейстера из Цитадели. Давайте надеяться, что он будет служить нам хорошо!;x;;;;;;;;;;;;;
EVTOPTAmaester.8;Мы воспользуемся его навыками;x;;;;;;;;;;;;;
EVTTOOLTIPmaester.8;будет отправлен к вашему двору;x;;;;;;;;;;;;;
EVTDESCmaester.9;Мы были вызваны к одному из Лордов Государства;x;;;;;;;;;;;;;
EVTOPTAmaester.9;Хорошо;x;;;;;;;;;;;;;
EVTDESCmaester.10;Архимейстер против;x;;;;;;;;;;;;;
EVTOPTAmaester.10;OK;x;;;;;;;;;;;;;
EVTDESCmaester.11;Новый Архимейстер необходим для конклава. Поиск начался!;x;;;;;;;;;;;;;
EVTOPTAmaester.11;OK;x;;;;;;;;;;;;;
EVTDESCmaester.12;Мы были выбраны на место Архимейстера Цитадели!;x;;;;;;;;;;;;;
EVTOPTAmaester.12;Превосходно!;x;;;;;;;;;;;;;
EVTDESCmaester.13;Вы были выбраны на место Архимейстера;x;;;;;;;;;;;;;
EVTOPTD37055;Отправиться в Цитадель!;x;;;;;;;;;;;;;
opinion_sent_to_citadel;Отправленный в Цитадель;x;;;;;;;;;;;;;
EVTDESCmaester.14;Вы получили звание Архимейстера Цитадели!;x;;;;;;;;;;;;;
EVTNAMEmaester.15;Ребенок развивает свои навыки;x;;;;;;;;;;;;;
EVTDESCmaester.15;Один из детей Вашего господина хорошо обучается.;x;;;;;;;;;;;;;
EVTOPTAmaester.15;Они преуспевают;x;;;;;;;;;;;;;
EVTDESCmaester.16;[From.GetTitledFirstName] учил меня все эти прошлые месяцы и был хорошим учителем. Я чувствую, что знаю гораздо больше!;x;;;;;;;;;;;;;
EVTOPTAmaester.16;Я хороший ученик;x;;;;;;;;;;;;;
EVTDESCmaester.27;[Root.PrimaryTitle.GetFOA], ваш[From.GetEndA] [From.GetRootRelation] [From.GetTitledFirstName] очень хорошо учится. [From.GetSheHeCap] улучшил [From.GetHerHis] навыки и ежедневно развивается в знаниях. \n\nВаш скромный слуга,\n[FromFrom.GetTitledFirstName];x;;;;;;;;;;;;;
EVTOPTAmaester.27;Хорошие новости!;x;;;;;;;;;;;;;
EVTNAMEmaester.18;Не поддающийся обучению ребенок.;x;;;;;;;;;;;;;
EVTDESCmaester.18;Один из детей вашего господина не очень общителен и плохо реагирует на ваши инструкции.;x;;;;;;;;;;;;;
EVTOPTAmaester.18;Глупый ребенок;x;;;;;;;;;;;;;
EVTDESCmaester.19;[From.GetTitledFirstName] заставляет меня учиться, я ненавижу это! Обучение, прослушивание [From.GetHerHis] уроков наскучили мне.;x;;;;;;;;;;;;;
EVTOPTAmaester.19;Я хочу выйти на улицу;x;;;;;;;;;;;;;
EVTDESCmaester.20;[Root.PrimaryTitle.GetFOA], ваш[From.GetEndA] [GetFromRelation] [From.GetTitledFirstName] не хочет учиться, несмотря на все мои усилия. [From.GetSheHeCap] даже не желает меня слушать, [From.GetHerHis] навыки регрессируют. \n\nВаш покорный слуга,\n[FromFrom.GetTitledFirstName];x;;;;;;;;;;;;;
EVTOPTAmaester.20;Глупый ребенок;x;;;;;;;;;;;;;
EVTDESCmaester.21;Цитадель и мейстеры, в настоящее время не имеют собственной земли. Возможно, они присягнут нам на верность, если мы предоставим им надел?;x;;;;;;;;;;;;;
EVTOPTAmaester.21;Мы с радостью приветствуем вас;x;;;;;;;;;;;;;
EVTOPTBmaester.21;Меня мало заботят мейстеры;x;;;;;;;;;;;;;
EVTDESCmaester.22;Мой господин передал один из моих титулов в Цитадель!;x;;;;;;;;;;;;;
EVTOPTAmaester.22;Для общего блага;x;;;;;;;;;;;;;
EVTDESCmaester.23;[Root.PrimaryTitle.GetFOA], Мейстер, которого отправили из Цитадели, прибыл в город [Root.Capital.GetName], Его зовут [new_maester.GetFirstName]. Будем надеяться, что [new_maester.GetSheHe] будет верным и мудрым.;x;;;;;;;;;;;;;
EVTOPTAmaester.23;Отлично;x;;;;;;;;;;;;;
EVTOPTBmaester.23;Мой нынешний [Root.job_physician.GetJobTitle] лучше чем [new_maester.GetHerHis] замена;x;;;;;;;;;;;;;
EVTTOOLTIPmaester.23;Цитадель пришлет нам Мейстера;x;;;;;;;;;;;;;
action_tutor_children_desc;Приказать вашему Мастеру дополнительно обучать детей, чтобы попытаться улучшить их навыки.;x;;;;;;;;;;;;;
EVTDESCmaester.24;[Root.PrimaryTitle.GetFOA], мне предложили место в Конклаве, руководящем органе Цитадели и звание Архимейстера. Это почетная должность, поэтому я вынужден согласиться. \n\nВаш смиренный Мейстер [From.GetFirstName];x;;;;;;;;;;;;;
EVTOPTAmaester.24;Я желаю вам удачи;x;;;;;;;;;;;;;
title_grandmaester;Великий Мейстер;x;;;;;;;;;;;;;
EVTDESCmaester.25;Конклав выбрал меня новым Великим Мейстером.;x;;;;;;;;;;;;;
EVTOPTAmaester.25;Превосходно!;x;;;;;;;;;;;;;
EVTDESCmaester.26;Ваша Светлость, Конклав Цитадели выбрал нового Великого Мейстера, главу ордена Мейстеров и служителя Железного Трона.;x;;;;;;;;;;;;;
EVTOPTAmaester.26;Надеюсь он послужит хорошо.;x;;;;;;;;;;;;;
EVTTOOLTIPmaester.22;потерял титул в Цитадели;x;;;;;;;;;;;;;
EVTNAMEmaester.33;Мораль отряда поднята;x;;;;;;;;;;;;;
EVTDESCmaester.33;Я, по воле моего господина, ухаживал за раненными солдатами, и рассказы о моей храбрости и исцелении подняли мораль отряда.;x;;;;;;;;;;;;;
EVTOPTAmaester.33;это часть моего обучения;x;;;;;;;;;;;;;
EVTDESCmaester.34;Мой госодин, я проявлял внимание к ранам солдат по Вашей воле. Они очень рады, ведь их Милорд отправил своего мейстера помогать солдатам. \n\nВаш скромный слуга,\n[From.GetTitledFirstName];x;;;;;;;;;;;;;
EVTOPTAmaester.34;Мейстеры всегда очень полезны;x;;;;;;;;;;;;;
EVTNAMEmaester.35;Измотан войной;x;;;;;;;;;;;;;
EVTDESCmaester.35;Я ухаживал за раненными войнами по воле моего господина, но просто не смог терпеть бесконечный поток ужаснейших ран!;x;;;;;;;;;;;;;
EVTDESCmaester.36;Печальные известия, [From.GetTitledFirstName], ухаживая за ранами ваших людей, как сообщают, устал от потока ужаснейших ран и перестал оказывать помощь. Мужи теперь расстраиваются из-за этого.;x;;;;;;;;;;;;;
EVTOPTAmaester.36;Как жаль;x;;;;;;;;;;;;;
action_tend_to_wounded;Ухаживать за Ранеными;x;;;;;;;;;;;;;
action_tend_to_wounded_desc;Назначьте своего мейстера ухаживать за ранами травмированных солдат.;x;;;;;;;;;;;;;
troops_likes_maester;Мейстер ободряет войска;x;;;;;;;;;;;;;
troops_unnerve_maester;Солдаты расстроены поступком мейстера;x;;;;;;;;;;;;;
TOOLTIPEMPLOYMAESTER;[Root.GetTitledFirstName] не обязан[Root.GetEndA] иметь мейстера при дворе\n;x;;;;;;;;;;;;;
EVTOPTBmaester.24;Отправить нового Мейстера;x;;;;;;;;;;;;;
EVTOPTCmaester.24;У меня есть еще один мейстер, который может выполнять [From.GetHerHis] работу.;x;;;;;;;;;;;;;
action_serve_court;Служить при дворе;x;;;;;;;;;;;;;
action_serve_court_desc;[GetMyPhysicianName] получит работу при дворе и будут действовать как наставник, целитель и советник.;x;;;;;;;;;;;;;
GetMyPhysicianName_Current;[This.job_physician.GetJobTitle];x;;;;;;;;;;;;;
GetMyPhysicianName_Physician;целитель;x;;;;;;;;;;;;;
TOOLTIPmaester_culture_trigger;Традиционен институт Мейстеров Цитадели;;;;;;;;;;;;;x
tooltip_religion_feature_hermetics;§GПредоставляет доступ к обществу Цитадели§!;;;;;;;;;;;;;x
hermetics_rank_1_female;Школяр;;;;;;;;;;;;;x
hermetics_rank_2_female;Служка;;;;;;;;;;;;;x
hermetics_rank_3_female;Мейстер;;;;;;;;;;;;;x
hermetics_rank_4_female;Архимейстер;;;;;;;;;;;;;x
hermetics_rank_1_male;Школяр;;;;;;;;;;;;;x
hermetics_rank_2_male;Служка;;;;;;;;;;;;;x
hermetics_rank_3_male;Мейстер;;;;;;;;;;;;;x
hermetics_rank_4_male;Архимейстер;;;;;;;;;;;;;x
hermetics;Цитадель;;;;;;;;;;x
hermetics_desc;Мейстеры Цитадели - это орден ученых, целителей, посланников и исследователей. Их 'резиденция' - Цитадель, находится в Староместе. Мальчики и молодые люди со всего Вестероса прибывают учиться и ковать свои цепи в Цитадели.;;;;;;;;;x
currency_name_hermetics;Знания;;;;;;;;;x
astronomer;Астроном;;;;;;;;;;;;;x
astronomer_desc;Этот персонаж искусен в астрономии;;;;;;;;;;;;;x
time_keeper;Хранитель времени;;;;;;;;;;;;;x
time_keeper_desc;Этот персонаж искусен в измерении дней и сезонов;;;;;;;;;;;;;x
time_keeper_effects;Уменьшаются более жесткие последствия суровой зимы;;;;;;;;;;;;;x
cartographer;Картограф;;;;;;;;;;;;;x
cartographer_desc;Этот персонаж - мастер в создании карт, и владеет большими знаниями о географии известного мира.;;;;;;;;;;;;;x
traveller;Путешественник;;;;;;;;;;;;;x
traveller_desc;Этот персонаж любит посещать и изучать далекие места и народы.;;;;;;;;;;;;;x
linguist;Языковед;;;;;;;;;;;;;x
linguist_desc;Этот персонаж свободно говорит на многих разговорных языках известного мира..;;;;;;;;;;;;;x
justiciar;Юстициарий;;;;;;;;;;;;;x
justiciar_desc;Этот персонаж является авторитетом в законах королевства.;;;;;;;;;;;;;x
metallurgist;Кузнец;;;;;;;;;;;;;x
metallurgist_desc;Этот персонаж является экспертом по металлам и их обработке.;;;;;;;;;;;;;x
metallurgist_effects;Может давать скидки на ковку артефактов;;;;;;;;;;;;;x
herbologist;Травник;;;;;;;;;;;;;x
herbologist_desc;Этот персонаж обладает обширными знаниями о травах и их применении в лечении;;;;;;;;;;;;;x
maester_opinion;Мнение мейстеров;;;;;;;;;;;;;x
archmaester_opinion;Мнение архимейстеров;;;;;;;;;;;;;x
TOOLTIPbrew_happiness_potion_LINKS;Имеет два серебряных звена в §Yмедицине§!;;;;;;;;;;;;;x
TOOLTIPhermetics_make_horoscope_LINKS;Имеет два бронзовых звена в §Yастрономии§!;;;;;;;;;;;;;x
TOOLTIPhermetics_write_magnum_opus_SPECIALISATION;Выбрал §Yспециализацию§!;;;;;;;;;;;;;x
TOOLTIPhermetics_write_magnum_opus_LINKS;Имеет §Y3§! звена в выбранной специализации;;;;;;;;;;;;;x
maester_at_citadel;;;;;;;;;;;;;;x
black_iron_link;Звено из чугуна;;;;;;;;;;;;;x
brass_link;Звено из латуни;;;;;;;;;;;;;x
bronze_link;Звено из бронзы;;;;;;;;;;;;;x
copper_link;Звено из меди;;;;;;;;;;;;;x
electrum_link;Звено из электрума;;;;;;;;;;;;;x
yellow_gold_link;Звено из жёлтого золота;;;;;;;;;;;;;x
iron_link;Звено из железа;;;;;;;;;;;;;x
lead_link;Звено из свинца;;;;;;;;;;;;;x
pewter_link;Звено из сплава олова и свинца;;;;;;;;;;;;;x
platinum_link;Звено из платины;;;;;;;;;;;;;x
red_gold_link;Звено из красного золота;;;;;;;;;;;;;x
silver_link;Звено из серебра;;;;;;;;;;;;;x
steel_link;звено из стали;;;;;;;;;;;;;x
tin_link;Звено из олова;;;;;;;;;;;;;x
valyrian_steel_link;Звено из валирийской стали;;;;;;;;;;;;;x
black_iron_link_desc;Звено из Цитадели, означающее, что владелец приобрел достаточно знаний о воронах;;;;;;;;;;;;;x
copper_link_desc;Звено из Цитадели, означающее, что владелец приобрел достаточно знаний об истории;;;;;;;;;;;;;x
bronze_link_desc;Звено из Цитадели, означающее, что владелец приобрел достаточно знаний об астрономии;;;;;;;;;;;;;x
brass_link_desc;Звено из Цитадели, означающее, что владелец приобрел достаточно знаний о времени и сезонах;;;;;;;;;;;;;x
electrum_link_desc;Звено из Цитадели, означающее, что владелец приобрел достаточно знаний о географии;;;;;;;;;;;;;x
yellow_gold_link_desc;Звено из Цитадели, означающее, что владелец приобрел достаточно знаний о счёте и арифметике;;;;;;;;;;;;;x
iron_link_desc;Звено из Цитадели, означающее, что владелец приобрел достаточно знаний о военном деле;;;;;;;;;;;;;x
lead_link_desc;Звено из Цитадели, означающее, что владелец приобрел достаточно знаний о замках и архитектуре;;;;;;;;;;;;;x
pewter_link_desc;Звено из Цитадели, означающее, что владелец приобрел достаточно знаний о народах и культурах;;;;;;;;;;;;;x
platinum_link_desc;Звено из Цитадели, означающее, что владелец приобрел достаточно знаний о языках;;;;;;;;;;;;;x
red_gold_link_desc;Звено из Цитадели, означающее, что владелец приобрел достаточно знаний о законах;;;;;;;;;;;;;x
silver_link_desc;Звено из Цитадели, означающее, что владелец приобрел достаточно знаний о лекарском деле;;;;;;;;;;;;;x
steel_link_desc;Звено из Цитадели, означающее, что владелец приобрел достаточно знаний о кузнечном деле;;;;;;;;;;;;;x
tin_link_desc;Звено из Цитадели, означающее, что владелец приобрел достаточно знаний о растениях;;;;;;;;;;;;;x
alyrian_steel_link_desc;Звено из Цитадели, означающее, что владелец приобрел достаточно знаний о высших таинствах;;;;;;;;;;;;;x
EVTDESCmaester.42;Во время учебы в Цитадели мною были получены много звеньев по самым разным предметам. Мои общие научные знания улучшились.;;;;;;;;;;;;;x
EVTOPTAmaester.42;Очень хорошо;;;;;;;;;;;;;x
EVTDESCmaester.43;Каждый Мейстер Цитадели может выбрать специализацию, чтобы получить третье звено в этой области. Вы хотели бы специализироваться в вопросах науки - [maester_link.GetName]?;;;;;;;;;;;;;x
EVTOPTAmaester.43;Да, я стану авторитетом;;;;;;;;;;;;;x
EVTOPTBmaester.43;Нет, это меня не интересует;;;;;;;;;;;;;x
EVTOPTCmaester.43;Вообще-то, я предпочитаю [maester_link_alt_1.GetName];;;;;;;;;;;;;x
EVTOPTDmaester.43;Вообще-то, я предпочитаю [maester_link_alt_2.GetName];;;;;;;;;;;;;x
EVTDESCmaester.46;[Root.PrimaryTitle.GetFOA] и [Root.GetSocietyRank], конклав Цитадели хотел бы направить вам приглашение отправиться в город [c_the_citadel.Holder.Capital.GetName], чтобы Вы могли получать знания для звена мейстера.\n\nПодпись, [From.GetSocietyRank] [From.GetFirstName];;;;;;;;;;;;;x
TOOLTIPmaester.46;Вы отправитесь в город [c_the_citadel.Holder.Capital.GetName], чтобы получить звено в Цитадели. На это время вам понадобится регент.;;;;;;;;;;;;;x
study_for_link;Обучения для звена;;;;;;;;;;;;;x
study_for_link_desc;Вам поручили обучиться на звено мейстера Цитадели в городе [c_the_citadel.Holder.Capital.GetName];;;;;;;;;;;;;x
study_for_link_tooltip;Как только вы прибудете в город [c_the_citadel.Holder.Capital.GetName], вы начнете обучение на звено;;;;;;;;;;;;;x
EVTDESCmaester.47;Я, наконец, в Цитадели, и мне дали помещение, соответствующие положению [Root.GetSocietyRank]. Теперь необходимо выбрать предмет, на котором я сосредоточусь.;;;;;;;;;;;;;x
EVTOPTAmaester.47;Искусство ухода и дрессировки воронов;;;;;;;;;;;;;x
EVTOPTBmaester.47;История;;;;;;;;;;;;;x
EVTOPTCmaester.47;Астрономия;;;;;;;;;;;;;x
EVTOPTDmaester.47;Время и сезоны;;;;;;;;;;;;;x
EVTOPTEmaester.47;География;;;;;;;;;;;;;x
EVTOPTFmaester.47;Счета и арифметика;;;;;;;;;;;;;x
EVTOPTGmaester.47;Военное дело;;;;;;;;;;;;;x
EVTOPTHmaester.47;Замки и архитектура;;;;;;;;;;;;;x
EVTOPTImaester.47;Народы и культуры;;;;;;;;;;;;;x
EVTOPTJmaester.47;Языки;;;;;;;;;;;;;x
EVTOPTKmaester.47;Законы;;;;;;;;;;;;;x
EVTOPTLmaester.47;Медицина и целительство;;;;;;;;;;;;;x
EVTOPTMmaester.47;Кузнечное дело;;;;;;;;;;;;;x
EVTOPTNmaester.47;Травничество;;;;;;;;;;;;;x
EVTOPTOmaester.47;Высшие таинства;;;;;;;;;;;;;x
TOOLTIPmaester.48;Для вашей учёбы будет закреплён архимейстер;;;;;;;;;;;;;x
EVTDESCmaester.48;[archmaester_tutor.GetTitledFirstName] является авторитетом в области [Root.GetLinkStudySubject] в Цитадели, и поэтому в ближайшие месяцы я буду посещать [archmaester_tutor.GetHerHis] открытые лекции и доказажу свои знания [archmaester_tutor.GetHerHim].;;;;;;;;;;;;;x
EVTOPTAmaester.48;Это будет озаряюще;;;;;;;;;;;;;x
TOOLTIPmaester.48A;Вы начинаете изучение области [Root.GetLinkStudySubject];;;;;;;;;;;;;x
EVTOPTBmaester.48;Вообще-то, я поеду путешествовать.;;;;;;;;;;;;;x
EVTDESCmaester.49;Мое время в цитадели было очень продуктивным. Я быстро получил[GetEndA] полное представление об области [Root.GetLinkStudySubjectDesc]. Под конец я установил[GetEndA] плодотворные отношения со своим учителем , известным как [archmaester_tutor.GetTitledFirstName], который с радостью одобрил моё звено в области [Root.GetLinkStudySubject] ;;;;;;;;;;;;;x
EVTDESCmaester.49B;Во время путешествия в чужие страны я провел[GetEndA] свои собственные исследования в области [Root.GetLinkStudySubject]. По возвращении я представил[GetEndA] свои работы и выводы по области  [Root.GetLinkStudySubjectDesc]приставленному архимейстеру, известному как [archmaester_tutor.GetTitledFirstName],  который счел мою работу достойной звена.;;;;;;;;;;;;;x
EVTDESCmaester.49C;Хотя иногда это было тяжело, моё обучение в Цитадели было полезным. Благодаря усердному изучению я теперь знаю больше об области [Root.GetLinkStudySubjectDesc].  [archmaester_tutor.GetTitledFirstName] выслушал меня во время демонстрации моих знаний и оценил их как профессиональные, предоставив звено области знаний [Root.GetLinkStudySubject].;;;;;;;;;;;;;x
EVTOPTAmaester.49;Я наслаждаюсь этим!;;;;;;;;;;;;;x
EVTOPTAmaester.49B;Путешествие было очень плодотворным;;;;;;;;;;;;;x
EVTOPTAmaester.49C;В радости, что обучение прошло хорошо;;;;;;;;;;;;;x
opinion_pupil_great;Лучший ученик;;;;;;;;;;;;;x
opinion_teacher_great;Лучший учитель;;;;;;;;;;;;;x
EVTDESCmaester.50;Изучение области [Root.GetLinkStudySubject] оказалось сложнее, чем ожидалось. Мне было трудно понять науку [Root.GetLinkStudySubjectDesc], и когда я отчитыва[GetLasLsya] архимейсеру, известному как [archmaester_tutor.GetTitledFirstName], чтобы продемонстрировать свои знания, [archmaester_tutor.GetSheHe] посчитал мои знания недостаточными, чтобы получить звено.;;;;;;;;;;;;;x
EVTOPTAmaester.50;[archmaester_tutor.GetSheHeCap] ничего не знает;;;;;;;;;;;;;x
opinion_teacher;Учитель;;;;;;;;;;;;;x
opinion_pupil;Ученик;;;;;;;;;;;;;x
opinion_teacher_bad;Плохой учитель;;;;;;;;;;;;;x
opinion_pupil_bad;Плохой ученик;;;;;;;;;;;;;x
GetLinkStudySubject_ravenry;Искусство ухода и дрессировки воронов;;;;;;;;;;;;;x
GetLinkStudySubject_history;История;;;;;;;;;;;;;x
GetLinkStudySubject_astronomy;Астрономия;;;;;;;;;;;;;x
GetLinkStudySubject_seasons;Время и сезоны;;;;;;;;;;;;;x
GetLinkStudySubject_geography;География;;;;;;;;;;;;;x
GetLinkStudySubject_math;Счета и арифметика;;;;;;;;;;;;;x
GetLinkStudySubject_warcraft;Военное дело;;;;;;;;;;;;;x
GetLinkStudySubject_castles;Замки и архитектура;;;;;;;;;;;;;x
GetLinkStudySubject_culture;Народы и культуры;;;;;;;;;;;;;x
GetLinkStudySubject_languages;Языки;;;;;;;;;;;;;x
GetLinkStudySubject_law;Законы;;;;;;;;;;;;;x
GetLinkStudySubject_medicine;Медицина и целительство;;;;;;;;;;;;;x
GetLinkStudySubject_metallurgy;Кузнечное дело;;;;;;;;;;;;;x
GetLinkStudySubject_herblore;Травничество;;;;;;;;;;;;;x
GetLinkStudySubject_mysteries;Высшие таинства;;;;;;;;;;;;;x
GetLinkStudySubjectDesc_ravenry;уход за воронами и их обучение, а также их использование в связи;;;;;;;;;;;;;x
GetLinkStudySubjectDesc_history;события прошлого, переписывание и методы исторического анализа;;;;;;;;;;;;;x
GetLinkStudySubjectDesc_astronomy;астрология и наблюдение небесных объектов;;;;;;;;;;;;;x
GetLinkStudySubjectDesc_seasons;измерение дней, погоды и сезонов;;;;;;;;;;;;;x
GetLinkStudySubjectDesc_geography;отображение земель, морей и королевств;;;;;;;;;;;;;x
GetLinkStudySubjectDesc_math;администрирование, экономика и новейшая арифметика;;;;;;;;;;;;;x
GetLinkStudySubjectDesc_warcraft;передовые стратегии, тактики и их применение на войне;;;;;;;;;;;;;x
GetLinkStudySubjectDesc_castles;искусство проектирования и строительства замков и больших сооружений;;;;;;;;;;;;;x
GetLinkStudySubjectDesc_culture;иностранные народы и их обычаи, культура и религии;;;;;;;;;;;;;x
GetLinkStudySubjectDesc_languages;язык и его структура, включая изучение грамматики, синтаксиса и фонетики;;;;;;;;;;;;;x
GetLinkStudySubjectDesc_law;кодексы права, включая их применение в сфере правосудия и управления;;;;;;;;;;;;;x
GetLinkStudySubjectDesc_medicine;человеческий организм и практика диагноза, лечения и хирургии;;;;;;;;;;;;;x
GetLinkStudySubjectDesc_medicine_torture;человеческий организм, жестокие эксперименты на живых образцах;;;;;;;;;;;;;x
GetLinkStudySubjectDesc_metallurgy;свойства металлов и их получение и очистка;;;;;;;;;;;;;x
GetLinkStudySubjectDesc_herblore;лечебное и медицинское использование растений и трав;;;;;;;;;;;;;x
GetLinkStudySubjectDesc_mysteries;магия, оккультизм и загадки прошлого;;;;;;;;;;;;;x
EVTDESCmaester.51;[From.GetTitledFirstName] приш[From.GetLaYol] ко мне с просьбой. [From.GetSheHeCap] желает совершить путешествие в Цитадель, в город [c_the_citadel.Holder.Capital.GetName], чтобы [From.GetSheHe] мог[From.GetNoneE] получить звено и улучшить свои знания. Цитадель обещала компенсацию за временную потерю [From.GetHerHis] услуг, если вы согласны.;;;;;;;;;;;;;x
EVTOPTAmaester.51;У вас есть мое согласие;;;;;;;;;;;;;x
TOOLTIPmaester.51;[From.GetTitledFirstName] отправится в Цитадель, чтобы получить звено. [From.GetSheHeCap] пропадет на несколько месяцев.;;;;;;;;;;;;;x
opinion_allowed_maester_study;Разрешено путешествие в Цитадель;;;;;;;;;;;;;x
opinion_disallowed_maester_study;Запрещено путешествие в Цитадель;;;;;;;;;;;;;x
EVTOPTBmaester.51;Нет, вы нужны здесь;;;;;;;;;;;;;x
EVTDESCmaester.53;Проведя много месяцев в Цитадели и заработав новое звено для своей цепи, [From.GetTitledFirstName] возвращается в столицу [Root.Capital.GetName].;;;;;;;;;;;;;x
EVTOPTAmaester.53;С возвращением;;;;;;;;;;;;;x
EVTDESCmaester.54;Я чувствую напряжение от требовательного характера моих исследований, в том числе от сложных лекций, которые ведёт [archmaester_tutor.GetTitledFirstName] в области знаний [Root.GetLinkStudySubject] и долгих часов, проведенных в библиотеке Цитадели. Я волнуюсь, что могу получить это звено!;;;;;;;;;;;;;x
EVTOPTAmaester.54;Держать себя в руках...;;;;;;;;;;;;;x
EVTDESCmaester.55;Во время учебы в Цитадели у меня сложились рабочие отношения с человеком, известным как [maester_friend.GetSocietyRank] [maester_friend.GetFirstName]. Мы работали вместе, разбирая проблемы науки [Root.GetLinkStudySubject] и в других предметах, и в процессе стали хорошими друзьями.;;;;;;;;;;;;;x
EVTOPTAmaester.55;Мы стали хорошей командой;;;;;;;;;;;;;x
EVTDESCmaester.56;Во время учебы в Цитадели у меня сложились рабочие отношения с человеком, известным как [From.GetSocietyRank] [From.GetTitledFirstName].Мы работали вместе, разбирая проблемы науки [From.GetLinkStudySubject] и в других предметах, и в процессе стали хорошими друзьями.;;;;;;;;;;;;;x
EVTOPTAmaester.56;Мы стали хорошей командой;;;;;;;;;;;;;x
EVTDESCmaester.57;Обучение в Цитадели может быть конкурентным, и не все служители дружелюбны. [Maester_rival.GetSocietyRank] [maester_rival.GetFirstName] особенно раздражает меня, с [maester_rival.GetHerHis] непристойными замечаниями и постоянными попытками докапываться до меня.;;;;;;;;;;;;;x
EVTOPTAmaester.57;Я не забуду это!;;;;;;;;;;;;;x
EVTDESCmaester.58;Обучение в Цитадели может быть конкурентным, и не все служители дружелюбны. [From.GetSocietyRank] [From.GetTitledFirstName] особенно раздражает меня, с [From.GetHerHis] непристойными замечаниями и постоянными попытками докапываться до меня.;;;;;;;;;;;;;x
EVTOPTAmaester.58;Я не забуду это!;;;;;;;;;;;;;x
EVTDESCmaester.59;Цитадель полна юных служак на занятиях, многих из которых я нахожу... отвлекающим. Один конкретный парень по имени [maester_lover.GetFirstName], кажется, тоже поглядывает на меня...;;;;;;;;;;;;;x
EVTOPTAmaester.59;Хорошо быть здесь!;;;;;;;;;;;;;x
EVTOPTBmaester.59;Это неправильно;;;;;;;;;;;;;x
EVTDESCmaester.60;В рамках моих исследований человеческого тела я проводил[GetEndA] вскрытия трупов, чтобы узнать о его внутренней работе. Не могу не чувствовать, что изучение живого экземпляра было бы более полезным...;;;;;;;;;;;;;x
EVTOPTAmaester.60;Конклав никогда не должен узнать!;;;;;;;;;;;;;x
TOOLTIPmaester.60;Вас похитили кого-то с улиц города [c_the_citadel.Holder.Capital.GetName] и привезли в другое место для мучительного вскрытия живьём. Это §Yгарантирует§! успех в обучении на звено.;;;;;;;;;;;;;x
TOOLTIPmaester.61;Вы действия обнаружены и вы изгнаны из Цитадели;;;;;;;;;;;;;x
EVTOPTBmaester.60;Нет, это запрещено;;;;;;;;;;;;;x
EVTDESCmaester.61;Несмотря на все усилия, чтобы скрыть свою работу, эксперименты, которые я проводил[GetEndA] на живых образцах, были раскрыты! Как следствие, Конклав Архимейстеров изгнал меня из Цитадели.;;;;;;;;;;;;;x
EVTOPTAmaester.61;Они явно не видят большей пользы;;;;;;;;;;;;;x
TOOLTIPmaester.61;Все ваши мейстерские звенья аннулированы;;;;;;;;;;;;;x
EVTDESCmaester.62;Я читаю некоторые древние и темные тома, найденные глубоко в библиотеке Цитадели. Магия, о которой они говорят, очень мощная, в одной из книг описываются методы некромантии и воскрешения трупов из мертвых. Может быть, я смогу самостоятельно провести эти эксперименты?;;;;;;;;;;;;;x
necromancer_maester;Некромант;;;;;;;;;;;;;x
EVTOPTAmaester.62;Да, принесите мне несколько трупов!;;;;;;;;;;;;;x
TOOLTIPmaester.63;Вам принесли трупы, чтобы вы могли узнать секреты некромантии. Эта способность может оказаться полезной, как только потоки магии воспрянут...;;;;;;;;;;;;;x
EVTOPTBmaester.62;Цитадель запрещает некромантию;;;;;;;;;;;;;x
EVTDESCmaester.63;Слухи о моих темных экспериментах были разоблачены! Люди знают, что я пыта[GetLasLsya] поднять трупы из мертвых. В результате Конклав Архимейстеров и изгнал меня из Цитадели.;;;;;;;;;;;;;x
EVTOPTAmaester.63;Они явно боятся моих способностей;;;;;;;;;;;;;x
known_necromancer;Известный некромантr;;;;;;;;;;;;;x
mystic_opinion;Мнение мистиков;;;;;;;;;;;;;x
EVTDESCmaester.81;[Root.PrimaryTitle.GetFOA] и [Root.GetSocietyRank], присутствие драконов в мире является угрозой для установленного порядка и опасным пережитком магии. Прошу вас помочь исправить это, обратив внимание на дракона [target_dragon.GetName].\n\nПодпись, [From.GetSocietyRank] [From.GetFirstName];;;;;;;;;;;;;x
TOOLTIPmaester.82;Вам назначено задание - ослабить дракона по имени [target_dragon.GetName];;;;;;;;;;;;;x
kill_dragon;Ослабить дракона [Root.GetName];;;;;;;;;;;;;x
kill_dragon_desc;Вам было поручено обратить внимание на дракона  [Root.GetName], снизив его способность расти и размножаться.;;;;;;;;;;;;;x
kill_dragon_tooltip;Вам будут предложены варианты выбора целевого дракона;;;;;;;;;;;;;x
EVTDESCmaester.82;Дракон должен быть очлаблен таким образом, чтобы не вызывать подозрений ни собой, ни в Цитадели. Лучше было бы как-нибудь ослабить его, чтобы его рост замедлился, а потомство стало болезненным.....;;;;;;;;;;;;;x
EVTOPTAmaester.82;Я знаю старый том, который поможет;;;;;;;;;;;;;x
EVTOPTBmaester.82;Я составлю план, как сделать ему плохо;;;;;;;;;;;;;x
EVTOPTCmaester.82;Я использую некоторые травы, чтобы сделать его бесплодным;;;;;;;;;;;;;x
EVTOPTDmaester.82;Возможно, ранение сработает?;;;;;;;;;;;;;x
TOOLTIPmaester.83;Дракон успешно намечен;;;;;;;;;;;;;x
TOOLTIPmaester.84;Вы не можете причинить вред дракону;;;;;;;;;;;;;x
TOOLTIPmaester.85;Вы не можете нанести вред дракону, и в свою очередь подвергаетесь нападению....;;;;;;;;;;;;;x
EVTDESCmaester.83;Я вспомнил[GetEndA], как читал[GetEndA] старую книгу о драконах Валирии, в которой содержалось подробное объяснение анатомии драконов. Используя эти знания, мне удалось незаметно подойти к дракону [target_dragon.GetName] и повредить его репродуктивные органы, даже не разбудив зверя..;;;;;;;;;;;;;x
EVTDESCmaester.83B;Мои познания в медицине и создании лекарств позволяют мне полагать, что вариант лунного чая может быть эффективен для драконов. Я составил такое снадобье и тайно добавил его в пищу дракону [target_dragon.GetName], в результате чего зверь стал менее энергичным и, по-видимому, менее плодовитым.;;;;;;;;;;;;;x
EVTDESCmaester.83C;Я специалист по травам и знаю несколько редких и сильнодействующих средств, которые могут нанести вред дракону. Я тайно заказал[GetEndA] их и сделал[GetEndA] так, чтобы они настояли в воде для дракона [target_dragon.GetName]. С тех пор как несчастный зверь, по сообщениям, высидил партию деформированных драконьих яиц, это заставило меня поверить, что его плодородие была подавлено.;;;;;;;;;;;;;x
EVTDESCmaester.83D;Не имея каких-либо конкретных знаний, чтобы нанести вред дракону, я использую прямой подход! Цитадель послала мне яд, который необходимо впрыснуть в кровь дракона, и поэтому под покровом темноты я пробра[GetLasLsya] в логово дракона [target_dragon.GetName], пока он спал. Я проколол[GetEndA] кожу зверя и применил[GetEndA]  яд, не разбудив его, что привело к его тяжелой болезни.;;;;;;;;;;;;;x
EVTOPTAmaester.83;Мир теперь безопаснее;;;;;;;;;;;;;x
EVTDESCmaester.84;Я вспомнил[GetEndA] древний свиток, где выдвигалась гипотеза об анатомии драконов, и придумал[GetEndA] план, используя эти знания. Я попыта[GetLasLsya] приблизиться к дракону [target_dragon.GetName] и повредить его репродуктивные органы без пробуждения, но прежде чем я смог[GetNoneE] сделать разрез, он проснулся! Я сбежал[GetEndA] прежде, чем он смог причинить мне слишком много вреда.;;;;;;;;;;;;;x
EVTDESCmaester.84B;Мои знания в медицине привели меня к мысли, что партия лунного чая, созданная специально для дракона, может подавить его репродуктивную способность. Я добавил[GetEndA] специально сделанное снадобье в еду дракону [target_dragon.GetName] в надежде, что он ее проглотит. Коварный зверь отказывается от еды, словно зная о ее содержании..;;;;;;;;;;;;;x
EVTDESCmaester.84C;Я заказал[GetEndA] некоторые труднодоступные и опасные травы при помощи своих коллег-травников и добавил[GetEndA] их в воду дракону [target_dragon.GetName] в надежде сделать зверя больным и бесплодным. Это не сработало, дракон, выпив воду, сразу же приходит в ярость и вываривает оставшуюся воду своим огнем..;;;;;;;;;;;;;x
EVTDESCmaester.84D;Цитадель тайно послала мне яд, чтобы убить зверя. Вещество наносится прямо в рану на коже, и поэтому я проник[GetNoneE] в логово дракона [target_dragon.GetName] под покровом темноты, чтобы совершить это. Однако, дракон всегда просыпался от моего приближения, не теряя меня из вида.;;;;;;;;;;;;;x
EVTOPTAmaester.84;Это провал;;;;;;;;;;;;;x
EVTDESCmaester.85;В древнем библиотечном свитке была схема анатомии драконов, и поэтому я придумал[GetEndA] план, используя эти знания. Я попыта[GetLasLsya] приблизиться к дракону [target_dragon.GetName] и повредить его репродуктивные органы без пробуждения, но прежде чем я смог[GetNoneE] сделать разрез, он проснулся и выдохнул на меня своим драконьим пламенем!;;;;;;;;;;;;;x
EVTDESCmaester.85B;Мои знания вмедицине привели меня к мысли, что партия лунного чая, созданная специально для дракона, может подавить его репродуктивную способность. Ночью я попыта[GetLasLsya] добавить специально сделанное снадобье в еду дракону [target_dragon.GetName] в надежде, что он его проглотит. Коварный зверь проснулся и отказался от еды, яростно бросившись на меня!;;;;;;;;;;;;;x
EVTDESCmaester.85C;Я заказал[GetEndA] некоторые труднодоступные и опасные травы при помощи мрих коллег-травников и добавил[GetEndA] их в воду дракону [target_dragon.GetName] в надежде сделать зверя больным и бесплодным. Это не сработало, дракон, кажется, не пострадал. Однако, я тяжело заболел[GetEndA] от обращения с травами...;;;;;;;;;;;;;x
EVTDESCmaester.85D;Цитадель тайно отправила мне яд, чтобы атаковать зверя. Вещество наносится прямо в рану на коже, и поэтому я проник[GetNoneE] в логово дракона [target_dragon.GetName] под покровом темноты, чтобы совершить это. Дракон просыпается от моего приближения, напав на меня в ярости!;;;;;;;;;;;;;x
EVTOPTAmaester.85;Это была плохая идея;;;;;;;;;;;;;x
EVTDESCmaester.91;[Root.PrimaryTitle.GetFOA] и [Root.GetSocietyRank],ясно, что колдовство и его практикующие представляют серьезную угрозу для этого мира. [target_courtier.GetTitledFirstNameWithDynastyNoRegnal] как известно, представляет собой такую угрозу, поэтому я и мои коллеги в Цитадели призываем вас помочь остановить [target_courtier.GetHerHis] любыми необходимыми средствами.\n\nПодпись, [From.GetSocietyRank] [From.GetFirstName];;;;;;;;;;;;;x
TOOLTIPmaester.92;Вам назначено задние для - убить персонажа [target_courtier.GetTitledFirstNameWithDynastyNoRegnal];;;;;;;;;;;;;x
maester_kill_magic_person;Убить персонажа [Root.GetTitledFirstNameWithDynastyNoRegnal];;;;;;;;;;;;;x
maester_kill_magic_person_desc;Вам было поручено убить персонажа [Root.GetTitledFirstNameWithDynastyNoRegnal], известного колдуна и покровителя магии;;;;;;;;;;;;;x
maester_kill_magic_person_tooltip;Вам нужно будет составить заговор против цели, или же найти какой-то другой метод, для устранения;;;;;;;;;;;;;x
EVTDESCmaester.93;[target_courtier.GetTitledFirstNameWithDynastyNoRegnal] был[target_courtier.GetEndA] убит[target_courtier.GetEndA] от вашей руки, [target_courtier.GetHerHis] убеждения и сомнительные способности  больше не являются угрозой миру.;;;;;;;;;;;;;x
EVTOPTAmaester.93;Цитадели это понравитсяd;;;;;;;;;;;;;x
EVTDESCmaester.94;[target_courtier.GetTitledFirstNameWithDynastyNoRegnal] был[target_courtier.GetEndA] убит[target_courtier.GetEndA], но не вашей рукой. Независимо от этого, [target_courtier.GetHerHis] убеждения и сомнительные способности больше не являются угрозой миру.;;;;;;;;;;;;;x
EVTOPTAmaester.94;Цитадель будет довольна;;;;;;;;;;;;;x
EVTDESCmaester.100;[FromFrom.GetTitledFirstName] приш[FromFrom.GetLaYol] в поисках частной аудиенции. [FromFrom.GetSheHeCap] утверждает, что изучил[FromFrom.GetEndA] темное искусство, находясь в Цитадели, способность, которая, как [FromFrom.GetSheHe] утверждает , позволит [FromFrom.GetHerHim] поддерживать вашу жизнь в случае беды. [FromFrom.GetSheHeCap] просит разрешения на совершение действия над вашим телом в случае преждевременной смерти.;;;;;;;;;;;;;x
EVTOPTAmaester.100;Да, я одержу победу над смертью!;;;;;;;;;;;;;x
TOOLTIPmaester.100A;Если вы умрете преждевременно, [FromFrom.GetTitledFirstName] получит ваше тело для проведения эксперимента возрождения;;;;;;;;;;;;;x
EVTOPTBmaester.100;Это некромантия! Это зло!;;;;;;;;;;;;;x
opinion_rejected_necromancy;Отклонение возрождения;;;;;;;;;;;;;x
EVTDESCmaester.101;[From.GetTitledFirstNameNoRegnal], похоже, желает уклониться от смерти, и поэтому согласи[From.GetLasLsya] передать своё тело мне, если [From.GetSheHe] умрет преждевременно. Это позволит мне исполнить некромантию.;;;;;;;;;;;;;x
EVTOPTAmaester.101;Нетрудно было [From.GetHerHis] 'прочитать';;;;;;;;;;;;;x
opinion_promised_necromancy;Обещанное возрождение;;;;;;;;;;;;;x
opinion_withdrawn_necromancy;Отозванное обещание возрождения;;;;;;;;;;;;;x
EVTDESCmaester.102;[From.GetTitledFirstNameNoRegnal] отклонил[From.GetEndA] ваше предложениt, обвинив вас в злой некромантии! [From.GetSheHeCap] призывает вас не говорить об этом снова.;;;;;;;;;;;;;x
EVTOPTAmaester.102;[From.GetHerHisCap] потерян[From.GetEndA];;;;;;;;;;;;;x
EVTDESCmaester.103;[From.GetTitledFirstNameNoRegnal] заявил[From.GetEndA], что [From.GetSheHe] больше не требует вашего тела для экспериментов возрождения.;;;;;;;;;;;;;x
EVTOPTAmaester.103;Но мне было обещано!;;;;;;;;;;;;;x
EVTDESCmaester.105;возрождение мейстером;;;;;;;;;;;;;x
EVTDESCmaester.105B;возрождается мейстером впервые;;;;;;;;;;;;;x
EVTOPTAmaester.105;;;;;;;;;;;;;;x
CUSTOMTOOLTIPmaester_saved_me;;;;;;;;;;;;;;x
EVTDESCmaester.106;Сообщите противнику о возрождении!;;;;;;;;;;;;;x
EVTOPTAmaester.106;;;;;;;;;;;;;;x
EVTDESCmaester.107;Сообщение о воскрешенной цели!;;;;;;;;;;;;;x
EVTOPTAmaester.107;;;;;;;;;;;;;;x
EVTOPTmaester_resurrected;Мейстер забирает ваше тело....;;;;;;;;;;;;;x
TOOLTIPbrew_happiness_potion_LINKS;Иметь 2 мейстерских звена в §Yмедицине§!;;;;;;;;;;;;;x
TOOLTIPhermetics_make_horoscope_LINKS;меть 2 мейстерских звена в §Yастрономии§!;;;;;;;;;;;;;x
choose_hermetic_art;Выбрать специализацию мейстера;;;;;;;;;;;;;x
choose_hermetic_art_desc;Выберите, чтобы сосредоточиться на одном из предметов, преподаваемых в обществе §Y[Root.Society.GetName]§!. Это позволит вам выбрать черту образа жизни.;.;;;;;;;;;x
choose_hermetic_art_power_desc;Сделайте §Gправый щелчок§!  на портрете вашего персонажа, чтобы выбрать специализацию в одном из предметов Цитадели, так вы сможете определиться со своим образом жизни.;;;;;;;;;;x
choose_hermetic_art_allow_tooltip;В настоящее время не выбирает специализацию\n;;;;;;;;;;;x
choose_hermetic_art_allow_tooltipB;Имеет §Y2§! [FromFrom.GetName];;;;;;;;;;;;;x
TOOLTIPhas_links_for_maester_rank_trigger;Имеет §Y10§! звеньев Цитадели;;;;;;;;;;;;;x
TOOLTIPhas_links_level_1_trigger;Имеет §Y6§! звеньев Цитадели;;;;;;;;;;;;;x
TOOLTIPhas_links_level_2_trigger;Имеет §Y12§! звеньев Цитадели;;;;;;;;;;;;;x
TOOLTIPhas_links_level_3_trigger;Имеет §Y18§! звеньев Цитадели;;;;;;;;;;;;;x
TOOLTIPhas_links_level_4_trigger;Имеет §Y24§! звена Цитадели;;;;;;;;;;;;;x
hermetics_write_magnum_opus;Написать Великий труд;;;;;;;;;;x
hermetics_write_magnum_opus_desc;Запишите труд своей жизни для потомков в книге, которая будет храниться в библиотеке Цитадели;;;;;;;;;;x
hermetics_wrote_magnum_opus_cd_tooltip;§Y[Root.GetTitledFirstName]§! еще не приня[Root.GetLasLsya] за Великий труд\n;;;;;;;;;;x
TOOLTIPhermetics_SPECIALISATION;Выбрана §Yспециализация§! по теме в Цитадели;;;;;;;;;;;;;x
TOOLTIPhermetics_write_magnum_opus_LINKS;Имеет §Y3§! звена в выбранной специализации;;;;;;;;;;;;;x
TOOLTIPinvite_hermetic_to_stargazing_LINKS;Имеет 2 любых мейстерских звена §Yастрономии§! или §Yвременах и сезонах§!;;;;;;;;;;;;;x
perform_necromancy;Предложить некромантию;;;;;;;;;;;;;x
TOOLTIPperform_necromancyA;Персонаж НЕ был ранее целью некроманта;;;;;;;;;;;;;x
TOOLTIPperform_necromancyB;В настоящее время НЕ предлагает кому-то некромантию;;;;;;;;;;;;;x
TOOLTIPmaester.100;Вы подходите к персонажу [This.GetTitledFirstName] и просите, чтобы в случае [This.GetHerHis] преждевременной смерти тело было предоставлено вам для проведения эксперимента по возрождению.;;;;;;;;;;;;;x
TOOLTIPperform_necromancyC;[This.GetTitledFirstName] больше не будет целью вашей некромантии и будет расстроен[This.GetEndA];;;;;;;;;;;;;x
TOOLTIPhermetics_acquire_ingredients_decision_LINKS;Имеет 2 звена мейстера  в области травологии, медицины или кузнечного дела;;;;;;;;;;;;;x
EVTDESC_MNM_102;Приветствую, [Root.GetTitledFirstName]!\nМы рады узнать, что вы сделали свой первый шаг к истинным знаниям. Теперь секреты Цитадели могут быть вам открыты, но со временем вы сможете понять их, как я.\n\nКонклав с нетерпением ждет вас в городе [c_the_citadel.Holder.Capital.GetName].\nПодпись, [From.GetSocietyRank] [From.GetFirstName];;;;;;;;;;x
emerald_tablet;Обсидиановая пластина;;;;;;;;;;x
EVTDESC_MNM_1418;Уважаем[Root.GetAyaYy] [Root.GetSocietyRank] [Root.GetTitledFirstNameNoRegnal],\n\n[Root.PrimaryTitle.GetFOA], у меня есть предложение, которое может вас заинтересовать. Не так давно в мое распоряжение попало старое письмо с подробным описанием возможных местонахождений некоторых утерянных научных трудов. Если вы профинансируете экспедицию, мы сможем искать эти сокровища вместе!\n\nПодпись, [From.GetSocietyRank] [From.GetFirstName];;;;;;;;;x
EVTDESC_MNM_1420_B;Уважаем[Root.GetAyaYy] [Root.GetSocietyRank] [Root.GetTitledFirstNameNoRegnal],\nУ меня превосходные новости! Со времени нашей последней переписки я приобрел[From.GetEndA] карту, ведущую в уцелевшую комнату библиотеки в Старой Валирии! В то время как предыдущие варианты остаются - том здесь, в городк [Root.Capital.GetName], свиток тут - [temple_site.GetName] и табличка здесь - [ruin_site.Holder.TopLiege.PrimaryTitle.GetName].Я бы сказал[From.GetEndA], что это благоприятная возможность и не стоит ею пренебрегать.\n\nПодпись, [From.GetSocietyRank] [From.GetFirstName];;;;;;;;;;x
EVTOPTA_MNM_1420;Действительно отлично! Мы отправимся в Валирию!;;;;;;;;;;x
EVTOPTA_MNM_1420_TT;Вы и §Y[From.GetTitledFirstName]§! отправляйтесь в экспедицию в Валирию, надеясь найти руины Великой библиотеки.\n;\n;;;;;;;;;x
EVTTITLE_MNM_1422;Табличка;;;;;;;;;;x
EVTDESC_MNM_1422;Когда мы нашли выгравированную драконом дверь в комнату, мы едва могли поверить своим глазам. [From.GetSocietyRank] [From.GetFirstName] и я почти сдались. Мы решили, что этот день будет последним в наших поисках, так что наше открытие должно было стать чудом! Мои руки дрожали, когда я вместе со слугами расчистили последний завал и распахнули дверь.\n\nМы с коллегой вошли первыми, высоко подняв фонарь над головой. Слабый свет падал на бесчисленные горшки и сундуки, сложные настенные росписи и большую валирийскую кузницу. Что-то еще отражало свет из глубины комнаты, что-то очень черное... [From.GetFirstName] взволнованно задышал[From.GetEndA]. 'Этоuj.... этоuj не может быть!';;;;;;;;;;x
EVTOPTA_MNM_1422;Наконец, самые глубинные секреты Старой Валирии будут моими!;;;;;;;;;x
EVTOPTA_MNM_1423;Обманывают ли меня мои глаза, или это руны?;;;;;;;;;;x
EVTDESC_MNM_1425;[From.GetSocietyRank] [From.GetFirstName] и я обыскали каждую полку и сундук в пыльном старом магазине. Целыми днями мы ничего не делали, кроме как дышали пылью и листали скучные старые тексты. Они были полны чепухи! На четвертый день я был[GetEndA] невероятно удивлен[GetEndA], увидев символы Цитадели.!;.;;;;;;;;;x
EVTDESC_MNM_1426_AМои опасения возникли вскоре после нашего прибытия в руины Валирии, но [From.GetSocietyRank] [From.GetFirstName] настаивал[From.GetEndA] на том, что мы, должно быть, неправильно истолковали карту. После каждой неудачи [From.GetSheHe] выдвигал[From.GetEndA] новую идею. У меня закралось подозрение... Что делать, если карта была подделана, и [From.GetFirstName] в курсе? Была ли эта чертова экспедиция заговором, чтобы погубить меня?!;;;;;;;;;;x
quest_hermetics_find_text;Найти научный текст;;;;;;;;;;x
quest_hermetics_find_text_desc;Ваш[FromFrom.GetEndA] коллега [FromFrom.GetSocietyRank] [FromFrom.GetFirstName] наш[FromFrom.GetLaYol] письмо, в котором подробно описываются возможные местоположения некоторых великих и старых знаний. Сделка была заключена - [FromFrom.GetSocietyRank] [FromFrom.GetFirstName] поделится с вами содержанием письма, и вы оплатите экспедицию.;;;;;;;;;;x
quest_hermetics_find_text_tooltip;Если §Y[Root.GetTitledFirstName]§! отправится в одну из экспедиций, которые предлагает §Y[From.GetTitledFirstName]§! и находит старый научный текст, задание будет завершено.;;;;;;;;;;x
brew_happiness_potion;Заварить маковое молоко;;;;;;;;;;x
brew_happiness_potion_desc;Как [From.GetSocietyRank] общества [From.Society.GetName], §Y[From.GetTitledFirstName]§! заваить маковое молоко для поднятия настроения.;;;;;;;;;;x
EVTDESC_MNM_1400;Я приготовил[GetEndA] маковое молоко, как гласил зашифрованный рецепт. Через несколько секунд после принятия волна приятных ощущений захватила меня! Хотя пик блаженства был недолгим, этот первый порыв смыл удручающую тьму, которая мучила меня так долго.;;;;;;;;;;x
EVTDESC_MNM_1401;'Я не хочу вмешиваться, [Root.GetTitledFirstName], но вам, кажется, не очень хорошо, - говорит [From.GetTitledFirstName], - в своих исследованиях я раскрыл[From.GetEndA] секрет поднятия настроения и счастья.' [From.GetSheHeCap] предлагает мне колбу с маковым молоком.;;;;;;;;;;x
EVTOPTB_MNM_1401_TT;Отказаться пить маковое молоко;;;;;;;;;;x
EVTDESC_MNM_1402;Я приготовил[GetEndA] маковое молоко, как гласил зашифрованный рецепт. [From.GetTitledFirstName] с благодарностью принял[From.GetEndA] мою помощь, и как только [From.GetSheHe] выпил[From.GetEndA] мою смесь, я увидел[GetEndA] изменение. Блеск вернулся в [From.GetHerHis] глаза!;;;;;;;;;;x
EVTDESC_MNM_1403;Какое-то время я чувствовал[GetEndA], что ничто не может погасить возобновившееся чувство радости и цели, которые я получил[GetEndA] после того, как выпил[GetEndA] маковое молоко. Кажется, я ошиб[GetLasSya]. Жизнь и долг изматывают меня. Больше нет ничего, никакой великой тайны. Только труд и мучения, каждый день до последнего.;;;;;;;;;;x
EVTDESC_MNM_1460;Хотя я, безусловно, великий ученый, совершивиший несколько прекрасных открытий, я слабо пересекаюсь с единомышленниками. Я думаю о том, чтобы принять у себя некоторых моих коллег из общества [Root.Society.GetName] для научной беседы..;;;;;;;;;;x
EVTOPTA_MNM_1461;Наша работа будет большой наградой для Цитадели!;;;;;;;;;;x
EVTOPTA_MNM_1476;Эврика!;;;;;;;;;x
EVTDESC_MNM_1478_C;Изобретение, кульминация нашего великого сотрудничества, наконец-то закончено! Мы разработали и сконструировали оригинальное устройство для измерения углов в небе. Мы называем это 'астрономический радиус'. Мои звёздные карты станут намного лучше и их нетрудно будет вести благодаря нашему изобретению.;;;;;;;;;;x
divine_summoning_succeeded;Божественное прозрение;;;;;;;;;;x
divine_summoning_failed;Недостойный ученый;;;;;;;;;;x
divine_summoning_failed_desc;Этот персонаж не смог понять загадочный совет, данный призванным божественным существом, и поэтому считается недостойным ученым.;;;;;;;;;;x
EVTDESC_MNM_1622;М[From.GetOyaOy] [From.GetSisterBrother] из Цитадели, [From.GetFirstName], выступил[From.GetEndA] с идеей ритуала, который может вызывать присутствие Высшего Существа. Перспектива обращения к тайному знанию заманчива, и поэтому идея была воспринята с волнением среди мейстеров-оккультистов. Ритуал состоится через несколько недель.;;;;;;;;;;x
EVTDESC_MNM_1622_COURT;М[From.GetOyaOy] дорог[From.GetOyaOy] [GetFromRelation] и [From.GetSisterBrother] из Цитадели, [From.GetFirstName], выступил[From.GetEndA] с идеей ритуала, который может вызывать присутствие Высшего Существа. Перспектива обращения к тайному знанию заманчива, и поэтому идея была воспринята с волнением среди мейстеров-оккультистов. Ритуал состоится через несколько недель.;;;;;;;;;;x
EVTOPTB_MNM_1622;Мы не должны вмешиваться в вопросы магии...;;;;;;;;;;x
EVTTITLE_MNM_1624;Призыв тайного;;;;;;;;;;x
EVTDESC_MNM_1624;Пришло время для ритуала, и мастера высших тайн собрались в просторной комнате. Символы начерчивают на полу, пока вы поёте свои песнопения. [From.GetSocietyRank] [From.GetFirstName] предоставил[From.GetEndA] вам новый, особый тип благовоний, который, как [From.GetSheHe] утверждает, необходим для установления возможной связи с Высшим Существом. Вскоре он проник в воздух, и по мере того, как вы вдыхаете его все больше и больше, слыша гул песнопений ваших товарищей, вы чувствуете, что ваша душа отделяется от тела и начинает подниматься...\n\n... до тех пор, пока вы не понимамание, что есть что-то ещё. Сущность касается вашей души, хотя вы не можете воспринимать ее никакими чувствами, кроме вашего разума. Это должно быть Высшее Существо! Вы преуспели! Вы изо всех сил пытаетесь контролировать свои эмоции и объединить все свои мысли в один животрепещущий вопрос, который вы задаете этому существу....;;;;;;;;;;x
EVTOPTA_MNM_1624;О, расскажите мне о работе Солнца!;;;;;;;;;;x
EVTOPTB_MNM_1624;О, расскажите мне о работе звёзд!;;;;;;;;;;x
EVTOPTC_MNM_1624;О, расскажиите мне о действии богов!;;;;;;;;;;x
EVTOPTD_MNM_1624;О, расскажиите мне о секретах, спрятанных по всему миру!;;;;;;;;;;x
EVTDESC_MNM_1626_SUCCESS;В моем трансе Высшее Существо рассказывает мне о великих Истинах, которые были скрыты от Человека - об алхимии и астрологии, о воле богов, о шифрах в древних текстах и даже о вещах, которые еще не произошли. Как только моя душа возвращается в мое тело, я вижу мир новыми глазами!;;;;;;;;;;x
EVTDESC_MNM_1626_FAILURE;Высшее Существо дало мне загадочный ответ на мой вопрос, и в течение многих дней после ритуала я пытаюсь осмыслить его... И все же, сколько бы времени я на него ни тратил[GetEndA], я не могу. Независимо от того, что мне предназначено знать, я не в состоянии понять – я могу только заключить, что я просто не досто[GetYnaIn] его знания...;;;;;;;;;;x
EVTDESC_MNM_1626_ALCH_BONUS;Высшее Существо дало мне загадочный совет об алхимии во многих ее формах, и, потратив достаточно времени на обдумывание этого, я полагаю, что расшифровал[GetEndA], что это значит. Я с нетерпением жду возможности использовать это!;;;;;;;;;;x
EVTDESC_MNM_1626_ASTR_BONUS;Высшее Существо дало мне загадочный совет по астрологии во многих ее формах, и, потратив на это достаточно времени, размышляя над этим, я полагаю, что расшифровал[GetEndA], что это значит. Я с нетерпением жду возможности использовать это с пользой!;;;;;;;;;;x
EVTDESC_MNM_1626_MIND_BONUS;Высшее Существо дало мне загадочный совет о волшебстве во многих ее формах, и, потратив достаточно времени на обдумывание этого, я полагаю, что расшифровал[GetEndA], что это значит. Я с нетерпением жду возможности использовать это с пользой!;;;;;;;;;;x
EVTDESC_MNM_1626_TRUTH_BONUS;Высшее Существо дало мне загадочный совет по расшифровке скрытых секретов по всему миру, и, потратив достаточно времени на обдумывание этого, я полагаю, что расшифровал[GetEndA], что это значит. Я с нетерпением жду возможности использовать это с пользой!;;;;;;;;;;x
EVTOPTA_MNM_1626;Высшее существо имеет моё полное доверие!;;;;;;;;;;x
EVTDESC_MNM_1630;Передо мной стоит непростая задача исследования и написания целой теоремы, которая будет рассмотрена моими коллегами... Одобрение её мейстерами Цитадели было бы большим благом для меня, но если качество окажется недостаточным, это может стать большим ударом по моему престижу.;;;;;;;;;;x
EVTDESCA_MNM_1640;Всё закончено! Я написал[GetEndA] статью [Root.GetTheoryPaperQuality] относительно темы [Root.GetLinkStudySubject]! Она исследует потенциально новые и полезные теории в области [Root.GetLinkStudySubjectDesc], которые могут предоставить новый подход к науке [Root.GetLinkStudySubject]. Теперь все, что осталось - это представить его моим коллегам в Цитадели для ознакомления..;;;;;;;;;;x
EVTDESCA_MNM_1641;Несколько дней назад [From.GetSocietyRank] [From.GetFirstName] сказал[From.GetEndA] мне, что [From.GetSheHe] написал[From.GetEndA] статью по теме [From.GetLinkStudySubject], и вручил[From.GetEndA]  мне копию для проверки. Читая его, становится очевидным, что это [Root.GetTheoryPaperQualityExpanded] Считаю ли я нужным одобрить его?;;;;;;;;;;x
EVTTOOLTIPC_MNM_1641;Вы распространяете по Цитадели речи, что §Y[From.GetTitledFirstName]§! использовал[From.GetEndA] плагиат,  стыдя [From.GetHerHis]. [From.GetSheHeCap] не будет рад[From.GetEndA]!;;;;;;;;;;x
EVTDESC_MNM_1642;Уважаем[RootGetAyaYy] [Root.GetSocietyRank] [Root.GetTitledFirstNameNoRegnal],\n\nПотратив достаточно времени на оценку ценности вашей статьи, я решил[From.GetEndA] одобрить вашу работу перед Цитаделью. Я надеюсь, что она будет быстро добавлена в нашу библиотеку. Просто замечательно!\n\nСо всем уважением,\nПодпись, [From.GetSocietyRank] [From.GetFirstName];;;;;;;;;;x
EVTDESC_MNM_1643;Уважаем[RootGetAyaYy] [Root.GetSocietyRank] [Root.GetTitledFirstNameNoRegnal],\n\nПотратив достаточно времени на оценку ценности вашей статьи, я решил[From.GetEndA] НЕ одобритять вашу работу перед Цитаделью. На мой взгляд, качество работы не соответствует стандартам нашей библиотеки!\n\nСо всем уважением,\nПодпись, [From.GetSocietyRank] [From.GetFirstName];;;;;;;;;;x
EVTDESCA_MNM_1644;Успех! Много мейстеров одобрили мою работу, и поэтому Цитадель приняла её в свою библиотеку. В результате моё положение в Цитадели  заметно возросло.;;;;;;;;;;x
EVTDESCB_MNM_1644;Провал... Большинство мейстеров опровергли мою статью, и поэтому она не будет добавлена в библиотеку Цитадели. Это унизительное событие, и мне понадобится некоторое время, чтобы восстановить прежнее положение в Цитадели..;;;;;;;;;;x
EVTDESC_MNM_1646;Прочь! Эт[From.GetEtaEtot] любопытн[From.GetAyaYy] [From.GetSocietyRank] [From.GetFirstName] каким-то образом обнаружил[From.GetEndA], что я позаимствовал[GetEndA] элементы у других авторов... [From.GetSheHeCap] уже распространил[From.GetEndA] речь, оклеветав  меня перед Цитаделью и гарантировав, что моя статья никогда не будет принята.;;;;;;;;;;x
hermetics_write_magnum_opus;Написать великий труд;;;;;;;;;;x
hermetics_write_magnum_opus_desc;Написать работу всей своей жизни для потомков.;;;;;;;;;;x
writing_magnum_opus;Пишется великий труд;;;;;;;;;x
writing_magnum_opus_desc;Этот персонаж пишет великий труд.;;;;;;;;;;x
EVTDESC_MNM_1610;Уединившись за письменным столом с пером в руке и бутылкой чернил поблизости, я смотрю на чистый пергамент. Сам масштаб задачи, за которую я собираюсь взяться, озаряет меня – мне нужно записать свои знания, но также убедиться, что они выдержат испытание временем...;;;;;;;;;;x
EVTDESC_MNM_1605;Сделано! Закончено! После года пота и труда мне удалось создать свою величайшую работу: '[magnum_opus.GetName]'. Этот том выдержит испытание веками, гарантируя, что мои знания и имя победят само время. Он будет хорошо служить моим преемникам, и, возможно, однажды они смогут добавить свои знания к моим.;;;;;;;;;;x
EVTOPTA_MNM_1605;Моя мудрость будет передаваться через века!;;;;;;;;;;x
magnum_opus_learning_1;Труд [This.OriginalOwner.GetTitledFirstNameNoRegnal];;;;;;;;;;;;;x
magnum_opus_learning_2;Труд [This.OriginalOwner.GetTitledFirstNameNoRegnal];;;;;;;;;;;;;x
magnum_opus_learning_3;Труд [This.OriginalOwner.GetTitledFirstNameNoRegnal];;;;;;;;;;;;;x
magnum_opus_learning_4;Труд [This.OriginalOwner.GetTitledFirstNameNoRegnal];;;;;;;;;;;;;x
magnum_opus_learning_stewardship_1;Труд [This.OriginalOwner.GetTitledFirstNameNoRegnal];;;;;;;;;;;;;x
magnum_opus_learning_stewardship_2;Труд [This.OriginalOwner.GetTitledFirstNameNoRegnal];;;;;;;;;;;;;x
magnum_opus_learning_stewardship_3;Труд [This.OriginalOwner.GetTitledFirstNameNoRegnal];;;;;;;;;;;;;x
magnum_opus_learning_stewardship_4;Труд [This.OriginalOwner.GetTitledFirstNameNoRegnal];;;;;;;;;;;;;x
magnum_opus_learning_martial_1;Труд [This.OriginalOwner.GetTitledFirstNameNoRegnal];;;;;;;;;;;;;x
magnum_opus_learning_martial_2;Труд [This.OriginalOwner.GetTitledFirstNameNoRegnal];;;;;;;;;;;;;x
magnum_opus_learning_martial_3;Труд [This.OriginalOwner.GetTitledFirstNameNoRegnal];;;;;;;;;;;;;x
magnum_opus_learning_martial_4;Труд [This.OriginalOwner.GetTitledFirstNameNoRegnal];;;;;;;;;;;;;x
magnum_opus_stewardship_1;Труд [This.OriginalOwner.GetTitledFirstNameNoRegnal];;;;;;;;;;;;;x
magnum_opus_stewardship_2;Труд [This.OriginalOwner.GetTitledFirstNameNoRegnal];;;;;;;;;;;;;x
magnum_opus_stewardship_3;Труд [This.OriginalOwner.GetTitledFirstNameNoRegnal];;;;;;;;;;;;;x
magnum_opus_stewardship_4;Труд [This.OriginalOwner.GetTitledFirstNameNoRegnal];;;;;;;;;;;;;x
magnum_opus_martial_1;Труд [This.OriginalOwner.GetTitledFirstNameNoRegnal];;;;;;;;;;;;;x
magnum_opus_martial_2;Труд [This.OriginalOwner.GetTitledFirstNameNoRegnal];;;;;;;;;;;;;x
magnum_opus_martial_3;Труд [This.OriginalOwner.GetTitledFirstNameNoRegnal];;;;;;;;;;;;;x
magnum_opus_martial_4;Труд [This.OriginalOwner.GetTitledFirstNameNoRegnal];;;;;;;;;;;;;x
magnum_opus_stewardship_martial_1;Труд [This.OriginalOwner.GetTitledFirstNameNoRegnal];;;;;;;;;;;;;x
magnum_opus_stewardship_martial_2;Труд [This.OriginalOwner.GetTitledFirstNameNoRegnal];;;;;;;;;;;;;x
magnum_opus_stewardship_martial_3;Труд [This.OriginalOwner.GetTitledFirstNameNoRegnal];;;;;;;;;;;;;x
magnum_opus_stewardship_martial_4;Труд [This.OriginalOwner.GetTitledFirstNameNoRegnal];;;;;;;;;;;;;x
magnum_opus_learning_diplomacy_1;Труд [This.OriginalOwner.GetTitledFirstNameNoRegnal];;;;;;;;;;;;;x
magnum_opus_learning_diplomacy_2;Труд [This.OriginalOwner.GetTitledFirstNameNoRegnal];;;;;;;;;;;;;x
magnum_opus_learning_diplomacy_3;Труд [This.OriginalOwner.GetTitledFirstNameNoRegnal];;;;;;;;;;;;;x
magnum_opus_learning_diplomacy_4;Труд [This.OriginalOwner.GetTitledFirstNameNoRegnal];;;;;;;;;;;;;x
magnum_opus_diplomacy_learning_1;Труд [This.OriginalOwner.GetTitledFirstNameNoRegnal];;;;;;;;;;;;;x
magnum_opus_diplomacy_learning_2;Труд [This.OriginalOwner.GetTitledFirstNameNoRegnal];;;;;;;;;;;;;x
magnum_opus_diplomacy_learning_3;Труд [This.OriginalOwner.GetTitledFirstNameNoRegnal];;;;;;;;;;;;;x
magnum_opus_diplomacy_learning_4;Труд [This.OriginalOwner.GetTitledFirstNameNoRegnal];;;;;;;;;;;;;x
magnum_opus_diplomacy_1;Труд [This.OriginalOwner.GetTitledFirstNameNoRegnal];;;;;;;;;;;;;x
magnum_opus_diplomacy_2;Труд [This.OriginalOwner.GetTitledFirstNameNoRegnal];;;;;;;;;;;;;x
magnum_opus_diplomacy_3;Труд [This.OriginalOwner.GetTitledFirstNameNoRegnal];;;;;;;;;;;;;x
magnum_opus_diplomacy_4;Труд [This.OriginalOwner.GetTitledFirstNameNoRegnal];;;;;;;;;;;;;x
magnum_opus_learning_intrigue_1;Труд [This.OriginalOwner.GetTitledFirstNameNoRegnal];;;;;;;;;;;;;x
magnum_opus_learning_intrigue_2;Труд [This.OriginalOwner.GetTitledFirstNameNoRegnal];;;;;;;;;;;;;x
magnum_opus_learning_intrigue_3;Труд [This.OriginalOwner.GetTitledFirstNameNoRegnal];;;;;;;;;;;;;x
magnum_opus_learning_intrigue_4;Труд [This.OriginalOwner.GetTitledFirstNameNoRegnal];;;;;;;;;;;;;x
magnum_opus_learning_1_desc;Сочинение незначительной важности, писано для Цитадели. Автор - [This.OriginalOwner.GetTitledFirstNameNoRegnal];;;;;;;;;;;;;x
magnum_opus_learning_2_desc;Весьма чтимый труд, писан для Цитадели. Автор - [This.OriginalOwner.GetTitledFirstNameNoRegnal] of the Citadel;;;;;;;;;;;;;x
magnum_opus_learning_3_desc;Широко известная книга, написана для Цитадели, автор - [This.OriginalOwner.GetTitledFirstNameNoRegnal];;;;;;;;;;;;;x
magnum_opus_learning_4_desc;Научный шедевр, писан для Цитадели. Автор - [This.OriginalOwner.GetTitledFirstNameNoRegnal];;;;;;;;;;;;;x
magnum_opus_learning_stewardship_1_desc;Сочинение незначительной важности, писано для Цитадели. Автор - [This.OriginalOwner.GetTitledFirstNameNoRegnal];;;;;;;;;;;;;x
magnum_opus_learning_stewardship_2_desc;Весьма чтимый труд, писан для Цитадели. Автор - [This.OriginalOwner.GetTitledFirstNameNoRegnal];;;;;;;;;;;;;x
magnum_opus_learning_stewardship_3_desc;Широко известная книга, написана для Цитадели, автор - [This.OriginalOwner.GetTitledFirstNameNoRegnal];;;;;;;;;;;;;x
magnum_opus_learning_stewardship_4_desc;Научный шедевр, писан для Цитадели. Автор - [This.OriginalOwner.GetTitledFirstNameNoRegnal];;;;;;;;;;;;;x
magnum_opus_learning_martial_1_desc;Сочинение незначительной важности, писано для Цитадели. Автор - [This.OriginalOwner.GetTitledFirstNameNoRegnal];;;;;;;;;;;;;x
magnum_opus_learning_martial_2_desc;Весьма чтимый труд, писан для Цитадели. Автор - [This.OriginalOwner.GetTitledFirstNameNoRegnal];;;;;;;;;;;;;x
magnum_opus_learning_martial_3_desc;Широко известная книга, написана для Цитадели, автор - [This.OriginalOwner.GetTitledFirstNameNoRegnal];;;;;;;;;;;;;x
magnum_opus_learning_martial_4_desc;Научный шедевр, писан для Цитадели. Автор - [This.OriginalOwner.GetTitledFirstNameNoRegnal];;;;;;;;;;;;;x
magnum_opus_stewardship_1_desc;Сочинение незначительной важности, писано для Цитадели. Автор - [This.OriginalOwner.GetTitledFirstNameNoRegnal];;;;;;;;;;;;;x
magnum_opus_stewardship_2_desc;Весьма чтимый труд, писан для Цитадели. Автор - [This.OriginalOwner.GetTitledFirstNameNoRegnal];;;;;;;;;;;;;x
magnum_opus_stewardship_3_desc;Широко известная книга, написана для Цитадели, автор - [This.OriginalOwner.GetTitledFirstNameNoRegnal];;;;;;;;;;;;;x
magnum_opus_stewardship_4_desc;Научный шедевр, писан для Цитадели. Автор - [This.OriginalOwner.GetTitledFirstNameNoRegnal];;;;;;;;;;;;;x
magnum_opus_martial_1_desc;Сочинение незначительной важности, писано для Цитадели. Автор - [This.OriginalOwner.GetTitledFirstNameNoRegnal];;;;;;;;;;;;;x
magnum_opus_martial_2_desc;Весьма чтимый труд, писан для Цитадели. Автор - [This.OriginalOwner.GetTitledFirstNameNoRegnal];;;;;;;;;;;;;x
magnum_opus_martial_3_desc;Широко известная книга, написана для Цитадели, автор - [This.OriginalOwner.GetTitledFirstNameNoRegnal];;;;;;;;;;;;;x
magnum_opus_martial_4_desc;Научный шедевр, писан для Цитадели. Автор - [This.OriginalOwner.GetTitledFirstNameNoRegnal];;;;;;;;;;;;;x
magnum_opus_stewardship_martial_1_desc;Сочинение незначительной важности, писано для Цитадели. Автор - [This.OriginalOwner.GetTitledFirstNameNoRegnal];;;;;;;;;;;;;x
magnum_opus_stewardship_martial_2_desc;Весьма чтимый труд, писан для Цитадели. Автор - [This.OriginalOwner.GetTitledFirstNameNoRegnal];;;;;;;;;;;;;x
magnum_opus_stewardship_martial_3_desc;Широко известная книга, написана для Цитадели, автор - [This.OriginalOwner.GetTitledFirstNameNoRegnal];;;;;;;;;;;;;x
magnum_opus_stewardship_martial_4_desc;Научный шедевр, писан для Цитадели. Автор - [This.OriginalOwner.GetTitledFirstNameNoRegnal];;;;;;;;;;;;;x
magnum_opus_learning_diplomacy_1_desc;Сочинение незначительной важности, писано для Цитадели. Автор - [This.OriginalOwner.GetTitledFirstNameNoRegnal];;;;;;;;;;;;;x
magnum_opus_learning_diplomacy_2_desc;Весьма чтимый труд, писан для Цитадели. Автор - [This.OriginalOwner.GetTitledFirstNameNoRegnal];;;;;;;;;;;;;x
magnum_opus_learning_diplomacy_3_desc;Широко известная книга, написана для Цитадели, автор - [This.OriginalOwner.GetTitledFirstNameNoRegnal];;;;;;;;;;;;;x
magnum_opus_learning_diplomacy_4_desc;Научный шедевр, писан для Цитадели. Автор - [This.OriginalOwner.GetTitledFirstNameNoRegnal];;;;;;;;;;;;;x
magnum_opus_diplomacy_learning_1_desc;Сочинение незначительной важности, писано для Цитадели. Автор - [This.OriginalOwner.GetTitledFirstNameNoRegnal];;;;;;;;;;;;;x
magnum_opus_diplomacy_learning_2_desc;Весьма чтимый труд, писан для Цитадели. Автор - [This.OriginalOwner.GetTitledFirstNameNoRegnal];;;;;;;;;;;;;x
magnum_opus_diplomacy_learning_3_desc;Широко известная книга, написана для Цитадели, автор - [This.OriginalOwner.GetTitledFirstNameNoRegnal];;;;;;;;;;;;;x
magnum_opus_diplomacy_learning_4_desc;Научный шедевр, писан для Цитадели. Автор - [This.OriginalOwner.GetTitledFirstNameNoRegnal];;;;;;;;;;;;;x
magnum_opus_diplomacy_1_desc;Сочинение незначительной важности, писано для Цитадели. Автор - [This.OriginalOwner.GetTitledFirstNameNoRegnal];;;;;;;;;;;;;x
magnum_opus_diplomacy_2_desc;Весьма чтимый труд, писан для Цитадели. Автор - [This.OriginalOwner.GetTitledFirstNameNoRegnal];;;;;;;;;;;;;x
magnum_opus_diplomacy_3_desc;Широко известная книга, написана для Цитадели, автор - [This.OriginalOwner.GetTitledFirstNameNoRegnal];;;;;;;;;;;;;x
magnum_opus_diplomacy_4_desc;Научный шедевр, писан для Цитадели. Автор - [This.OriginalOwner.GetTitledFirstNameNoRegnal];;;;;;;;;;;;;x
magnum_opus_learning_intrigue_1_desc;Сочинение незначительной важности, писано для Цитадели. Автор - [This.OriginalOwner.GetTitledFirstNameNoRegnal];;;;;;;;;;;;;x
magnum_opus_learning_intrigue_2_desc;Весьма чтимый труд, писан для Цитадели. Автор - [This.OriginalOwner.GetTitledFirstNameNoRegnal];;;;;;;;;;;;;x
magnum_opus_learning_intrigue_3_desc;Широко известная книга, написана для Цитадели, автор - [This.OriginalOwner.GetTitledFirstNameNoRegnal];;;;;;;;;;;;;x
magnum_opus_learning_intrigue_4_desc;Научный шедевр, писан для Цитадели. Автор - [This.OriginalOwner.GetTitledFirstNameNoRegnal];;;;;;;;;;;;;x
GetMagnusOpusName_A;[Root.GetMagnusOpusName_Preface] [Root.GetMagnusOpusName_Subject];;;;;;;;;;;;;x
GetMagnusOpusName_History_of;Исторический трактат.;;;;;;;;;;;;;x
GetMagnusOpusName_On;по;;;;;;;;;;;;;x
GetMagnusOpusName_Annals_of;Анналы.;;;;;;;;;;;;;x
GetMagnusOpusName_The_Book_of;Трактат.;;;;;;;;;;;;;x
GetMagnusOpusName_Chronicles_of;Хроники.;;;;;;;;;;;;;x
GetMagnusOpusName_A_Consideration_of;Рассмотрение - ;;;;;;;;;;;;;x
GetMagnusOpusName_The_Glory_of;Триумф - ;;;;;;;;;;;;;x
GetMagnusOpusName_A_Study_of;Изучение - ;;;;;;;;;;;;;x
GetMagnusOpusName_[Root.GetFirstName]_on;[Root.GetFirstName] - заметки.;;;;;;;;;;;;;x
GetMagnusOpusName_The_Origins_of;Происхождение - ;;;;;;;;;;;;;x
GetMagnusOpusName_A_Book_of;Текст.;;;;;;;;;;;;;x
GetMagnusOpusName_Questions_on;Вопросы.;;;;;;;;;;;;;x
GetMagnusOpusName_True_Accounts_of;Истиные отчёты.;;;;;;;;;;;;;x
GetMagnusOpusName_Wonders_of;Чудеса.;;;;;;;;;;;;;x
GetMagnusOpusName_Archives_of;Архивы.;;;;;;;;;;;;;x
GetMagnusOpusName_Tales_of;Рассказы.;;;;;;;;;;;;;x
GetMagnusOpusName_Reckoning_of;Вычисления.;;;;;;;;;;;;;x
GetMagnusOpusName_Winds_of;Ветра.;;;;;;;;;;;;;x
GetMagnusOpusName_Dreams_of;Грёзы.;;;;;;;;;;;;;x
GetMagnusOpusName_A_True_History_of;Правдивая история.;;;;;;;;;;;;;x
GetMagnusOpusName_A_Brief_History_of;Краткая история.;;;;;;;;;;;;;x
GetMagnusOpusName_Dialogue_Concerning;Диалог.;;;;;;;;;;;;;x
GetMagnusOpusName_Concerning;Касательно.;;;;;;;;;;;;;x
GetMagnusOpusName_Theories_on;Теории.;;;;;;;;;;;;;x
GetMagnusOpusName_Conjectures_on;Домыслы.;;;;;;;;;;;;;x
GetMagnusOpusName_The_Rise_of;Восстание - ;;;;;;;;;;;;;x
GetMagnusOpusName_Methods_of;Методы - ;;;;;;;;;;;;;x
GetMagnusOpusName_Mapping;Картографирование;;;;;;;;;;;;;x
GetMagnusOpusName_Surveying;Геодезия;;;;;;;;;;;;;x
GetMagnusOpusName_Exploring;Исследование;;;;;;;;;;;;;x
GetMagnusOpusName_Journeying;Путешествия;;;;;;;;;;;;;x
GetMagnusOpusName_Ravenry;Воронятник;;;;;;;;;;;;;x
GetMagnusOpusName_Ravens;Вороны;;;;;;;;;;;;;x
GetMagnusOpusName_Northern_Ravens;Северные Вороны;;;;;;;;;;;;;x
GetMagnusOpusName_[Root.Culture.GetName]_Ravens;[Root.Culture.GetName] Вороны;;;;;;;;;;;;;x
GetMagnusOpusName_History;История;;;;;;;;;;;;;x
GetMagnusOpusName_[history_topic_a.GetName];[history_topic_a.GetName];;;;;;;;;;;;;x
GetMagnusOpusName_the_Reign_of_[history_topic_b.GetTitledFirstNameWithDynasty];[history_topic_b.GetTitledFirstNameWithDynasty]. Царствование;;;;;;;;;;;;;x
GetMagnusOpusName_the_Rule_of_[history_topic_b.GetTitledFirstNameWithDynasty];[history_topic_b.GetTitledFirstNameWithDynasty]. Правление;;;;;;;;;;;;;x
GetMagnusOpusName_the_Lineage_of_House_[history_topic_b.GetDynastyOnlyName];происхождение дома [history_topic_b.GetDynastyOnlyName];;;;;;;;;;;;;x
GetMagnusOpusName_the_Past;Былое;;;;;;;;;;;;;x
GetMagnusOpusName_Antiquity;Древность;;;;;;;;;;;;;x
GetMagnusOpusName_Valyria;Валирия;;;;;;;;;;;;;x
GetMagnusOpusName_the_Citadel;Цитадель;;;;;;;;;;;;;x
GetMagnusOpusName_the_Age_of_Heroes;Век Героев;;;;;;;;;;;;;x
GetMagnusOpusName_Dragons;Драконы;;;;;;;;;;;;;x
GetMagnusOpusName_the_Children_of_the_Forest;Дети леса;;;;;;;;;;;;;x
GetMagnusOpusName_the_Andal_Invasions;Андальское завоевание;;;;;;;;;;;;;x
GetMagnusOpusName_the_War_for_the_Dawn;Рассветная Битва;;;;;;;;;;;;;x
GetMagnusOpusName_Astronomy;Астрономия;;;;;;;;;;;;;x
GetMagnusOpusName_Astrology;Астрология;;;;;;;;;;;;;x
GetMagnusOpusName_the_Stars;Звёзды;;;;;;;;;;;;;x
GetMagnusOpusName_the_Cosmos;Мироздание;;;;;;;;;;;;;x
GetMagnusOpusName_the_Wanderers;Странники;;;;;;;;;;;;;x
GetMagnusOpusName_the_Sun;Солнце;;;;;;;;;;;;;x
GetMagnusOpusName_the_Moon;Луна;;;;;;;;;;;;;x
GetMagnusOpusName_[Root.GetRandomPlanetName];[Root.GetRandomPlanetName];;;;;;;;;;;;;x
GetMagnusOpusName_the_Seasons;Сезоны;;;;;;;;;;;;;x
GetMagnusOpusName_Days;Дни;;;;;;;;;;;;;x
GetMagnusOpusName_Time;Время;;;;;;;;;;;;;x
GetMagnusOpusName_Winter;Зима;;;;;;;;;;;;;x
GetMagnusOpusName_Summer;Лето;;;;;;;;;;;;;x
GetMagnusOpusName_Spring;Весна;;;;;;;;;;;;;x
GetMagnusOpusName_Autumn;Осень;;;;;;;;;;;;;x
GetMagnusOpusName_Weather;Погода;;;;;;;;;;;;;x
GetMagnusOpusName_the_Known_World;известный мир;;;;;;;;;;;;;x
GetMagnusOpusName_Kingdoms;Королевства;;;;;;;;;;;;;x
GetMagnusOpusName_Cartography;Картография;;;;;;;;;;;;;x
GetMagnusOpusName_[book_topic.GetName];[book_topic.GetName];;;;;;;;;;;;;x
GetMagnusOpusName_Maps;Карты;;;;;;;;;;;;;x
GetMagnusOpusName_the_Seas;Моря;;;;;;;;;;;;;x
GetMagnusOpusName_the_Oceans;океаны;;;;;;;;;;;;;x
GetMagnusOpusName_Essos;Эссос;;;;;;;;;;;;;x
GetMagnusOpusName_Ulthos;Ультос;;;;;;;;;;;;;x
GetMagnusOpusName_Sothoryos;Соториос;;;;;;;;;;;;;x
GetMagnusOpusName_the_Sunset_Sea;Закатное море;;;;;;;;;;;;;x
GetMagnusOpusName_the_Jade_Sea;Нефритовое море;;;;;;;;;;;;;x
GetMagnusOpusName_the_Summer_Sea;Летнее море;;;;;;;;;;;;;x
GetMagnusOpusName_the_Rhoyne;Ройна;;;;;;;;;;;;;x
GetMagnusOpusName_the_Far_East;Дальний восток;;;;;;;;;;;;;x
GetMagnusOpusName_Westeros;Вестерос;;;;;;;;;;;;;x
GetMagnusOpusName_Rivers;Реки;;;;;;;;;;;;;x
GetMagnusOpusName_Mountains;Горы;;;;;;;;;;;;;x
GetMagnusOpusName_the_Free_Cities;Вольные города;;;;;;;;;;;;;x
GetMagnusOpusName_Mossovy;Моссовия;;;;;;;;;;;;;x
GetMagnusOpusName_the_Narrow_Sea;Узкое море;;;;;;;;;;;;;x
GetMagnusOpusName_Mathematics;Математики;;;;;;;;;;;;;x
GetMagnusOpusName_Economics;Экономики;;;;;;;;;;;;;x
GetMagnusOpusName_Coinage;Чеканки;;;;;;;;;;;;;x
GetMagnusOpusName_Arithmetic;Арифметики;;;;;;;;;;;;;x
GetMagnusOpusName_Bookkeeping;Счетоводство;;;;;;;;;;;;;x
GetMagnusOpusName_Warcraft;Военное дело;;;;;;;;;;;;;x
GetMagnusOpusName_Battles;Сражения;;;;;;;;;;;;;x
GetMagnusOpusName_Strategy;Стратегия;;;;;;;;;;;;;x
GetMagnusOpusName_War;Война;;;;;;;;;;;;;x
GetMagnusOpusName_Tactics;Тактики;;;;;;;;;;;;;x
GetMagnusOpusName_Logistics;Логистики;;;;;;;;;;;;;x
GetMagnusOpusName_the_Conflicts_in_[book_topic.GetName];Конфликт в земле [book_topic.GetName];;;;;;;;;;;;;x
GetMagnusOpusName_the_Wars_of_[book_topic.GetName];Война в земле [book_topic.GetName];;;;;;;;;;;;;x
GetMagnusOpusName_the_Battles_of_[book_topic.GetName];Битвы в земле [book_topic.GetName];;;;;;;;;;;;;x
GetMagnusOpusName_the_Campaigns_in_[book_topic.GetName];Кампания в земле [book_topic.GetName];;;;;;;;;;;;;x
GetMagnusOpusName_the_Game_of_Thrones;Игра Престолов;;;;;;;;;;;;;x
GetMagnusOpusName_Castles;Замки;;;;;;;;;;;;;x
GetMagnusOpusName_Siegecraft;Осадное умение;;;;;;;;;;;;;x
GetMagnusOpusName_Sieges;Осада;;;;;;;;;;;;;x
GetMagnusOpusName_Architecture;Архитектура;;;;;;;;;;;;;x
GetMagnusOpusName_Construction;Сооружения;;;;;;;;;;;;;x
GetMagnusOpusName_Fortifications;Укрепления;;;;;;;;;;;;;x
GetMagnusOpusName_[book_topic.GetName];[book_topic.GetName];;;;;;;;;;;;;x
GetMagnusOpusName_Peoples;Народы;;;;;;;;;;;;;x
GetMagnusOpusName_Cultures;Культуры;;;;;;;;;;;;;x
GetMagnusOpusName_Religion;Религии;;;;;;;;;;;;;x
GetMagnusOpusName_the_[book_topic.GetName]_Peoples;[book_topic.GetName] народы;;;;;;;;;;;;;x
GetMagnusOpusName_[book_topic.GetName]_Customs;[book_topic.GetName] обычаи;;;;;;;;;;;;;x
GetMagnusOpusName_[book_topic.GetName]_Religions;[book_topic.GetName] религии;;;;;;;;;;;;;x
GetMagnusOpusName_[book_topic.GetGroupName]_Customs;[book_topic.GetGroupName] обычаи;;;;;;;;;;;;;x
GetMagnusOpusName_[book_topic.GetName]_[Root.GetNobleName]s;[book_topic.GetName] [Root.GetNobleName];;;;;;;;;;;;;x
GetMagnusOpusName_Languages;Языки;;;;;;;;;;;;;x
GetMagnusOpusName_the_Spoken_Word;Устная речь;;;;;;;;;;;;;x
GetMagnusOpusName_Speech;Речь;;;;;;;;;;;;;x
GetMagnusOpusName_Writing;Письмо;;;;;;;;;;;;;x
GetMagnusOpusName_[book_topic.GetGroupName]_Writing;[book_topic.GetGroupName] Письмо;;;;;;;;;;;;;x
GetMagnusOpusName_[book_topic.GetGroupName]_Alphabets;[book_topic.GetGroupName] Алфавиты;;;;;;;;;;;;;x
GetMagnusOpusName_[book_topic.GetSpokenLanguage];[book_topic.GetSpokenLanguage];;;;;;;;;;;;;x
GetMagnusOpusName_Linguistics;Лингвистики;;;;;;;;;;;;;x
GetMagnusOpusName_Alphabets;Алфавиты;;;;;;;;;;;;;x
GetMagnusOpusName_Law;Закон;;;;;;;;;;;;;x
GetMagnusOpusName_Justice;Правосудие;;;;;;;;;;;;;x
GetMagnusOpusName_[book_topic.GetName]_Law;[book_topic.GetName] закон;;;;;;;;;;;;;x
GetMagnusOpusName_Jurisprudence;Законоведение;;;;;;;;;;;;;x
GetMagnusOpusName_Convention;Обычай;;;;;;;;;;;;;x
GetMagnusOpusName_Ethics;Этики;;;;;;;;;;;;;x
GetMagnusOpusName_Medicine;Медицина;;;;;;;;;;;;;x
GetMagnusOpusName_Healing;Лечение;;;;;;;;;;;;;x
GetMagnusOpusName_the_Body;Тело;;;;;;;;;;;;;x
GetMagnusOpusName_the_Human_Body;Человеческое тело;;;;;;;;;;;;;x
GetMagnusOpusName_Miasmas;Миазмы;;;;;;;;;;;;;x
GetMagnusOpusName_Disease;Болезнь;;;;;;;;;;;;;x
GetMagnusOpusName_Death;Смерть;;;;;;;;;;;;;x
GetMagnusOpusName_Blood;Кровь;;;;;;;;;;;;;x
GetMagnusOpusName_the_Eyes;Глаза;;;;;;;;;;;;;x
GetMagnusOpusName_the_Brain;Мозг;;;;;;;;;;;;;x
GetMagnusOpusName_Reproduction;Размножение;;;;;;;;;;;;;x
GetMagnusOpusName_the_Sexes;Полы;;;;;;;;;;;;;x
GetMagnusOpusName_Metallurgy;Кузнечнон дело;;;;;;;;;;;;;x
GetMagnusOpusName_Metals;Металлы;;;;;;;;;;;;;x
GetMagnusOpusName_the_Elements;Элементы;;;;;;;;;;;;;x
GetMagnusOpusName_Transmutation;Превращение;;;;;;;;;;;;;x
GetMagnusOpusName_Valyrian_Steel;Валирийская сталь;;;;;;;;;;;;;x
GetMagnusOpusName_Steel;Сталь;;;;;;;;;;;;;x
GetMagnusOpusName_Iron;Железо;;;;;;;;;;;;;x
GetMagnusOpusName_Smelting;Выплавка;;;;;;;;;;;;;x
GetMagnusOpusName_Gold;Золото;;;;;;;;;;;;;x
GetMagnusOpusName_Silver;Серебро;;;;;;;;;;;;;x
GetMagnusOpusName_Alchemy;Алхимия;;;;;;;;;;;;;x
GetMagnusOpusName_Herblore;Знания о травах;;;;;;;;;;;;;x
GetMagnusOpusName_Herbology;Травоведение;;;;;;;;;;;;;x
GetMagnusOpusName_Herbs;Душистые травы;;;;;;;;;;;;;x
GetMagnusOpusName_Potions;Зелья;;;;;;;;;;;;;x
GetMagnusOpusName_Leaves;Листья;;;;;;;;;;;;;x
GetMagnusOpusName_Healing_Herbs;Целебные травы;;;;;;;;;;;;;x
GetMagnusOpusName_Magic;Магия;;;;;;;;;;;;;x
GetMagnusOpusName_Mysteries;Таинства;;;;;;;;;;;;;x
GetMagnusOpusName_the_Higher_Mysteries;Высшие таинства;;;;;;;;;;;;;x
GetMagnusOpusName_Dragons;Драконы;;;;;;;;;;;;;x
GetMagnusOpusName_Warlocks;Колдуны;;;;;;;;;;;;;x
GetMagnusOpusName_the_Glass_Candles;Cтеклянные свечи;;;;;;;;;;;;;x
GetMagnusOpusName_the_Doom;Рок;;;;;;;;;;;;;x
GetMagnusOpusName_Valyria;Валирия;;;;;;;;;;;;;x
GetMagnusOpusName_the_Occult;Оккультизм;;;;;;;;;;;;;x
GetMagnusOpusName_the_Stormsingers;Штормовые певцы;;;;;;;;;;;;;x
GetMagnusOpusName_Sorcery;Чары;;;;;;;;;;;;;x
GetMagnusOpusName_Bloodmagic;Кровная магия;;;;;;;;;;;;;x
GetMagnusOpusName_Ice_and_Fire;Лёд и Пламень;;;;;;;;;;;;;x
GetMagnusOpusName_Necromancy;Некромантия;;;;;;;;;;;;;x
GetMagnusOpusName_Skinchanging;Смена лица;;;;;;;;;;;;;x
GetMagnusOpusName_Divination;Предсказания;;;;;;;;;;;;;x
GetMagnusOpusName_[Root.GetAlcoholicDrink];[Root.GetAlcoholicDrink];;;;;;;;;;;;;x
EVTDESC_MNM_1850;Редко можно наблюдать совершенно ясное ночное небо, но сегодня вечером идеальные погодные условия. Я улыбаюсь и начинаю внимательно записывать рисунок небесных тел. Я чувствую прилив энергии - никогда у меня не было такого захватывающего представления о моем собственном созвездии - я чувствую свою связь с элементами сильнее, чем когда-либо прежде.;;;;;;;;;;x
EVTDESCMNM.9995;[metallurgist.GetTitledFirstNameWithDynasty] является авторитетом в металлургии и является автором нескольких теорий, которые могут улучшить качество металла в изделиях, которые вы заказали. [metallurgist.GetSheHeCap] просто требует средств для получения необходимых материалов и времени для работы с кузнецом.;;;;;;;;;;;;;x
EVTDESCMNM.9995B;Я - специалист по металлургии, и у меня есть некоторые теории, которые могут улучшить качество металла в изделиях, которые я заказал[GetEndA]. Мне просто нужно выделить средства, чтобы получить необходимые материалы и время для работы с кузнецом.;;;;;;;;;;;;;x
EVTOPTAMNM.9995;Да, продолжить;;;;;;;;;;;;;x
TOOLTIPMNM.9995;Качество ваших заказанных изделий улучшится на 1;;;;;;;;;;;;;x
EVTOPTBMNM.9995;Нет, я не желаю этого;;;;;;;;;;;;;x
String_Universal_Theology;Истина Вселенского богословия;;;;;;;;;;x
String_nature_of_the_Inner_and_the_Outer_cosmos;Природа внутреннего и внешнего космоса;;;;;;;;;;x
String_Prisca_theologia;Единство через призму древнего богословия;;;;;;;;;;x
String_truth_inherent_to_Divine_Consciousness;Истина, присущая Божественному сознанию;;;;;;;;;;x
String_interaction_of_the_soul_and_alchemy;Взаимодействие души и алхимии;;;;;;;;;;x
String_very_definition_of_a_true_magnum_opus;Определение истинно великой работы;;;;;;;;;;x
String_the_movement_of_celestial_bodies;Движение небесных тел;;;;;;;;;;x
String_the_laws_of_the_stars;Законы звезд;;;;;;;;;;x
String_divinity_of_snails;Являются ли улитки, благодаря своим спиральным раковинам, самыми божественными существами;;;;;;;;;;x
String_snake_or_staff;Являются ли змеи и посохи символически одним и тем же;;;;;;;;;;x
String_why_gold_anyways;Как всегда свинец должен превращаться в золото, когда пиво столь же благородно;;;;;;;;;;x
String_medicinal_application_of_alcohol;Высоколекарственные применения алкоголя 'при внутреннем применении';;;;;;;;;;x
String_emerald_tablet_kept_at_home;Правда ли, что у меня дома есть изумрудная таблетка или нет;;;;;;;;;;x
String_procedure_of_previous_debate;сумасшедшие вещи, которые произошли на последней большой дискуссии;;;;;;;;;;x
String_soul_leaving_body;Как было бы невероятно, если бы душа могла временно покинуть тело, а затем вернуться;;;;;;;;;;x
String_kings_or_angels_higher_ranked;Кто важнее в Божественной Иерархии, цари или ангелы;;;;;;;;;;x
String_inferno_is_maybe_cool;Что, возможно, вечные муки не так плохи, как прихожане верят;;;;;;;;;;x
String_eternal_life_not_that_great;Боли и беды, которые приходят с вечной жизнью;;;;;;;;;;x
String_top_ten_alchemists;Десятка мейстеров всех времён;;;;;;;;;;x
String_that_feeling;Это чувство божественного присутствия, которое вы получаете от обоняния определенных жидкостей в момент синтеза;;;;;;;;;;x
String_gardening_noble_work;Лучше ли садоводство оставить для слуг, или это тайно самая благородная работа, которую можно сделать;;;;;;;;;;x
String_alchemists_make_better_lovers;Очевидные причины того, почему мейстеры - лучшие любовники;;;;;;;;;;x
request_to_rank_up_within_society_hermeticsA;Имеет звено;;;;;;;;;;;;;x
request_to_rank_up_within_society_hermeticsB;Правители не могут стать полноправными мейстерами;;;;;;;;;;;;;x
hermetics_write_theory_paper_power_desc;Позволяет принять решение о написании теоремы и ее рассмотрении другими членами Цитадели. Если будет принята, вы получите §Y[From.Society.GetCurrency]§!.\n;;;;;;;;;;x
hermetics_write_magnum_opus_power_desc;Позволяет §Gправым щелчком§! на своём портрете выбрать вариант написания зашифрованной книги своих знаний. Это артефакт с потенциально мощными бонусами, которые смогут расшифровать только персонажи с высоким уровнем обучения..;;;;;;;;;;x
brew_happiness_potion_power_desc;Позволяет §Gправым щелчком§! на портрете любого персонажа с §Rдепрессией§! или §Rстрессом§! при вашем дворе, выбрать вариант изготовить им маковое молоко, которое поднимает настроение, в обмен на §Y[From.Society.GetCurrency]§!.;;;;;;;;;;x
hermetics_make_horoscope_power_desc;Позволяет §Gправым щелчком§! на портрете вашего ребёнка выбрать вариант составления ему гороскопа.;;;;;;;;;;x
invite_hermetic_to_stargazing_power_desc;Позволяет §Gправым щелчком§! на портретах членов Цитадели, выбрать вариант приглашения на созерцание звезд;;;;;;;;;;;;;x
hermetics_acquire_ingredients_decision_power_desc;Включает решение 'приобретать ингредиенты';;;;;;;;;;;;;x
hermetic_grand_debate_power_desc;Позволяет провести 'Великие дебаты';;;;;;;;;;;;;x
artifact_effect_maester_link;Получение звеньев позволяет улучшить ваш уровень §YОбразования§!\nПолучение §Y2х§! звеньев позволит мейстеру выбрать §Yспециализацию§! и выковать третье звено по этой теме;;;;;;;;;;;;;x
