#CODE;ENGLISH;x;;;;;;;;;;;;;;;;;;;;;
nick_the_ironside;Отважн[This.GetAyaYy];x;;;;;;;;;;;;;;;;;;;;;
nick_the_poet;Поэт;x;;;;;;;;;;;;;;;;;;;;;
nick_the_cunning;Хитрец;x;;;;;;;;;;;;;;;;;;;;;
nick_the_meek;Кротк[This.GetAyaIy];x;;;;;;;;;;;;;;;;;;;;;
nick_the_impaler;Щекотун;x;;;;;;;;;;;;;;;;;;;;;
nick_the_spider;Паук;x;;;;;;;;;;;;;;;;;;;;;
nick_the_learned;Учен[This.GetAyaYy];x;;;;;;;;;;;;;;;;;;;;;
nick_the_eloquent;Красноречив[This.GetAyaYy];x;;;;;;;;;;;;;;;;;;;;;
nick_the_indolent;Праздн[This.GetAyaYy];x;;;;;;;;;;;;;;;;;;;;;
nick_the_hunchback;Горбун;x;;;;;;;;;;;;;;;;;;;;;
nick_the_benign;Милостив[This.GetAyaYy];x;;;;;;;;;;;;;;;;;;;;;
nick_the_leper;Прокажённ[This.GetAyaYy];x;;;;;;;;;;;;;;;;;;;;;
nick_the_prudent;Осторожн[This.GetAyaYy];x;;;;;;;;;;;;;;;;;;;;;
nick_the_wolf;Волк;x;;;;;;;;;;;;;;;;;;;;;
nick_the_downcast;Удручённ[This.GetAyaYy];x;;;;;;;;;;;;;;;;;;;;;
nick_the_mild;Мягк[This.GetAyaIy];x;;;;;;;;;;;;;;;;;;;;;
nick_the_scholar;Учен[This.GetAyaYy];x;;;;;;;;;;;;;;;;;;;;;
nick_the_theologian;Богослов;x;;;;;;;;;;;;;;;;;;;;;
nick_the_decadent;Декадент;x;;;;;;;;;;;;;;;;;;;;;
nick_the_vain;Тщеславн[This.GetAyaYy];x;;;;;;;;;;;;;;;;;;;;;
nick_the_stout;Толст[This.GetAyaYy];x;;;;;;;;;;;;;;;;;;;;;
nick_the_ugly;Уродлив[This.GetAyaYy];x;;;;;;;;;;;;;;;;;;;;;
nick_the_short;Карлик;x;;;;;;;;;;;;;;;;;;;;;
nick_the_planter;Плантатор;x;;;;;;;;;;;;;;;;;;;;;
nick_the_rash;Опрометчив[This.GetAyaYy];x;;;;;;;;;;;;;;;;;;;;;
nick_the_parricide;Отцеубийца;x;;;;;;;;;;;;;;;;;;;;;
nick_the_illustrious;Прославленн[This.GetAyaYy];x;;;;;;;;;;;;;;;;;;;;;
nick_the_warrior;Воин;x;;;;;;;;;;;;;;;;;;;;;
nick_the_mystic;Мистик;x;;;;;;;;;;;;;;;;;;;;;
nick_the_bad;Плох[This.GetAyaOy];x;;;;;;;;;;;;;;;;;;;;;
nick_the_generous;Щедр[This.GetAyaYy];x;;;;;;;;;;;;;;;;;;;;;
nick_the_honorable;Благородн[This.GetAyaYy];x;;;;;;;;;;;;;;;;;;;;;
nick_the_treacherous;Предатель[This.GetEndNitsa];x;;;;;;;;;;;;;;;;;;;;;
nick_the_weak;Слаб[This.GetAyaYy];x;;;;;;;;;;;;;;;;;;;;;
nick_the_scarred;Покрыт[This.GetAyaYy] шрамами;x;;;;;;;;;;;;;;;;;;;;;
nick_the_quiet;Тих[This.GetAyaIy];x;;;;;;;;;;;;;;;;;;;;;
nick_the_shrewd;Проницательн[This.GetAyaYy];x;;;;;;;;;;;;;;;;;;;;;
nick_the_peaceful;Мирн[This.GetAyaYy];x;;;;;;;;;;;;;;;;;;;;;
nick_the_ambitious;Честолюбив[This.GetAyaYy];x;;;;;;;;;;;;;;;;;;;;;
nick_the_truthful;Правдив[This.GetAyaYy];x;;;;;;;;;;;;;;;;;;;;;
nick_the_distrustful;Недоверчив[This.GetAyaYy];x;;;;;;;;;;;;;;;;;;;;;
nick_the_righteous;Праведни[This.GetTsaK];x;;;;;;;;;;;;;;;;;;;;;
nick_the_hotspur;Вспыльчив[This.GetAyaYy];x;;;;;;;;;;;;;;;;;;;;;
nick_the_boar;Боров;x;;;;;;;;;;;;;;;;;;;;;
nick_the_pompous;Напыщенн[This.GetAyaYy];x;;;;;;;;;;;;;;;;;;;;;
nick_the_exile;Изгнанни[This.GetTsaK];x;;;;;;;;;;;;;;;;;;;;;
nick_the_infirm;Немощн[This.GetAyaYy];x;;;;;;;;;;;;;;;;;;;;;
nick_the_reluctant;Упорн[This.GetAyaYy];x;;;;;;;;;;;;;;;;;;;;;
nick_the_peculiar;Странн[This.GetAyaYy];x;;;;;;;;;;;;;;;;;;;;;
nick_the_dane;Датчанин;x;;;;;;;;;;;;;;;;;;;;;
nick_the_saxon;Сакс;x;;;;;;;;;;;;;;;;;;;;;
nick_the_scot;Шотландец;x;;;;;;;;;;;;;;;;;;;;;
nick_the_german;Немец;x;;;;;;;;;;;;;;;;;;;;;
nick_the_rich;Богач;x;;;;;;;;;;;;;;;;;;;;;
nick_the_stammerer;Заика;x;;;;;;;;;;;;;;;;;;;;;
nick_the_brilliant;Выдающ[This.GetAyaIy]ся;x;;;;;;;;;;;;;;;;;;;;;
nick_the_norman;Норманн;x;;;;;;;;;;;;;;;;;;;;;
nick_the_moor;Мавр;x;;;;;;;;;;;;;;;;;;;;;
nick_the_apathetic;Равнодушн[This.GetAyaYy];x;;;;;;;;;;;;;;;;;;;;;
nick_the_upright;Честн[This.GetAyaYy];x;;;;;;;;;;;;;;;;;;;;;
nick_the_skald;Скальд;x;;;;;;;;;;;;;;;;;;;;;
nick_the_bard;Бард;x;;;;;;;;;;;;;;;;;;;;;
nick_the_scop;Менестрель;x;;;;;;;;;;;;;;;;;;;;;
nick_the_recluse;Затворник;x;;;;;;;;;;;;;;;;;;;;;
nick_the_tyrant;Тиран;x;;;;;;;;;;;;;;;;;;;;;
nick_the_nord;Северянин;x;;;;;;;;;;;;;;;;;;;;;
nick_the_breton;Бретонец;x;;;;;;;;;;;;;;;;;;;;;
nick_the_finn;Финн;x;;;;;;;;;;;;;;;;;;;;;
nick_the_candid;Искренн[This.GetYayaIy];x;;;;;;;;;;;;;;;;;;;;;
nick_the_clubfoot;Косолап[This.GetAyaYy];x;;;;;;;;;;;;;;;;;;;;;
nick_the_suspicious;Подозрительн[This.GetAyaYy];x;;;;;;;;;;;;;;;;;;;;;
nick_the_eagle;Орел;x;;;;;;;;;;;;;;;;;;;;;
nick_the_seemly;Приличн[This.GetAyaYy];x;;;;;;;;;;;;;;;;;;;;;
nick_the_ashik;Ашик;x;;;;;;;;;;;;;;;;;;;;;
nick_the_minnesinger;Придворный певец;x;;;;;;;;;;;;;;;;;;;;;
nick_the_wanton;Распутни[This.GetTsaK];x;;;;;;;;;;;;;;;;;;;;;
nick_the_glorious;Великолепн[This.GetAyaYy];x;;;;;;;;;;;;;;;;;;;;;
nick_arstan;Арстан Белобородый;x;;;;;;;;;;;;;;;;;;;;;
nick_stormborn;Бурерожденная;x;;;;;;;;;;;;;;;;;;;;;
nick_the_beggar_king;Король-Попрошайка;x;;;;;;;;;;;;;;;;;;;;;
nick_the_kingslayer;Цареубийца;x;;;;;;;;;;;;;;;;;;;;;
nick_the_hound;Пёс;x;;;;;;;;;;;;;;;;;;;;;
nick_the_mountain_that_rides;Скачущая Гора;x;;;;;;;;;;;;;;;;;;;;;
nick_the_imp;Бес;x;;;;;;;;;;;;;;;;;;;;;
nick_blackfish;Черная Рыба;x;;;;;;;;;;;;;;;;;;;;;
nick_the_gallant;Галантн[This.GetAyaYy];x;;;;;;;;;;;;;;;;;;;;;
nick_greatjon;Большой Джон;x;;;;;;;;;;;;;;;;;;;;;
nick_littlejon;Маленький Джон;x;;;;;;;;;;;;;;;;;;;;;
nick_the_red_viper;Красный Змей;x;;;;;;;;;;;;;;;;;;;;;
nick_bronze_yohn;Бронзов[This.GetAyaYy];x;;;;;;;;;;;;;;;;;;;;;
nick_the_knight_of_flowers;Рыцарь Цветов;x;;;;;;;;;;;;;;;;;;;;;
nick_the_queen_of_thorns;Королева Шипов;x;;;;;;;;;;;;;;;;;;;;;
nick_crows_eye;Вороний Глаз;x;;;;;;;;;;;;;;;;;;;;;
nick_littlefinger;Мизинец;x;;;;;;;;;;;;;;;;;;;;;
nick_black_walder;Черн[This.GetAyaYy];x;;;;;;;;;;;;;;;;;;;;;
nick_pimple;Прыщ;x;;;;;;;;;;;;;;;;;;;;;
nick_jingelbells;Динь-Дон;x;;;;;;;;;;;;;;;;;;;;;
nick_the_red_crab;Красный Краб;x;;;;;;;;;;;;;;;;;;;;;
nick_the_conciliator;Миротворец;x;;;;;;;;;;;;;;;;;;;;;
nick_the_unworthy;Недостойн[This.GetAyaYy];x;;;;;;;;;;;;;;;;;;;;;
nick_the_monstrous;Чудовище;x;;;;;;;;;;;;;;;;;;;;;
nick_the_unlikley;Невероятн[This.GetAyaYy];x;;;;;;;;;;;;;;;;;;;;;
nick_the_small;Мал[This.GetAyaYy];x;;;;;;;;;;;;;;;;;;;;;
nick_the_giantsslayer;Убийца Великанов.;x;;;;;;;;;;;;;;;;;;;;;
nick_the_onion_knight;Луковый Рыцарь;x;;;;;;;;;;;;;;;;;;;;;
nick_darkstar;Темная Звезда;x;;;;;;;;;;;;;;;;;;;;;
nick_old_hawk;Старый Сокол;x;;;;;;;;;;;;;;;;;;;;;
nick_the_big_man;Больш[This.GetAyaOy];x;;;;;;;;;;;;;;;;;;;;;
nick_bonehand;Костяная Рука;x;;;;;;;;;;;;;;;;;;;;;
nick_the_knight;Рыцарь;x;;;;;;;;;;;;;;;;;;;;;
nick_the_humpback;Горбат[This.GetAyaYy];x;;;;;;;;;;;;;;;;;;;;;
nick_the_blue;Син[This.GetYayaIy];x;;;;;;;;;;;;;;;;;;;;;
nick_silverhair;Среброволос[This.GetAyaYy];x;;;;;;;;;;;;;;;;;;;;;
nick_the_gross;Тучн[This.GetAyaYy];x;;;;;;;;;;;;;;;;;;;;;
nick_the_lazy;Ленив[This.GetAyaYy];x;;;;;;;;;;;;;;;;;;;;;
nick_brightsmile;Белозуб[This.GetAyaYy];x;;;;;;;;;;;;;;;;;;;;;
nick_the_mad_maid;Безумная Дева;x;;;;;;;;;;;;;;;;;;;;;
nick_greysteel;Серая Сталь;x;;;;;;;;;;;;;;;;;;;;;
nick_the_white_bull;Белый Бык;x;;;;;;;;;;;;;;;;;;;;;
nick_horror;Ужас;x;;;;;;;;;;;;;;;;;;;;;
nick_slobber;Слюнтяй;x;;;;;;;;;;;;;;;;;;;;;
nick_strongboar;Могучий Вепрь;x;;;;;;;;;;;;;;;;;;;;;
nick_the_old_bear;Старый Медведь;x;;;;;;;;;;;;;;;;;;;;;
nick_the_leech_lord;Пиявка;x;;;;;;;;;;;;;;;;;;;;;
nick_crowfood;Воронье Мясо;x;;;;;;;;;;;;;;;;;;;;;
nick_whoresbane;Смерть Шлюхам;x;;;;;;;;;;;;;;;;;;;;;
nick_red_walder;Красн[This.GetAyaYy];x;;;;;;;;;;;;;;;;;;;;;
nick_the_bad;Плох[This.GetAyaOy];x;;;;;;;;;;;;;;;;;;;;;
nick_half_hand;Полурукий;x;;;;;;;;;;;;;;;;;;;;;
nick_silveraxe;Серебряный Топор;x;;;;;;;;;;;;;;;;;;;;;
nick_red_ronnet;Красн[This.GetAyaYy];x;;;;;;;;;;;;;;;;;;;;;
nick_greybeard;Серобородый;x;;;;;;;;;;;;;;;;;;;;;
nick_pennylover;Грошелюб;x;;;;;;;;;;;;;;;;;;;;;
nick_the_big_buket;Большое Ведро;x;;;;;;;;;;;;;;;;;;;;;
nick_buckets;Ведро;x;;;;;;;;;;;;;;;;;;;;;
nick_the_shebear;Медведица;x;;;;;;;;;;;;;;;;;;;;;
nick_dolorous_ed;Скорбный;x;;;;;;;;;;;;;;;;;;;;;
nick_sand_snake;Песчаный Змей;x;;;;;;;;;;;;;;;;;;;;;
nick_the_sword_of_the_morning;Меч Зари;x;;;;;;;;;;;;;;;;;;;;;
nick_hodor;Ходор;x;;;;;;;;;;;;;;;;;;;;;
nick_the_wetnurse;Нянюшка;x;;;;;;;;;;;;;;;;;;;;;
nick_damphair;Мокроголовый;x;;;;;;;;;;;;;;;;;;;;;
nick_hardstone;Твёрдая Косточка;x;;;;;;;;;;;;;;;;;;;;;
nick_the_skinchanger;Сдиратель Кожи;x;;;;;;;;;;;;;;;;;;;;;
nick_greenhand;Зеленорукий;x;;;;;;;;;;;;;;;;;;;;;
nick_fireball;Огненный шар;x;;;;;;;;;;;;;;;;;;;;;
nick_the_arrogant;Надменн[This.GetAyaYy];x;;;;;;;;;;;;;;;;;;;;;
nick_the_reader;Чтец;x;;;;;;;;;;;;;;;;;;;;;
nick_giantsbane;Великанья Смерть;x;;;;;;;;;;;;;;;;;;;;;
the_king_who_knelt;Король, преклонивший колено;x;;;;;;;;;;;;;;;;;;;;;
the_daughterless;Бесстрашн[This.GetAyaYy];x;;;;;;;;;;;;;;;;;;;;;
the_bard;Бард;x;;;;;;;;;;;;;;;;;;;;;
the_implacable;Несокрушим[This.GetAyaYy];x;;;;;;;;;;;;;;;;;;;;;
nick_longthorn;Длинный Шип;x;;;;;;;;;;;;;;;;;;;;;
nick_rattleshirt;Костяной Лорд;x;;;;;;;;;;;;;;;;;;;;;
nick_bittersteel;Злой Клинок;x;;;;;;;;;;;;;;;;;;;;;
nick_bloodraven;Кровавый Ворон;x;;;;;;;;;;;;;;;;;;;;;
nick_seastar;Морская Звезда.;x;;;;;;;;;;;;;;;;;;;;;
nick_butcher;Мясник;x;;;;;;;;;;;;;;;;;;;;;
nick_dragonbane;Драконья Погибель;x;;;;;;;;;;;;;;;;;;;;;
nick_the_young_dragon;Юный Дракон;x;;;;;;;;;;;;;;;;;;;;;
nick_the_dragonknight;Рыцарь-Дракон;x;;;;;;;;;;;;;;;;;;;;;
nick_breakspear;Сломикопье;x;;;;;;;;;;;;;;;;;;;;;
nick_oakenfist;Дубовый кулак;x;;;;;;;;;;;;;;;;;;;;;
nick_redbeard;Рыжебородый;x;;;;;;;;;;;;;;;;;;;;;
nick_the_green_oak;Зеленый Дуб;x;;;;;;;;;;;;;;;;;;;;;
nick_the_red_lion;Красный Лев;x;;;;;;;;;;;;;;;;;;;;;
nick_the_grey_lion;Серый Лев;x;;;;;;;;;;;;;;;;;;;;;
nick_redtusk;Красный Клык;x;;;;;;;;;;;;;;;;;;;;;
nick_cleftjaw;Щербатый;x;;;;;;;;;;;;;;;;;;;;;
nick_the_goat;Козёл;x;;;;;;;;;;;;;;;;;;;;;
nick_reek;Вонючка;x;;;;;;;;;;;;;;;;;;;;;
nick_the_pale_griffin;Бледный Грифон;x;;;;;;;;;;;;;;;;;;;;;
nick_the_maid;Дева;x;;;;;;;;;;;;;;;;;;;;;
nick_the_krakens_daughter;Дочь Кракена;x;;;;;;;;;;;;;;;;;;;;;
nick_the_bull;Бык;x;;;;;;;;;;;;;;;;;;;;;
nick_the_white_owl;Белый Филин;x;;;;;;;;;;;;;;;;;;;;;
nick_the_evenstar;Вечерняя Звезда;x;;;;;;;;;;;;;;;;;;;;;
nick_the_white_bastard;Белый Бастард;x;;;;;;;;;;;;;;;;;;;;;
nick_drunken_giant;Пьяный Гигант;x;;;;;;;;;;;;;;;;;;;;;
nick_the_lusty;Крепк[This.GetAyaIy];x;;;;;;;;;;;;;;;;;;;;;
nick_the_sleepy;Сонн[This.GetAyaYy];x;;;;;;;;;;;;;;;;;;;;;
nick_the_acolyte;Служка;x;;;;;;;;;;;;;;;;;;;;;
nick_the_long;Вытянут[This.GetAyaYy];x;;;;;;;;;;;;;;;;;;;;;
nick_the_tall;Высок[This.GetAyaIy];x;;;;;;;;;;;;;;;;;;;;;
nick_the_red;Красн[This.GetAyaYy];x;;;;;;;;;;;;;;;;;;;;;
nick_the_kingmaker;Ваятель Королей;x;;;;;;;;;;;;;;;;;;;;;
nick_the_demon_of_darry;Демон Дарри;x;;;;;;;;;;;;;;;;;;;;;
nick_the_dogshead;Собачья Голова;x;;;;;;;;;;;;;;;;;;;;;
nick_ironhand;Железная Рука;x;;;;;;;;;;;;;;;;;;;;;
nick_the_headstrong_thorn;Упрямый Шип;x;;;;;;;;;;;;;;;;;;;;;
nick_the_old_ox;Старый Бык;x;;;;;;;;;;;;;;;;;;;;;
nick_the_lord_lamprey;Лорд Минога;x;;;;;;;;;;;;;;;;;;;;;
nick_the_young_wolf;Молодой Волк;x;;;;;;;;;;;;;;;;;;;;;
nick_duckfield;Утка;x;;;;;;;;;;;;;;;;;;;;;
nick_ironhand;Железная Рука;x;;;;;;;;;;;;;;;;;;;;;
nick_the_purple;Пурпурн[This.GetAyaYy];x;;;;;;;;;;;;;;;;;;;;;
nick_the_laughing_storm;Смеющийся Вихрь;x;;;;;;;;;;;;;;;;;;;;;
nick_the_frog;Лягушка;x;;;;;;;;;;;;;;;;;;;;;
nick_the_broken;Сломанн[This.GetAyaYy];x;;;;;;;;;;;;;;;;;;;;;
nick_the_rapist;Насильник;x;;;;;;;;;;;;;;;;;;;;;
nick_greatheart;Большое Сердце;x;;;;;;;;;;;;;;;;;;;;;
nick_the_neveryield;Неуступчив[This.GetAyaYy];x;;;;;;;;;;;;;;;;;;;;;
nick_greycloak;Серый Плащ;x;;;;;;;;;;;;;;;;;;;;;
nick_the_openhanded;Щедр[This.GetAyaYy];x;;;;;;;;;;;;;;;;;;;;;
nick_the_spring_king;Весенний Король;x;;;;;;;;;;;;;;;;;;;;;
nick_hardhand;Жесткая Рука;x;;;;;;;;;;;;;;;;;;;;;
nick_the_moon_king;Лунный Король;x;;;;;;;;;;;;;;;;;;;;;
nick_the_bridegroom;Жених;x;;;;;;;;;;;;;;;;;;;;;
nick_the_sweet;Сладкий;x;;;;;;;;;;;;;;;;;;;;;
nick_the_bitter;Горький;x;;;;;;;;;;;;;;;;;;;;;
nick_ice_eyes;Ледяные Очи;x;;;;;;;;;;;;;;;;;;;;;
nick_snowbeard;Снежная Борода;x;;;;;;;;;;;;;;;;;;;;;
nick_the_hungry_wolf;Голодный Волк;x;;;;;;;;;;;;;;;;;;;;;
nick_the_shipwright;Мореплаватель;x;;;;;;;;;;;;;;;;;;;;;
nick_the_burner;Факельщик;x;;;;;;;;;;;;;;;;;;;;;
nick_the_builder;Строитель;x;;;;;;;;;;;;;;;;;;;;;
nick_anvilbreaker;Сломанная Наковальня;x;;;;;;;;;;;;;;;;;;;;;
nick_the_dreamer;Сновидец;x;;;;;;;;;;;;;;;;;;;;;
nick_the_krakenslayer;Убийца Кракена;x;;;;;;;;;;;;;;;;;;;;;
nick_ironreaver;Железный Грабитель;x;;;;;;;;;;;;;;;;;;;;;
nick_the_red_reaver;Красный Грабитель;x;;;;;;;;;;;;;;;;;;;;;
nick_the_black_reaver;Черный Грабитель;x;;;;;;;;;;;;;;;;;;;;;
nick_ironfist;Железный Кулак;x;;;;;;;;;;;;;;;;;;;;;
nick_ironsword;Железный Меч;x;;;;;;;;;;;;;;;;;;;;;
nick_ironshield;Железный Щит;x;;;;;;;;;;;;;;;;;;;;;
nick_the_raider;Налётчик;x;;;;;;;;;;;;;;;;;;;;;
nick_ironraider;Железный налетчик;x;;;;;;;;;;;;;;;;;;;;;
nick_ironheart;Жестокосердн[This.GetAyaYy];x;;;;;;;;;;;;;;;;;;;;;
nick_sixskins;Шестишкур[This.GetAyaYy];x;;;;;;;;;;;;;;;;;;;;;
nick_the_weeper;Плакальщик;x;;;;;;;;;;;;;;;;;;;;;
nick_sealskinner;Шкуродел;x;;;;;;;;;;;;;;;;;;;;;
nick_white_mask;Белая Маска;x;;;;;;;;;;;;;;;;;;;;;
nick_crowkiller;Убийца Ворон;x;;;;;;;;;;;;;;;;;;;;;
nick_the_wanderer;Странник;x;;;;;;;;;;;;;;;;;;;;;
nick_the_faithfull;Преданн[This.GetAyaYy];x;;;;;;;;;;;;;;;;;;;;;
nick_corpsekiller;Трупоруб;x;;;;;;;;;;;;;;;;;;;;;
nick_lophand;Культяпый;x;;;;;;;;;;;;;;;;;;;;;
nick_the_cunning;Хитр[This.GetAyaYy];x;;;;;;;;;;;;;;;;;;;;;
nick_inkpots;Чернильница;x;;;;;;;;;;;;;;;;;;;;;
nick_long;Длинн[This.GetAyaYy];x;;;;;;;;;;;;;;;;;;;;;
nick_redback;Красная Спина;x;;;;;;;;;;;;;;;;;;;;;
nick_the_bald;Лыс[This.GetAyaYy];x;;;;;;;;;;;;;;;;;;;;;
nick_the_titan;Титанов Бастард;x;;;;;;;;;;;;;;;;;;;;;
nick_ginger;Весел[This.GetAyaYy];x;;;;;;;;;;;;;;;;;;;;;
nick_longspear;Длинное Копье;x;;;;;;;;;;;;;;;;;;;;;
nick_shieldbreaker;Щитолом;x;;;;;;;;;;;;;;;;;;;;;
nick_the_huntsman;Охотник;x;;;;;;;;;;;;;;;;;;;;;
nick_of_the_brown_shield;Коричневый Щит;x;;;;;;;;;;;;;;;;;;;;;
nick_the_thrice_drowned;Трижды Утонувшый;x;;;;;;;;;;;;;;;;;;;;;
nick_the_dragontamer;Укротитель Драконов;x;;;;;;;;;;;;;;;;;;;;;
nick_the_griffin_king;Король Грифон;x;;;;;;;;;;;;;;;;;;;;;
nick_the_clever;Умн[This.GetAyaYy];x;;;;;;;;;;;;;;;;;;;;;
nick_the_defiant;Дерзк[This.GetAyaIy];x;;;;;;;;;;;;;;;;;;;;;
nick_the_stormbreaker;Громобой;x;;;;;;;;;;;;;;;;;;;;;
nick_the_strong_thorn;Сильный Шип;x;;;;;;;;;;;;;;;;;;;;;
nick_redraven;Красный Ворон;x;;;;;;;;;;;;;;;;;;;;;
nick the_learned_thorn;Ученый Шип;x;;;;;;;;;;;;;;;;;;;;;
nick_the_oathbreaker;Клятвопреступник;x;;;;;;;;;;;;;;;;;;;;;
nick_arya;'Арья';x;;;;;;;;;;;;;;;;;;;;;
nick_the_grey;Сер[This.GetAyaYy];x;;;;;;;;;;;;;;;;;;;;;
nick_redtusk;Красный Клык;x;;;;;;;;;;;;;;;;;;;;;
nick_the_horned_king;Рогатый Король;x;;;;;;;;;;;;;;;;;;;;;
nick_the_unsmiling;Угрюм[This.GetAyaYy];x;;;;;;;;;;;;;;;;;;;;;
nick_the_barber;Цирюльник;x;;;;;;;;;;;;;;;;;;;;;
nick_tanner;Дубильщик;x;;;;;;;;;;;;;;;;;;;;;
nick_apple_eater;Поедатель Яблок;x;;;;;;;;;;;;;;;;;;;;;
nick_the_iron_storm;Железный шторм;x;;;;;;;;;;;;;;;;;;;;;
nick_the_old_kraken;Старый кракен;x;;;;;;;;;;;;;;;;;;;;;
nick_redhand;Красная Рука;x;;;;;;;;;;;;;;;;;;;;;
nick_the_latecomer;Отстающ[This.GetAyaIy];x;;;;;;;;;;;;;;;;;;;;;
nick_badbrother;Злый брат;x;;;;;;;;;;;;;;;;;;;;;
nick_the_grey_king;Серый Король;x;;;;;;;;;;;;;;;;;;;;;
nick_goldentounge;Златоуст;x;;;;;;;;;;;;;;;;;;;;;
nick_butcher_king;Король Мясник;x;;;;;;;;;;;;;;;;;;;;;
nick_the_talon;Коготь;x;;;;;;;;;;;;;;;;;;;;;
nick_the_old_falcon;Старый Сокол;x;;;;;;;;;;;;;;;;;;;;;
nick_breaker_of_chains;Рвущ[This.GetAyaIy] Цепи;x;;;;;;;;;;;;;;;;;;;;;
nick_the_ironrod;Жлезный Стержень;x;;;;;;;;;;;;;;;;;;;;;
nick_the_wandering_wolf;Бродячый Волк;x;;;;;;;;;;;;;;;;;;;;;
nick_the_pander;Пособник;x;;;;;;;;;;;;;;;;;;;;;
nick_of_the_black_hood;Черный Гуд;x;;;;;;;;;;;;;;;;;;;;;
nick_the_mighty;Могущественн[This.GetAyaYy];x;;;;;;;;;;;;;;;;;;;;;
nick_triarch_life;Пожизненный Триарх;x;;;;;;;;;;;;;;;;;;;;;
nick_the_boar;Кабан;x;;;;;;;;;;;;;;;;;;;;;
nick_the_wolf;Волк;x;;;;;;;;;;;;;;;;;;;;;
nick_the_eagle;Орел;x;;;;;;;;;;;;;;;;;;;;;
nick_the_bear;Медведь;x;;;;;;;;;;;;;;;;;;;;;
nick_the_shadowcat;Сумеречный Кот;x;;;;;;;;;;;;;;;;;;;;;
nick_tall_talker;Высокий Болтун;x;;;;;;;;;;;;;;;;;;;;;
nick_the_spearwife;Копьеносица;x;;;;;;;;;;;;;;;;;;;;;
nick_widow_maker;Овдовитель;x;;;;;;;;;;;;;;;;;;;;;
nick_hornblower;Дующий-в-Рог;x;;;;;;;;;;;;;;;;;;;;;
nick_eater_herds;Пожиратель Стад;x;;;;;;;;;;;;;;;;;;;;;
nick_forked_tounge;Раздвоенный Язык;x;;;;;;;;;;;;;;;;;;;;;
nick_truth_teller;Правдив[This.GetAyaYy];x;;;;;;;;;;;;;;;;;;;;;
nick_the_fat_one;Толст[This.GetAyaYy];x;;;;;;;;;;;;;;;;;;;;;
nick_the_arrogant_one;Высокомерн[This.GetAyaYy];x;;;;;;;;;;;;;;;;;;;;;
nick_the_kind_one;Добр[This.GetAyaYy];x;;;;;;;;;;;;;;;;;;;;;
nick_the_handsome_one;Красив[This.GetAyaYy];x;;;;;;;;;;;;;;;;;;;;;
nick_the_ugly_one;Урод;x;;;;;;;;;;;;;;;;;;;;;
nick_the_large_one;Больш[This.GetAyaOy];x;;;;;;;;;;;;;;;;;;;;;
nick_the_strong_one;Сильн[This.GetAyaYy];x;;;;;;;;;;;;;;;;;;;;;
nick_the_weak_one;Слаб[This.GetAyaYy];x;;;;;;;;;;;;;;;;;;;;;
nick_the_learned_one;Умн[This.GetAyaYy];x;;;;;;;;;;;;;;;;;;;;;
nick_the_mad_one;Безумн[This.GetAyaYy];x;;;;;;;;;;;;;;;;;;;;;
nick_the_crazed_one;Сумасшедш[This.GetAyaIy];x;;;;;;;;;;;;;;;;;;;;;
nick_the_lame_one;Хром[This.GetAyaOy];x;;;;;;;;;;;;;;;;;;;;;
nick_the_drunk_one;Пьяница;x;;;;;;;;;;;;;;;;;;;;;
nick_the_bastard_one;Незаконнорожденн[This.GetAyaYy];x;;;;;;;;;;;;;;;;;;;;;
nick_the_hunched_one;Горбун;x;;;;;;;;;;;;;;;;;;;;;
nick_the_stuttering_one;Заика;x;;;;;;;;;;;;;;;;;;;;;
nick_the_little_one;Маленьк[This.GetAyaIy];x;;;;;;;;;;;;;;;;;;;;;
nick_the_brilliant_one;Блистательн[This.GetAyaYy];x;;;;;;;;;;;;;;;;;;;;;
nick_the_dimwitted_one;Туп[This.GetAyaOy];x;;;;;;;;;;;;;;;;;;;;;
nick_the_inbred_one;Выродок;x;;;;;;;;;;;;;;;;;;;;;
nick_the_raucous_one;Хрипл[This.GetAyaYy];x;;;;;;;;;;;;;;;;;;;;;
nick_the_scholarly_one;Учён[This.GetAyaYy];x;;;;;;;;;;;;;;;;;;;;;
nick_the_cruel_one;Жесток[This.GetAyaIy];x;;;;;;;;;;;;;;;;;;;;;
nick_the_mysterious_one;Загадочн[This.GetAyaYy];x;;;;;;;;;;;;;;;;;;;;;
nick_the_lewd_one;Непристойн[This.GetAyaYy];x;;;;;;;;;;;;;;;;;;;;;
nick_the_benign_one;Мягк[This.GetAyaIy];x;;;;;;;;;;;;;;;;;;;;;
nick_the_lazy_one;Ленив[This.GetAyaYy];x;;;;;;;;;;;;;;;;;;;;;
nick_the_angry_one;Зл[This.GetAyaOy];x;;;;;;;;;;;;;;;;;;;;;
nick_the_humble_one;Скромн[This.GetAyaYy];x;;;;;;;;;;;;;;;;;;;;;
nick_the_craven_one;Трус;x;;;;;;;;;;;;;;;;;;;;;
nick_the_shy_one;Застенчив[This.GetAyaYy];x;;;;;;;;;;;;;;;;;;;;;
nick_the_just_one;Справедлив[This.GetAyaYy];x;;;;;;;;;;;;;;;;;;;;;
nick_the_scarred_one;Зарубцованн[This.GetAyaYy];x;;;;;;;;;;;;;;;;;;;;;
nick_the_eunuch_one;Без Яиц;x;;;;;;;;;;;;;;;;;;;;;
nick_the_blind_one;Слеп[This.GetAyaOy];x;;;;;;;;;;;;;;;;;;;;;
nick_the_white_one;Бел[This.GetAyaYy];x;;;;;;;;;;;;;;;;;;;;;
nick_the_wildling_one;Одичал[This.GetAyaYy];x;;;;;;;;;;;;;;;;;;;;;
nick_the_eastern_one;Восточн[This.GetAyaYy];x;;;;;;;;;;;;;;;;;;;;;
nick_the_ironborn_one;Железорожденн[This.GetAyaYy];x;;;;;;;;;;;;;;;;;;;;;
nick_the_northern_one;Северян[This.GetKaIn];x;;;;;;;;;;;;;;;;;;;;;
nick_the_dornish_one;Дорни[This.GetYkaEts];x;;;;;;;;;;;;;;;;;;;;;
nick_the_old_one;Стар[This.GetAyaYy];x;;;;;;;;;;;;;;;;;;;;;
nick_the_young_one;Молод[This.GetAyaOy];x;;;;;;;;;;;;;;;;;;;;;
nick_the_dragon_one;Дракон;x;;;;;;;;;;;;;;;;;;;;;
nick_the_knightly_one;Рыцарь;x;;;;;;;;;;;;;;;;;;;;;
nick_the_rude_one;Груб[This.GetAyaYy];x;;;;;;;;;;;;;;;;;;;;;
nick_the_stubborn_one;Упрям[This.GetAyaYy];x;;;;;;;;;;;;;;;;;;;;;
nick_the_ruthless_one;Безжалостн[This.GetAyaYy];x;;;;;;;;;;;;;;;;;;;;;
nick_the_able_one;Умел[This.GetAyaYy];x;;;;;;;;;;;;;;;;;;;;;
nick_the_good_one;Добр[This.GetAyaYy];x;;;;;;;;;;;;;;;;;;;;;
nick_the_merry_one;Весёл[This.GetAyaYy];x;;;;;;;;;;;;;;;;;;;;;
nick_the_noble_one;Благородн[This.GetAyaYy];x;;;;;;;;;;;;;;;;;;;;;
nick_the_silent_one;Тих[This.GetAyaIy];x;;;;;;;;;;;;;;;;;;;;;
nick_the_proud_one;Гордец;x;;;;;;;;;;;;;;;;;;;;;
nick_the_gouty_one;Подагрическ[This.GetAyaIy];x;;;;;;;;;;;;;;;;;;;;;
nick_the_fair_one;Прекрасн[This.GetAyaYy];x;;;;;;;;;;;;;;;;;;;;;
nick_the_wise_one;Мудр[This.GetAyaYy];x;;;;;;;;;;;;;;;;;;;;;
nick_the_wicked_one;Грешни[This.GetTsaK];x;;;;;;;;;;;;;;;;;;;;;
nick_the_pious_one;Благочестив[This.GetAyaYy];x;;;;;;;;;;;;;;;;;;;;;
nick_the_blessed_one;Благословенн[This.GetAyaYy];x;;;;;;;;;;;;;;;;;;;;;
nick_the_great_one;Велик[This.GetAyaIy];x;;;;;;;;;;;;;;;;;;;;;
nick_the_meek_one;Кротк[This.GetAyaIy];x;;;;;;;;;;;;;;;;;;;;;
nick_the_cunning_one;Хитр[This.GetAyaYy];x;;;;;;;;;;;;;;;;;;;;;
nick_the_vain_one;Тщеславн[This.GetAyaYy];x;;;;;;;;;;;;;;;;;;;;;
nick_the_warrior_one;Воин;x;;;;;;;;;;;;;;;;;;;;;
nick_the_martial_one;Воинственн[This.GetAyaYy];x;;;;;;;;;;;;;;;;;;;;;
nick_the_pompous_one;Напыщенн[This.GetAyaYy];x;;;;;;;;;;;;;;;;;;;;;
nick_the_peculiar_one;Странн[This.GetAyaYy];x;;;;;;;;;;;;;;;;;;;;;
nick_the_rich_one;Богат[This.GetAyaYy];x;;;;;;;;;;;;;;;;;;;;;
nick_the_reclused_one;Отшельни[This.GetTsaK];x;;;;;;;;;;;;;;;;;;;;;
nick_the_clubfooted_one;Косолап[This.GetAyaYy];x;;;;;;;;;;;;;;;;;;;;;
nick_the_bloody_one;Кровав[This.GetAyaYy];x;;;;;;;;;;;;;;;;;;;;;
nick_the_broken_one;Сломленн[This.GetAyaYy];x;;;;;;;;;;;;;;;;;;;;;
nick_the_new_one;Нов[This.GetAyaYy];x;;;;;;;;;;;;;;;;;;;;;
nick_the_next_one;Следующ[This.GetAyaIy];x;;;;;;;;;;;;;;;;;;;;;
nick_the_feckless_one;Беспомощн[This.GetAyaYy];x;;;;;;;;;;;;;;;;;;;;;
nick_the_popular_one;Знаменит[This.GetAyaYy];x;;;;;;;;;;;;;;;;;;;;;
nick_the_luminous_one;Блестящ[This.GetAyaIy];x;;;;;;;;;;;;;;;;;;;;;
nick_the_boring_one;Скучн[This.GetAyaYy];x;;;;;;;;;;;;;;;;;;;;;
nick_the_cagey_one;Скрытн[This.GetAyaYy];x;;;;;;;;;;;;;;;;;;;;;
nick_the_erratic_one;Страстн[This.GetAyaYy];x;;;;;;;;;;;;;;;;;;;;;
nick_the_welcome_one;Приветлив[This.GetAyaYy];x;;;;;;;;;;;;;;;;;;;;;
nick_the_pointless_one;Бесцельн[This.GetAyaYy];x;;;;;;;;;;;;;;;;;;;;;
nick_the_pointy_nosed_one;Длинн[This.GetAyaYy] Нос;x;;;;;;;;;;;;;;;;;;;;;
nick_the_big_eared_one;Большие Уши;x;;;;;;;;;;;;;;;;;;;;;
nick_the_well_endowed_one;Наделенн[This.GetAyaYy];x;;;;;;;;;;;;;;;;;;;;;
nick_the_plain_one;Прост[This.GetAyaOy];x;;;;;;;;;;;;;;;;;;;;;
nick_the_fast_one;Быстр[This.GetAyaYy];x;;;;;;;;;;;;;;;;;;;;;
nick_the_yellow_one;Желт[This.GetAyaYy];x;;;;;;;;;;;;;;;;;;;;;
nick_the_bushy_eyebrowed_one;Густобров[This.GetAyaYy];x;;;;;;;;;;;;;;;;;;;;;
nick_the_clumsy_one;Неуклюж[This.GetAyaIy];x;;;;;;;;;;;;;;;;;;;;;
nick_the_black_one;Черн[This.GetAyaYy];x;;;;;;;;;;;;;;;;;;;;;
nick_the_red_one;Красн[This.GetAyaYy];x;;;;;;;;;;;;;;;;;;;;;
nick_the_lackwitted_one;Тугодум[This.GetEndKa];x;;;;;;;;;;;;;;;;;;;;;
nick_the_spotty_one;Прыщеват[This.GetAyaYy];x;;;;;;;;;;;;;;;;;;;;;
nick_the_stained_one;Запятнанн[This.GetAyaYy];x;;;;;;;;;;;;;;;;;;;;;
nick_the_wet_one;Мокр[This.GetAyaYy];x;;;;;;;;;;;;;;;;;;;;;
nick_the_red_kraken;Красный Кракен;x;;;;;;;;;;;;;;;;;;;;;
nick_bloody_ben;Кровавй Бен;x;;;;;;;;;;;;;;;;;;;;;
nick_roddy_the_ruin;Разоритель;x;;;;;;;;;;;;;;;;;;;;;
nick_hewer;Дровосек;x;;;;;;;;;;;;;;;;;;;;;
nick_fighting_fool;Воинственный Дурак;x;;;;;;;;;;;;;;;;;;;;;
nick_halfmaester;Полумейстер;x;;;;;;;;;;;;;;;;;;;;;
nick_the_Beast_of_Harrenhall;Чудовище Харренхолла;x;;;;;;;;;;;;;;;;;;;;;
nick_the_Riverman;Речник;x;;;;;;;;;;;;;;;;;;;;;
nick_the_dragonslayer;Убийца Драконов;x;;;;;;;;;;;;;;;;;;;;;
nick_the_stallion_that_mounts_the_world;Жеребец, что покроет мир;x;;;;;;;;;;;;;;;;;;;;;
nick_the_wild;Дик[This.GetAyaIy];x;;;;;;;;;;;;;;;;;;;;;
nick_the_one_eyed;Одноок[This.GetAyaIy];x;;;;;;;;;;;;;;;;;;;;;
nick_the_reaver;Разбойни[This.GetTsaK];x;;;;;;;;;;;;;;;;;;;;;
nick_the_firegazer;Огненный взгляд;x;;;;;;;;;;;;;;;;;;;;;
nick_the_dragonlord;Повелитель[This.GetEndNitsa] Драконов;x;;;;;;;;;;;;;;;;;;;;;
nick_the_elegant;Изящн[This.GetAyaYy];x;;;;;;;;;;;;;;;;;;;;;
nick_the_imperious;Властн[This.GetAyaYy];x;;;;;;;;;;;;;;;;;;;;;
nick_the_rude;Невежа;x;;;;;;;;;;;;;;;;;;;;;
nick_the_uncaring;Бессердечн[This.GetAyaYy];x;;;;;;;;;;;;;;;;;;;;;
nick_the_merciless;Безжалостн[This.GetAyaYy];x;;;;;;;;;;;;;;;;;;;;;
nick_the_red_robed;Красноодеянн[This.GetAyaYy];x;;;;;;;;;;;;;;;;;;;;;
nick_the_drowned_king;Король-Утопленник;x;;;;;;;;;;;;;;;;;;;;;
nick_the_septon_king;Король-Септон;x;;;;;;;;;;;;;;;;;;;;;
nick_stoneface;Каменное Лицо;x;;;;;;;;;;;;;;;;;;;;;
nick_the_tolerant;Тепрелив[This.GetAyaYy];x;;;;;;;;;;;;;;;;;;;;;
nick_seasnake;Морской Змей;x;;;;;;;;;;;;;;;;;;;;;
nick_lion_braavos;Лев Браавоса;x;;;;;;;;;;;;;;;;;;;;;
nick_the_Liddle;Лиддль;x;;;;;;;;;;;;;;;;;;;;;
nick_the_Hammer_of_Justice;Молот Правосудия;x;;;;;;;;;;;;;;;;;;;;;
nick_Big_Liddle;Большой Лиддль;x;;;;;;;;;;;;;;;;;;;;;
nick_Middle_Liddle;Средний Лиддль;x;;;;;;;;;;;;;;;;;;;;;
nick_Little_Liddle;Маленький Лиддль;x;;;;;;;;;;;;;;;;;;;;;
nick_Wee_Liddle;Дитя Лиддль;x;;;;;;;;;;;;;;;;;;;;;
nick_the_Knott;Нотт;x;;;;;;;;;;;;;;;;;;;;;
nick_the_Wull;Вулл;x;;;;;;;;;;;;;;;;;;;;;
nick_the_Norrey;Норри;x;;;;;;;;;;;;;;;;;;;;;
nick_Big_Norrey;Большой Норри;x;;;;;;;;;;;;;;;;;;;;;
nick_Big_Knott;Большой Нотт;x;;;;;;;;;;;;;;;;;;;;;
nick_the_brute;Груб[This.GetAyaYy];x;;;;;;;;;;;;;;;;;;;;;
nick_the_lion;Лев;x;;;;;;;;;;;;;;;;;;;;;
nick_the_tormentor;Мучитель[This.GetEndNitsa];x;;;;;;;;;;;;;;;;;;;;;
nick_the_niggardly;Скуп[This.GetAyaOy];x;;;;;;;;;;;;;;;;;;;;;
nick_the_lackwit;Скудоумн[This.GetAyaYy];x;;;;;;;;;;;;;;;;;;;;;
nick_queen_lorea;Королева Лорея;x;;;;;;;;;;;;;;;;;;;;;
nick_thunderbolt;Удар молнии;x;;;;;;;;;;;;;;;;;;;;;
nick_the_last;Последн[This.GetAyaIy];x;;;;;;;;;;;;;;;;;;;;;
nick_the_limp;Хром[This.GetAyaOy];x;;;;;;;;;;;;;;;;;;;;;
nick_the_golden;Золот[This.GetAyaOy];x;;;;;;;;;;;;;;;;;;;;;
nick_the_half_drowned;Утонувш[This.GetAyaIy];x;;;;;;;;;;;;;;;;;;;;;
nick_the_boarkiller;Кабаноуб[This.GetAyaIy]ца;x;;;;;;;;;;;;;;;;;;;;;
nick_the_plowman;Пахарь;x;;;;;;;;;;;;;;;;;;;;;
nick_the_blind_bowman;Слепой Лучник;x;;;;;;;;;;;;;;;;;;;;;
nick_the_hooded_man;Человек в Капюшоне;x;;;;;;;;;;;;;;;;;;;;;
nick_the_late_lord;Покойный Лорд;x;;;;;;;;;;;;;;;;;;;;;
nick_crabfeeder;Кормилец Крабов;x;;;;;;;;;;;;;;;;;;;;;
nick_breakbones;Костолом;x;;;;;;;;;;;;;;;;;;;;;
nick_the_daring;Отважн[This.GetAyaYy];x;;;;;;;;;;;;;;;;;;;;;
nick_the_giant;Гигант;x;;;;;;;;;;;;;;;;;;;;;
nick_blackhair;Черноволос[This.GetAyaYy];x;;;;;;;;;;;;;;;;;;;;;
nick_of_the_count;Несчетн[This.GetAyaYy];x;;;;;;;;;;;;;;;;;;;;;
nick_the_spotted_cat;Пятнистый Кот;x;;;;;;;;;;;;;;;;;;;;;
nick_bonebreaker;Костолом;x;;;;;;;;;;;;;;;;;;;;;
nick_the_steelskin;Стальная Шкура;x;;;;;;;;;;;;;;;;;;;;;
nick_mistress_swords;Хозяйка Мечей;x;;;;;;;;;;;;;;;;;;;;;
nick_wild_flower;Дикий Цветок;x;;;;;;;;;;;;;;;;;;;;;
nick_vieled_lady;Леди в Вуали;x;;;;;;;;;;;;;;;;;;;;;
nick_merling_queen;Сардинья Королева;x;;;;;;;;;;;;;;;;;;;;;
nick_moonshadow;Лунная Тень;x;;;;;;;;;;;;;;;;;;;;;
nick_daughter_dusk;Дочь Сумерек;x;;;;;;;;;;;;;;;;;;;;;
nick_nightingale;Слоловей;x;;;;;;;;;;;;;;;;;;;;;
nick_poetess;Поэтесса;x;;;;;;;;;;;;;;;;;;;;;
nick_black_pearl;Черная Жемчужина;x;;;;;;;;;;;;;;;;;;;;;
nick_the_last_valyrian;Последний Валириец;x;;;;;;;;;;;;;;;;;;;;;
nick_the_fox;Лиса;x;;;;;;;;;;;;;;;;;;;;;
nick_the_gardener;Садовник;x;;;;;;;;;;;;;;;;;;;;;
nick_the_grim;Мрачн[This.GetAyaYy];x;;;;;;;;;;;;;;;;;;;;;
nick_grey_eyes;Сероглаз[This.GetAyaYy];x;;;;;;;;;;;;;;;;;;;;;
nick_the_woe;Скорбн[This.GetAyaYy];x;;;;;;;;;;;;;;;;;;;;;
nick_the_hammer;Молот дорнийцев;x;;;;;;;;;;;;;;;;;;;;;
nick_the_morningstar;Утренняя Звезда;x;;;;;;;;;;;;;;;;;;;;;
nick_the_goldenhand;Золотая Рука;x;;;;;;;;;;;;;;;;;;;;;
nick_the_gods_fearing;Богобоязненн[This.GetAyaYy];x;;;;;;;;;;;;;;;;;;;;;
nick_the_mason;Каменщик;x;;;;;;;;;;;;;;;;;;;;;
nick_the_madling;Сумасбродн[This.GetAyaYy];x;;;;;;;;;;;;;;;;;;;;;
nick_the_meek;Кротк[This.GetAyaIy];x;;;;;;;;;;;;;;;;;;;;;
nick_the_death_killer;Смертоубийца;x;;;;;;;;;;;;;;;;;;;;;
nick_the_painter;Рисовальщик;x;;;;;;;;;;;;;;;;;;;;;
nick_the_oak;Дубов[This.GetAyaYy];x;;;;;;;;;;;;;;;;;;;;;
nick_of_the_vines;Винная Лоза;x;;;;;;;;;;;;;;;;;;;;;
nick_the_archer;Лучни[This.GetTsaK];x;;;;;;;;;;;;;;;;;;;;;
nick_of_the_bloody_blade;Кровавый Клинок;x;;;;;;;;;;;;;;;;;;;;;
nick_oakenshield;Дубовый Щит;x;;;;;;;;;;;;;;;;;;;;;
nick_the_hunter;Охотни[This.GetTsaK];x;;;;;;;;;;;;;;;;;;;;;
nick_of_the_horn;Горн;x;;;;;;;;;;;;;;;;;;;;;
nick_the_breaker;Крушитель;x;;;;;;;;;;;;;;;;;;;;;
nick_of_red_lake;Красное Озеро;x;;;;;;;;;;;;;;;;;;;;;
nick_ever_sweet;Слащав[This.GetAyaYy];x;;;;;;;;;;;;;;;;;;;;;
nick_gold_tree;Денежное дерево;x;;;;;;;;;;;;;;;;;;;;;
nick_brightflame;Яркое Пламя;x;;;;;;;;;;;;;;;;;;;;;
nick_the_mummer;Ряжен[This.GetAyaYy];x;;;;;;;;;;;;;;;;;;;;;
nick_the_guest;Гость;x;;;;;;;;;;;;;;;;;;;;;
nick_the_vulture_king;Король-Стервятник;x;;;;;;;;;;;;;;;;;;;;;
nick_the_savage;Дикарь;x;;;;;;;;;;;;;;;;;;;;;
nick_one_hand;Однорук[This.GetAyaIy];x;;;;;;;;;;;;;;;;;;;;;
nick_the_dragonless;Бездраконный;x;;;;;;;;;;;;;;;;;;;;;
nick_palehair;Бледноволос[This.GetAyaYy];x;;;;;;;;;;;;;;;;;;;;;
nick_the_flea;Блоха;x;;;;;;;;;;;;;;;;;;;;;
nick_the_sea_lion;Морской Лев;x;;;;;;;;;;;;;;;;;;;;;
nick_the_twisted;Скручен[This.GetAyaYy];x;;;;;;;;;;;;;;;;;;;;;
nick_of_the_high_tower;из Высок[This.GetAyaOy] Башни;x;;;;;;;;;;;;;;;;;;;;;
nick_the_devout;Набожн[This.GetAyaYy];x;;;;;;;;;;;;;;;;;;;;;
nick_of_the_scourge_of_location;Бедствие земли [Root.Location.GetName];x;;;;;;;;;;;;;;;;;;;;;
nick_of_the_bane_of_location;Проклятие земли [Root.Location.GetName];x;;;;;;;;;;;;;;;;;;;;;
nick_of_the_hero_of_location;Герой земли [Root.Location.GetName];x;;;;;;;;;;;;;;;;;;;;;
nick_of_the_lion_of_location;Лев земли [Root.Location.GetName];x;;;;;;;;;;;;;;;;;;;;;
nick_of_the_sword_of_location;Меч земли [Root.Location.GetName];x;;;;;;;;;;;;;;;;;;;;;
nick_of_the_star_of_location;Звезда земли [Root.Location.GetName];x;;;;;;;;;;;;;;;;;;;;;
nick_of_the_butcher_of_location;Палач земли [Root.Location.GetName];x;;;;;;;;;;;;;;;;;;;;;
nick_of_the_fist_of_location;Кулак земли [Root.Location.GetName];x;;;;;;;;;;;;;;;;;;;;;
nick_of_the_dragon_of_location;Дракон земли [Root.Location.GetName];x;;;;;;;;;;;;;;;;;;;;;
nick_of_the_wolf_of_location;Волк земли [Root.Location.GetName];x;;;;;;;;;;;;;;;;;;;;;
nick_of_the_demon_of_location;Демон земли [Root.Location.GetName];x;;;;;;;;;;;;;;;;;;;;;
nick_of_the_burner_of_location;Поджигатель земли [Root.Location.GetName];x;;;;;;;;;;;;;;;;;;;;;
nick_of_the_breaker_of_location;Разрушитель земли [Root.Location.GetName];x;;;;;;;;;;;;;;;;;;;;;
nick_of_the_shield_of_location;Щит земли [Root.Location.GetName];x;;;;;;;;;;;;;;;;;;;;;
nick_of_the_spear_of_location;Копье земли [Root.Location.GetName];x;;;;;;;;;;;;;;;;;;;;;
nick_of_the_axe_of_location;Топор земли [Root.Location.GetName];x;;;;;;;;;;;;;;;;;;;;;
nick_of_the_hammer_of_location;Молот земли [Root.Location.GetName];x;;;;;;;;;;;;;;;;;;;;;
nick_the_culture_group;[Root.Culture.GetGroupName];x;;;;;;;;;;;;;;;;;;;;;
nick_the_knight_of_kisses;Рацарь Поцелуев;x;;;;;;;;;;;;;;;;;;;;;
nick_lord_battles;Повелитель Сражен[This.GetAyaIy];x;;;;;;;;;;;;;;;;;;;;;
nick_pink_emperor;Розовый Император;x;;;;;;;;;;;;;;;;;;;;;
nick_cyan_emperor;Голубой Император;x;;;;;;;;;;;;;;;;;;;;;
nick_redarm;Краснорукий;x;;;;;;;;;;;;;;;;;;;;;
nick_the_laughing_wolf_canon;Смеющийся Волк;x;;;;;;;;;;;;;;;;;;;;;
nick_one_eye;Одноглаз[This.GetAyaYy];x;;;;;;;;;;;;;;;;;;;;;
nick_blacksword;Чёрный Меч;x;;;;;;;;;;;;;;;;;;;;;
nick_silvertounge;Серебряный Язык;x;;;;;;;;;;;;;;;;;;;;;
nick_the_sparrow;Воробейшество;x;;;;;;;;;;;;;;;;;;;;;
nick_bronze_bitch;Бронзовая Сука;x;;;;;;;;;;;;;;;;;;;;;
nick_the_saddlesore;Седельнораненн[This.GetAyaYy];x;;;;;;;;;;;;;;;;;;;;;
nick_the_ruined;Разорённ[This.GetAyaYy];x;;;;;;;;;;;;;;;;;;;;;
nick_the_hopeful;Многообещающ[This.GetAyaIy];x;;;;;;;;;;;;;;;;;;;;;
nick_the_kinslayer;Цареубийца;x;;;;;;;;;;;;;;;;;;;;;
nick_the_king_who_flew;Король, который летал;x;;;;;;;;;;;;;;;;;;;;;
nick_ironfoot;Железная Лапа;x;;;;;;;;;;;;;;;;;;;;;
nick_raven_feeder;Кормилец Ворон;x;;;;;;;;;;;;;;;;;;;;;
nick_flatnose;Плосконос[This.GetAyaYy];x;;;;;;;;;;;;;;;;;;;;;
nick_the_raper;Жнец;x;;;;;;;;;;;;;;;;;;;;;
nick_the_eagle;Орел;x;;;;;;;;;;;;;;;;;;;;;
nick_coldwind;Холодный Ветер;x;;;;;;;;;;;;;;;;;;;;;
nick_maidensbane;Бич Девиц;x;;;;;;;;;;;;;;;;;;;;;
nick_stumphand;Обрубок;x;;;;;;;;;;;;;;;;;;;;;
nick_widowmaker;Творец Вдов;x;;;;;;;;;;;;;;;;;;;;;
nick_priestkiller;Убийца Жрецов;x;;;;;;;;;;;;;;;;;;;;;
nick_the_fierce;Ожесточенн[This.GetAyaYy];x;;;;;;;;;;;;;;;;;;;;;
nick_the_soulless;Бездушн[This.GetAyaYy];x;;;;;;;;;;;;;;;;;;;;;
nick_demonlover;Поклонник Демонов;x;;;;;;;;;;;;;;;;;;;;;
nick_the_red_smile;Красная Улыбка;x;;;;;;;;;;;;;;;;;;;;;
nick_the_host;Хозяин;x;;;;;;;;;;;;;;;;;;;;;
nick_the_haggler;Торгаш;x;;;;;;;;;;;;;;;;;;;;;
nick_the_heartless;Бессердечн[This.GetAyaYy];x;;;;;;;;;;;;;;;;;;;;;
nick_the_necromancer;Некромант;x;;;;;;;;;;;;;;;;;;;;;
nick_the_last_reaver;Последний Похититель;x;;;;;;;;;;;;;;;;;;;;;
nick_the_holy_fool;Юродив[This.GetAyaYy];x;;;;;;;;;;;;;;;;;;;;;
nick_bloodborn;Рожденн[This.GetAyaYy] в Крови;x;;;;;;;;;;;;;;;;;;;;;
nick_the_beautiful;Прекрасн[This.GetAyaYy];x;;;;;;;;;;;;;;;;;;;;;
nick_the_mad_mouse;Безумная Мышь;x;;;;;;;;;;;;;;;;;;;;;
nick_the_whore;Шлюха;x;;;;;;;;;;;;;;;;;;;;;
nick_the_faithless;Вероломн[This.GetAyaYy];x;;;;;;;;;;;;;;;;;;;;;
nick_the_lionslayer;Убийца Львов;x;;;;;;;;;;;;;;;;;;;;;
nick_the_viper;Змея;x;;;;;;;;;;;;;;;;;;;;;
nick_bronze_axe;Бронзовый Топор;x;;;;;;;;;;;;;;;;;;;;;
nick_the_dour;Суров[This.GetAyaYy];x;;;;;;;;;;;;;;;;;;;;;
nick_ravenfriend;Любитель Воронов;x;;;;;;;;;;;;;;;;;;;;;
nick_kin_killer;Убийца Родичей;x;;;;;;;;;;;;;;;;;;;;;
nick_the_sailmaker;Корабельщик;x;;;;;;;;;;;;;;;;;;;;;
nick_the_dim;Сумеречн[This.GetAyaYy];x;;;;;;;;;;;;;;;;;;;;;
nick_halfblood;Полукровка;x;;;;;;;;;;;;;;;;;;;;;
nick_godsgrief;Богоборец;x;;;;;;;;;;;;;;;;;;;;;
nick_evenstar;Вечерняя Звезда;x;;;;;;;;;;;;;;;;;;;;;
nick_milk_eye;Молочноглаз[This.GetAyaYy];x;;;;;;;;;;;;;;;;;;;;;
nick_softspear;Мягкое Копье;x;;;;;;;;;;;;;;;;;;;;;
nick_the_sword_of_the_evening;Меч Зари;x;;;;;;;;;;;;;;;;;;;;;
nick_starfire;Звёздный Огонь;x;;;;;;;;;;;;;;;;;;;;;
nick_the_blind_king;Слепой Король;x;;;;;;;;;;;;;;;;;;;;;
nick_the_blind_queen;Слепая Королева;x;;;;;;;;;;;;;;;;;;;;;
nick_the_nimble;Ловк[This.GetAyaIy];x;;;;;;;;;;;;;;;;;;;;;
nick_the_darling_of_the_vale;Хранитель Лунных Врат;x;;;;;;;;;;;;;;;;;;;;;
nick_the_whoreson;Шлюхин Сын;x;;;;;;;;;;;;;;;;;;;;;
nick_the_widowlover;Вдова-Любовница;x;;;;;;;;;;;;;;;;;;;;;
nick_the_laughing_lion;Смеющийся Лев;x;;;;;;;;;;;;;;;;;;;;;
nick_the_munificent;Щедр[This.GetAyaYy];x;;;;;;;;;;;;;;;;;;;;;
nick_the_amazing;Удивительн[This.GetAyaYy];x;;;;;;;;;;;;;;;;;;;;;
nick_the_windrider;Ветроход;x;;;;;;;;;;;;;;;;;;;;;
nick_the_arrow_of_jhahar;Стрела Джахара;x;;;;;;;;;;;;;;;;;;;;;
nickname_quiver;Колчан;x;;;;;;;;;;;;;;;;;;;;;
nick_the_dragon_of_the_north;Дракон Севера;x;;;;;;;;;;;;;;;;;;;;;
nick_frostfinger;Беспал[This.GetAyaYy];x;;;;;;;;;;;;;;;;;;;;;
nick_the_sheep_lover;Любитель Овец;x;;;;;;;;;;;;;;;;;;;;;
nick_wyvernsbane;Бич Виверн;x;;;;;;;;;;;;;;;;;;;;;
nick_spotted_butcher;Пятнистый Мясник;x;;;;;;;;;;;;;;;;;;;;;
nick_nine_eyes;Девятиглаз[This.GetAyaYy];x;;;;;;;;;;;;;;;;;;;;;
nick_misery_the_white_worm;Мисария, Белый Червь;x;;;;;;;;;;;;;;;;;;;;;
nick_glittering_god;Блистающий Бог;x;;;;;;;;;;;;;;;;;;;;;
nick_longspoon;Длинная Ложка;x;;;;;;;;;;;;;;;;;;;;;
nick_squint_eye;Косоглаз[This.GetAyaYy];x;;;;;;;;;;;;;;;;;;;;;
nick_the_boy_too_bold_by_half;Чересчур Храбрый Мальчик;x;;;;;;;;;;;;;;;;;;;;;
nick_the_lace_serpent;Кружевная змея;x;;;;;;;;;;;;;;;;;;;;;
nick_darkrobin;Тёмный Робин;x;;;;;;;;;;;;;;;;;;;;;
nick_the_hammer_of_the_jogos_nhai;Молот Джогос Нхая;x;;;;;;;;;;;;;;;;;;;;;
nick_stoneheart;Каменное сердце;x;;;;;;;;;;;;;;;;;;;;;
nick_lemoncloak;Желтый Плащ;x;;;;;;;;;;;;;;;;;;;;;
nick_be_lucky;Везунчик;x;;;;;;;;;;;;;;;;;;;;;
nick_the_red_widow;Красная Вдова;x;;;;;;;;;;;;;;;;;;;;;
nick_the_drunken;Пьян[This.GetAyaYy];x;;;;;;;;;;;;;;;;;;;;;
nick_the_queen_who_never_was;Почти Королева;x;;;;;;;;;;;;;;;;;;;;;
nick_the_blue_bard;Голубой Бард;x;;;;;;;;;;;;;;;;;;;;;
nick_the_late;Покойн[This.GetAyaYy];x;;;;;;;;;;;;;;;;;;;;;
nick_the_cautious;Осторожн[This.GetAyaYy];x;;;;;;;;;;;;;;;;;;;;;
nick_the_indecisive;Нерешительн[This.GetAyaYy];x;;;;;;;;;;;;;;;;;;;;;
nick_the_ditherer;Рохля;x;;;;;;;;;;;;;;;;;;;;;
nick_the_waverer;Нерешительн[This.GetAyaYy];x;;;;;;;;;;;;;;;;;;;;;
nick_the_hesitant;Колеблющ[This.GetAyaIy]ся;x;;;;;;;;;;;;;;;;;;;;;
nick_the_queer;Странн[This.GetAyaYy];x;;;;;;;;;;;;;;;;;;;;;
nick_the_vole;Крот;x;;;;;;;;;;;;;;;;;;;;;
nick_the_widow_of_the_waterfront;Портовая Вдова;x;;;;;;;;;;;;;;;;;;;;;
nick_the_yellow;Жёлт[This.GetAyaYy];x;;;;;;;;;;;;;;;;;;;;;x
nick_the_green;Зелён[This.GetAyaYy];x;;;;;;;;;;;;;;;;;;;;;
nick_the_orange;Оранжев[This.GetAyaYy];x;;;;;;;;;;;;;;;;;;;;;
nick_the_spotted;Пятнист[This.GetAyaYy];x;;;;;;;;;;;;;;;;;;;;;
nick_the_white;Бел[This.GetAyaYy];x;;;;;;;;;;;;;;;;;;;;;
nick_the_unwashed;Немыт[This.GetAyaYy];x;;;;;;;;;;;;;;;;;;;;;
nick_the_saviour;Спаситель[This.GetEndNitsa];x;;;;;;;;;;;;;;;;;;;;;
nick_the_champion_of_kingdom;Защитник земли [Prev.GetName];x;;;;;;;;;;;;;;;;;;;;;
nick_the_triumphant;Победоносн[This.GetAyaYy];x;;;;;;;;;;;;;;;;;;;;;
nick_the_emancipator;Освободитель[This.GetEndNitsa];x;;;;;;;;;;;;;;;;;;;;;
nick_the_breaker_of_chains;Разбиватель[This.GetEndNitsa] Оков;x;;;;;;;;;;;;;;;;;;;;;
nick_the_deliverer;Освободитель[This.GetEndNitsa];x;;;;;;;;;;;;;;;;;;;;;
nick_mother;Мать;x;;;;;;;;;;;;;;;;;;;;;
nick_father;Отец;x;;;;;;;;;;;;;;;;;;;;;
nick_the_iron;Железн[This.GetAyaYy];x;;;;;;;;;;;;;;;;;;;;;
nick_the_mage;Маг;x;;;;;;;;;;;;;;;;;;;;;
nick_the_enchantress;Колдун;x;;;;;;;;;;;;;;;;;;;;;
nick_the_seductress;Соблазнитель[This.GetEndNitsa];x;;;;;;;;;;;;;;;;;;;;;
nick_the_wanton;Распутн[This.GetAyaYy];x;;;;;;;;;;;;;;;;;;;;;
nick_the_loose;Свободн[This.GetAyaYy];x;;;;;;;;;;;;;;;;;;;;;
nick_the_promiscuous;Разнородн[This.GetAyaYy];x;;;;;;;;;;;;;;;;;;;;;
nick_the_unchaste;Непристjqн[This.GetAyaYy];x;;;;;;;;;;;;;;;;;;;;;
nick_the_easy;Прост[This.GetAyaOy];x;;;;;;;;;;;;;;;;;;;;;
nick_the_whore;Шлюха;x;;;;;;;;;;;;;;;;;;;;;
nick_the_charming;Очаровательн[This.GetAyaYy];x;;;;;;;;;;;;;;;;;;;;;
nick_the_captivating;Пленительн[This.GetAyaYy];x;;;;;;;;;;;;;;;;;;;;;
nick_the_luring;Манящ[This.GetAyaIy];x;;;;;;;;;;;;;;;;;;;;;
nick_the_adulterer;Прелюбодей[This.GetEndKa];x;;;;;;;;;;;;;;;;;;;;;
nick_the_rake;Распутни[This.GetTsaK];x;;;;;;;;;;;;;;;;;;;;;
nick_the_sensual;Чувственн[This.GetAyaYy];x;;;;;;;;;;;;;;;;;;;;;
nick_the_sordid;Грязн[This.GetAyaYy];x;;;;;;;;;;;;;;;;;;;;;
nick_the_belly;Пузат[This.GetAyaYy];x;;;;;;;;;;;;;;;;;;;;;
nick_the_sour;Кисл[This.GetAyaYy];x;;;;;;;;;;;;;;;;;;;;;
nick_dance_for_me;Станцуй-для-Меня;x;;;;;;;;;;;;;;;;;;;;;
nick_yellow;Жёлт[This.GetAyaYy];x;;;;;;;;;;;;;;;;;;;;;
nick_steelshanks;Железные Икры;x;;;;;;;;;;;;;;;;;;;;;
nick_longinch;Дюймов[This.GetAyaYy];x;;;;;;;;;;;;;;;;;;;;;
nick_the_lion_king;Король Лев;x;;;;;;;;;;;;;;;;;;;;;
nick_the_barbarian;Дикарь;x;;;;;;;;;;;;;;;;;;;;;
nick_the_silver;Серебрян[This.GetAyaYy];x;;;;;;;;;;;;;;;;;;;;;
nick_night_walker;Ночной Ходок;x;;;;;;;;;;;;;;;;;;;;;
nick_the_bad_apple;Гнилое Яблоко;x;;;;;;;;;;;;;;;;;;;;;
nick_the_big;Больш[This.GetAyaOy];x;;;;;;;;;;;;;;;;;;;;;
nick_blackshield;Черный Щит;x;;;;;;;;;;;;;;;;;;;;;
nick_the_smiling_knight;Улыбающийся Рыцарь;x;;;;;;;;;;;;;;;;;;;;;
nick_stripeback;Исполосованн[This.GetAyaYy];x;;;;;;;;;;;;;;;;;;;;;
nick_the_brown;Коричнев[This.GetAyaYy];x;;;;;;;;;;;;;;;;;;;;;
nick_toad;Жаба;;;;;;;;;;;;;;x;;;;;;;;
nick_greenbeard;Зеленая Борода;x;;;;;;;;;;;;;;;;;;;;;
nick_the_dynasty; [This.GetOnlyDynastyName];x;;;;;;;;;;;;;;;;;;;;;
nick_big_dynasty;Больш[This.GetAyaOy] [This.GetOnlyDynastyName];x;;;;;;;;;;;;;;;;;;;;;
nick_middle_dynasty;Средн[This.GetAyaIy] [This.GetOnlyDynastyName];x;;;;;;;;;;;;;;;;;;;;;
nick_little_dynasty;Мал[This.GetAyaYy] [This.GetOnlyDynastyName];x;;;;;;;;;;;;;;;;;;;;;
nick_wee_dynasty;Крошечн[This.GetAyaYy] [This.GetOnlyDynastyName];x;;;;;;;;;;;;;;;;;;;;;
nick_mad_dynasty;Безумн[This.GetAyaYy] [This.GetOnlyDynastyName];x;;;;;;;;;;;;;;;;;;;;;
nick_strong_dynasty;Сильн[This.GetAyaYy] [This.GetOnlyDynastyName];x;;;;;;;;;;;;;;;;;;;;;
nick_lame_dynasty;Увечн[This.GetAyaYy] [This.GetOnlyDynastyName];x;;;;;;;;;;;;;;;;;;;;;
nick_fat_dynasty;Толст[This.GetAyaYy] [This.GetOnlyDynastyName];x;;;;;;;;;;;;;;;;;;;;;
nick_wise_dynasty;Мудр[This.GetAyaYy] [This.GetOnlyDynastyName];x;;;;;;;;;;;;;;;;;;;;;
nick_bold_dynasty;Смел[This.GetAyaYy] [This.GetOnlyDynastyName];x;;;;;;;;;;;;;;;;;;;;;
nick_young_dynasty;Молод[This.GetAyaOy] [This.GetOnlyDynastyName];x;;;;;;;;;;;;;;;;;;;;;
nick_old_dynasty;Стар[This.GetAyaYy] [This.GetOnlyDynastyName];x;;;;;;;;;;;;;;;;;;;;;
nick_grey_dynasty;Сер[This.GetAyaYy] [This.GetOnlyDynastyName];x;;;;;;;;;;;;;;;;;;;;;
nick_great_dynasty;Велик[This.GetAyaIy] [This.GetOnlyDynastyName];x;;;;;;;;;;;;;;;;;;;;;
nick_black_dynasty;Чёрн[This.GetAyaYy] [This.GetOnlyDynastyName];x;;;;;;;;;;;;;;;;;;;;;
nick_bad_dynasty;Скверн[This.GetAyaYy] [This.GetOnlyDynastyName];x;;;;;;;;;;;;;;;;;;;;;
nick_rude_dynasty;Груб[This.GetAyaYy] [This.GetOnlyDynastyName];x;;;;;;;;;;;;;;;;;;;;;
nick_silver_dynasty;Серебрян[This.GetAyaYy] [This.GetOnlyDynastyName];x;;;;;;;;;;;;;;;;;;;;;
nick_good_dynasty;Добр[This.GetAyaYy] [This.GetOnlyDynastyName];x;;;;;;;;;;;;;;;;;;;;;
nick_grim_dynasty;Мрачн[This.GetAyaYy] [This.GetOnlyDynastyName];x;;;;;;;;;;;;;;;;;;;;;
nick_red_dynasty;Красн[This.GetAyaYy] [This.GetOnlyDynastyName];x;;;;;;;;;;;;;;;;;;;;;
nick_evil_dynasty;Зл[This.GetAyaOy] [This.GetOnlyDynastyName];x;;;;;;;;;;;;;;;;;;;;;
nick_sweet_dynasty;Сладк[This.GetAyaIy] [This.GetOnlyDynastyName];x;;;;;;;;;;;;;;;;;;;;;
nick_blind_dynasty;Слеп[This.GetAyaOy] [This.GetOnlyDynastyName];x;;;;;;;;;;;;;;;;;;;;;
nick_drunk_dynasty;Пьян[This.GetAyaYy] [This.GetOnlyDynastyName];x;;;;;;;;;;;;;;;;;;;;;
nick_loyal_dynasty;Верн[This.GetAyaYy] [This.GetOnlyDynastyName];x;;;;;;;;;;;;;;;;;;;;;
nick_dragon_dynasty;Дракон[This.GetAyaIy] [This.GetOnlyDynastyName];x;;;;;;;;;;;;;;;;;;;;;
nick_lazy_dynasty;Ленив[This.GetAyaYy] [This.GetOnlyDynastyName];x;;;;;;;;;;;;;;;;;;;;;
nick_wild_dynasty;Одичал[This.GetAyaYy] [This.GetOnlyDynastyName];x;;;;;;;;;;;;;;;;;;;;;
nick_giant_dynasty;Гигант [This.GetOnlyDynastyName];x;;;;;;;;;;;;;;;;;;;;;
nick_white_dynasty;Бел[This.GetAyaYy] [This.GetOnlyDynastyName];x;;;;;;;;;;;;;;;;;;;;;
nick_dark_dynasty;Тёмн[This.GetAyaYy] [This.GetOnlyDynastyName];x;;;;;;;;;;;;;;;;;;;;;
nick_the_sword_of_the_gods;Клинок Богов;x;;;;;;;;;;;;x;;;;;;;;;
nick_the_giant;Великан;x;;;;;;;;;;;;x;;;;;;;;;
nick_the_ham;Окорок;x;;;;;;;;;;;;;;;;;;;;;
nick_the_valiant;Храбрец;x;;;;;;;;;;;;;;;;;;;;;
nick_the_wasp;Оса;x;;;;;;;;;;;;;;;;;;;;;
nick_the_woodcock;Простофиля;x;;;;;;;;;;;;;;;;;;;;;
nick_the_delayer;Запоздал[This.GetAyaYy];x;;;;;;;;;;;;;;;;;;;;;
nick_the_shieldsmasher;Разрушитель[This.GetEndNitsa] щитов;x;;;;;;;;;;;;;;;;;;;;;
nick_the_scribe;Книжни[This.GetTsaK];x;;;;;;;;;;;;;;;;;;;;;
nick_of_the_golden_bowl;из Золотой Чаши;x;;;;;;;;;;;;;;;;;;;;;
nick_the_besieger;Осаждающий;x;;;;;;;;;;;;;;;;;;;;;
nick_the_elder;Стар[This.GetItsaEts];x;;;;;;;;;;;;;;;;;;;;;
nick_great_axe;Большой Топор;x;;;;;;;;;;;;;;;;;;;;;
nick_oakshanks;Дубовый стержень;x;;;;;;;;;;;;;;;;;;;;;
nick_the_glutton;Обжора;x;;;;;;;;;;;;;;;;;;;;;
nick_the_tanglebeard;Борода Клубком;x;;;;;;;;;;;;;;;;;;;;;
nick_the_tangletongue;Язык Клубком;x;;;;;;;;;;;;;;;;;;;;;
nick_the_black_shepherd;Чёрная овчарка;x;;;;;;;;;;;;;;;;;;;;;
nick_sheepstealer;Овцекрад;x;;;;;;;;;;;;;;;;;;;;;
nick_bloodless;из Бескровных людей;x;;;;;;;;;;;;;;;;;;;;;
nick_lefthand;Левша;x;;;;;;;;;;;;;;;;;;;;;
nick_the_little;Мал[This.GetAyaYy];x;;;;;;;;;;;;;;;;;;;;;
nick_pinchface;Лицещип;x;;;;;;;;;;;;;;;;;;;;;
nick_the_limper;Хром[This.GetAyaOy];x;;;;;;;;;;;;;;;;;;;;;
nick_the_shepherd;Пастух;x;;;;;;;;;;;;;;;;;;;;;
nick_freeborn;Вольн[This.GetAyaYy];x;;;;;;;;;;;;;;;;;;;;;
nick_salt_beard;Солёнобород[This.GetAyaYy];x;;;;;;;;;;;;;;;;;;;;;
nick_browntooth;Бурый Зуб;x;;;;;;;;;;;;;;;;;;;;;
nick_stonehand;Каменная Рука;x;;;;;;;;;;;;;;;;;;;;;
nick_the_thrall;Невольни[This.GetTsaK];x;;;;;;;;;;;;;;;;;;;;;
nick_red_oarsman;Рыжий Гребец;x;;;;;;;;;;;;;;;;;;;;;
nick_half_hoare;Поседелый;x;;;;;;;;;;;;;;;;;;;;;
nick_sourmouth;Кислорот;x;;;;;;;;;;;;;;;;;;;;;
nick_the_stinger;Жало;x;;;;;;;;;;;;;;;;;;;;;
nick_the_penniless;Бессребрени[This.GetTsaK];x;;;;;;;;;;;;;;;;;;;;;
nick_the_young_falcon;Молодой Сокол;;;;;;;;;;;;;;;;;;;;;;
nick_the_harelip;the Заячья Губа;;;;;;;;;;;;;x;;;;;;;;;
nick_iron_banger;Железноступ;;;;;;;;;;;;;x;;;;;;;;;
nick_the_snail;Улитка;;;;;;;;;;;;;x;;;;;;;;;
nick_the_keg_o_ale;Бочонок Эля;;;;;;;;;;;;;x;;;;;;;;;
nick_the_strummer;Бренчальщик;;;;;;;;;;;;;x;;;;;;;;;
nick_the_uncrowned;Некоронованн[This.GetAyaYy];;;;;;;;;;;;;x;;;;;;;;;
nick_the_mad_bard;Безумный Бард;;;;;;;;;;;;;x;;;;;;;;;
nick_the_oldfather;Старый отец;;;;;;;;;;;;;x;;;;;;;;;
nick_the_dread;Ужас;;;;;;;;;;;;;x;;;;;;;;;
nick_the_spring_prince;Весенний принц;;;;;;;;;;;;;x;;;;;;;;;
nick_the_winter_child;Зимнее дитя;;;;;;;;;;;;;x;;;;;;;;;
nick_the_yellow_prefix;Желт[This.GetAyaYy];;;;;;;;;;;;;x;;;;;;;;;
nick_the_red_prefix;Красн[This.GetAyaYy];;;;;;;;;;;;;x;;;;;;;;;
nick_the_black_prefix;Черн[This.GetAyaYy];;;;;;;;;;;;;x;;;;;;;;;
nick_bloodless_prefix;Бескровн[This.GetAyaYy];;;;;;;;;;;;;x;;;;;;;;;
nick_lefthand_prefix;Левша;;;;;;;;;;;;;x;;;;;;;;;
nick_the_scrapesword;Разящий Меч;;;;;;;;;;;;;x;;;;;;;;;
nick_the_halfwild;Полукровка;;;;;;;;;;;;;x;;;;;;;;;
nick_the_onion_lord;Луковый Лорд;;;;;;;;;;;;;x;;;;;;;;;
nick_the_sweetling;Сладкий;;;;;;;;;;;;;x;;;;;;;;;
nick_the_catamite;Катамит;;;;;;;;;;;;;x;;;;;;;;;
nick_the_brindled_butcher;Пятнистый Мясник;;;;;;;;;;;;;x;;;;;;;;;
nick_the_she_snake;Змея;;;;;;;;;;;;;x;;;;;;;;;
nick_fyre;Пламя;;;;;;;;;;;;;x
