stillborn;Мертворожденн[_ый];x;;;;;;;;;;;;;
stillborn_desc;Этот ребенок родился мертвым.;x;;;;;;;;;;;;;
stillborn_death;мертворожденн[_ый];x;;;;;;;;;;;;;
EVTOPTB400;Нужно попросить для кое-кого Лунного Чая.;x;;;;;;;;;;;;;
TOOLTIPSTILLBIRTH;Нужно спросить;x;;;;;;;;;;;;;
EVTOPTA402;Я полагаю, что пришло время рассказать правду об этом романе.;x;;;;;;;;;;;;;
EVTOPTC402;Возможно, но [Root.Spouse.GetFirstName] не знает, что…;x;;;;;;;;;;;;;
EVTTOOLTIP404;Вы рассказываете персонажу [This.GetFirstName] о вашем романе;x;;;;;;;;;;;;;
EVTTOOLTIP40499;Вы признаетесь персонажу [This.GetFirstName] о вашей измене;x;;;;;;;;;;;;;
EVTDESC40499;Сначала вы были вне себя от радости, узнав, что [From.GetFirstName] беременна, но эта радость сменилась яростью, после того как она призналась, что не вы отец ребенка.;x;;;;;;;;;;;;;
EVTOPTA40499;Это дело будет рассмотрено;x;;;;;;;;;;;;;
EVTTOOLTIP405;Ваш[This.GetEndA] возлюбленн[This.GetAyaYy] [This.GetFirstName] реагирует на вашу исповедь.;x;;;;;;;;;;;;;
EVTDESC405;Придя ко двору, вы видите, что [From.Spouse.GetTitledFirstName] смеривает вас холодным взглядом. Сначала вы ничего не подозреваете, но, прислушавшись к тому, о чем говорят при дворе, вы всё поняли. Всем стало известно, что [From.GetFirstName] беременна. Хуже того, все знают, что вы - отец ребенка! Она призналась в любовной связи с вами!;x;;;;;;;;;;;;;
EVTOPTA405;Эта вероломная шлюха!;x;;;;;;;;;;;;;
EVTOPTB405;Я полагаю, у нее не было выбора…;x;;;;;;;;;;;;;
EVTDESC406;[From.GetFirstName] утверждает, что она понесла ребенка от вас в вашу последнюю ночь любви, но выпила лунный Чай, чтобы прервать беременность и предотвратить скандал.;x;;;;;;;;;;;;;
EVTDESC406B;Ваша [From.GetRootRelation] [From.GetFirstName] говорит, что беременность вашим незаконным ребенком оказалась трудной, поэтому она выпьет лунный чай, чтобы предотвратить какие-либо осложнения.;x;;;;;;;;;;;;;
EVTOPTA406;По крайней мере, эта тайна будет сохранена.;x;;;;;;;;;;;;;
EVTDESC407;[From.GetFirstName] утверждает, что она понесла ребенка от вас в вашу последнюю ночь любви, но планирует выдать ребенка за законнорожденного от ее мужа.;x;;;;;;;;;;;;;
EVTOPTA407;По крайней мере, эта тайна будет сохранена.;x;;;;;;;;;;;;;
EVTDESC381;Это была долгая ночь - в конце концов, закончившаяся ничем. Малыш[From.GetEndKa] [From.GetFirstName] не прожил[From.GetEndA] и дня.;x;;;;;;;;;;;;;
EVTOPTA381;У меня нет слов...;x;;;;;;;;;;;;;
EVTOPTA381B;Сработало как и планировалось;x;;;;;;;;;;;;;
EVTOPTB381;Я подозреваю всех акушерок и кормилиц!;x;;;;;;;;;;;;;
TOOLTIP381CRUEL;Вы замучили на допросе всех акушерок и кормилиц с их семьями\n;x;;;;;;;;;;;;;
EVTDESC382;Мы были встревожены новостями из города [From.Capital.GetName], где совершил преступление ваш [GetFromRelation] - [From.GetTitledFirstName]. Видимо, [FromFrom.Mother.GetTitledFirstName] родила ему мертвого ребенка. Это и вызвало его страшный гнев, который он направил на повитух и кормилиц.;x;;;;;;;;;;;;;
EVTOPTA382;Он сумасшедший!;x;;;;;;;;;;;;;
plot_investigate_legitimacy_title;Расследовать законнорожденность персонажа [This.GetTitledFirstName].;x;;;;;;;;;;;;;
plot_investigate_legitimacy_desc;[From.GetTitledFirstName] подозревает, что [This.Father.GetTitledFirstName] не может быть настоящим отцом персонажа [This.GetTitledFirstName] и намеревается доказать это...;x;;;;;;;;;;;;;
EVTDESCPIL0;[Root.PlotTarget.GetTitledFirstName] был[Root.PlotTarget.GetEndA] объектом вашего пристального внимания некоторое время, и ваши подозрения начали подтверждаться. [Root.PlotTarget.GetSheHeCap] настолько отличается от своего предполагаемого отца... Как мог [Root.PlotTarget.GetSheHe] оказаться его ребенком?;x;;;;;;;;;;;;;
EVTDESCPIL0B;[Root.PlotTarget.GetTitledFirstName] был[Root.PlotTarget.GetEndA] объектом вашего пристального внимания в течение некоторого времени и, после обращения к книге династий, Вы укрепились в своих подозрениях. [Root.PlotTarget.GetSheHeCap] кажется настолько отличным от своего предполагаемого отца. Как [Root.PlotTarget.GetSheHe] может быть его ребенком?;x;;;;;;;;;;;;;
EVTOPTAPIL0;Это сильное семя...;x;;;;;;;;;;;;;
EVTDESCPIL1;Вы пристально наблюдали за объектом вашего расследования, чтобы подтвердить свои подозрения. Вы не находите сходства с предполагаемым отцом.;x;;;;;;;;;;;;;
EVTDESCPIL1B;Вы тщательно следите за субъектом своего расследования и, после обращения к книге династий, вы утвердились в своих подозрениях. Они, кажется, не похожи на их предполагаемого отца.;x;;;;;;;;;;;;;
EVTOPTAPIL1;Это сильное семя...;x;;;;;;;;;;;;;
EVTTOOLTIPPIL1;полностью отсутствуют отцовские признаки.;x;;;;;;;;;;;;;
EVTTOOLTIPPIL2;хотят знать, что вы узнали.;x;;;;;;;;;;;;;
EVTDESCPIL2;[From.GetTitledFirstName] приходит к вам с результатами расследования. [From.GetSheHeCap] указывает, что [Root.PlotTarget.GetTitledFirstName] имеет недостаток отличительных особенностей своего предполагаемого отца.;x;;;;;;;;;;;;;
EVTOPTAPIL2;Это сильное семя...;x;;;;;;;;;;;;;
EVTDESCPIL3;[Root.PlotTarget.GetTitledFirstName] был[Root.PlotTarget.GetEndA] объектом вашего пристального внимания некоторое время, и Вы подтверждаете свои подозрения. Некоторые черты [Root.PlotTarget.GetSheHe] не мог[Root.PlotTarget.GetNoneE] получить от матери и уж тем более от своего 'отца'. Так откуда это взялось?;x;;;;;;;;;;;;;
EVTDESCPIL3B;[Root.PlotTarget.GetTitledFirstName] был[Root.PlotTarget.GetEndA] объектом вашего пристального внимания некоторое время, и после обращения к книге династий, Вы утвердились в своих подозрениях. Что-то не складывается - [Root.PlotTarget.GetSheHe] пош[Root.PlotTarget.GetLaYol] не в свою мать, и [Root.PlotTarget.GetSheHe] НЕСОМНЕННО не от своего 'отца'. Чей же это ребенок?;x;;;;;;;;;;;;;
EVTOPTAPIL3;Это сильное семя...;x;;;;;;;;;;;;;
EVTDESCPIL4;Вы пристально наблюдали за объектом вашего расследования, чтобы подтвердить свои подозрения. Что-то не складывается. Эти признаки не могли быть унаследованы от матери и тем более от 'отца'. В чем же тут дело?;x;;;;;;;;;;;;;
EVTDESCPIL4B;Вы наблюдали за предметом своего расследования и, после обращения к книге династий, утвердились в своих подозрениях. Что-то не складывается - они не получили черт своей матери, и они НЕСОМНЕННО не от 'отца'. Чей же это ребенок?;x;;;;;;;;;;;;;
EVTOPTAPIL4;Это сильное семя...;x;;;;;;;;;;;;;
EVTTOOLTIPPIL4;кажется, отличается и от своих родителей.\n;x;;;;;;;;;;;;;
EVTTOOLTIPPIL5;захотят знать, что вы узнали.;x;;;;;;;;;;;;;
EVTDESCPIL5;[From.GetTitledFirstName] приходит к вам с результатами расследования. [From.GetSheHeCap] отмечает, что [Root.PlotTarget.GetTitledFirstName] имеет отличительные особенности, которые не принадлежат [Root.PlotTarget.GetHerHis] матери или [Root.PlotTarget.GerHerHis] предполагаемому отцу.;x;;;;;;;;;;;;;
EVTOPTAPIL5;Это сильное семя...;x;;;;;;;;;;;;;
EVTDESCPIL6;[Root.PlotTarget.GetTitledFirstName] был[Root.PlotTarget.GetEndA] объектом вашего пристального внимания некоторое время. [Root.PlotTarget.GetSheHeCap] не выглядит, как [Root.PlotTarget.GetHerHis] так называемый отец. Как вы раньше этого не замечали?;x;;;;;;;;;;;;;
EVTDESCPIL6B;[Root.PlotTarget.GetTitledFirstName] был[Root.PlotTarget.GetEndA] объектом вашего пристального внимания некоторое время, и после обращения к книге династий, Вы утвердились в своих подозрениях. Разумеется, все это кажется очевидным. [Root.PlotTarget.GetSheHeCap] НЕ похож[Root.PlotTarget.GetEndA] на своего предполагаемого отца. Как же это не замечалось раньше?;x;;;;;;;;;;;;;
EVTOPTAPIL6;Это сильное семя...;x;;;;;;;;;;;;;
EVTDESCPIL7;Вы продолжаете расследование и подтверждаете свои опасения. Они с отцом даже не похожи. И как вы раньше этого не замечали?;x;;;;;;;;;;;;;
EVTDESCPIL7B;Вы внимательно следили за предметом своего расследования и, после обращения к книге династий, вы утвердились в своих подозрениях. Разумеется, все это кажется совершенно очевидным. Они не похожи их предполагаемого отца. Как же это не замечалось раньше?;x;;;;;;;;;;;;;
EVTOPTAPIL7;Это сильное семя...;x;;;;;;;;;;;;;
EVTTOOLTIPPIL7;[This.GetHerHisCap] черты совсем не похожи на черты отца!\n;x;;;;;;;;;;;;;
EVTTOOLTIPPIL8;хочет знать, что вы узнали.;x;;;;;;;;;;;;;
EVTDESCPIL8;[From.GetTitledFirstName] приходит к вам с результатами расследования. [From.GetSheHeCap] отмечает, что [Root.PlotTarget.GetTitledFirstName] выглядит совсем не похоже на своего предполагаемого отца! Конечно! Это теперь так очевидно!;x;;;;;;;;;;;;;
EVTOPTAPIL8;Это сильное семя...;x;;;;;;;;;;;;;
EVTDESCPIL9;[Root.PlotTarget.GetTitledFirstName] был[Root.PlotTarget.GetEndA] объектом вашего пристального внимания некоторое время, и ваши подозрения начали подтверждаться. Копаясь в старых записях, вы нашли письмо, которое писал [Root.PlotTarget.Father.GetTitledFirstName], а адресатом была [Root.PlotTarget.Mother.GetTitledFirstName], за шесть месяцев до рождения ребёнка! Как может [Root.PlotTarget.Father.GetFirstName] быть [Root.PlotTarget.GetHerHis] настоящим отцом, если он был в отъезде, когда [Root.PlotTarget.GetSheHe] был[Root.PlotTarget.GetEndA] зачат[Root.PlotTarget.GetEndA]?;x;;;;;;;;;;;;;
EVTOPTAPIL9;Очень подозрительно, в самом деле!;x;;;;;;;;;;;;;
EVTDESCPIL10;При проведении вашего расследования вы обнаружили некоторые старые письма, адресованные отцом субъекта на имя матери, написанные за шесть месяцев до его рождения! Какое странное совпадение.;x;;;;;;;;;;;;;
EVTOPTAPIL10;Очень, очень подозрительно!;x;;;;;;;;;;;;;
EVTTOOLTIPPIL10;зачатие при загадочных обстоятельствах.\n;x;;;;;;;;;;;;;
EVTTOOLTIPPIL11;хочет знать, что вы узнали.;x;;;;;;;;;;;;;
EVTDESCPIL11;[From.GetTitledFirstName] приходит к вам с результатами расследования. [From.GetSheHeCap] утверждает, что обнаружил[From.GetEndA] старое письмо, которое написал [Root.PlotTarget.Father.GetTitledFirstName], отправленное на имя [Root.PlotTarget.Mother.GetTitledFirstName] за шесть месяцев до рождения ребёнка [Root.PlotTarget.GetFirstName]!  Это письмо отображает обстоятельства [Root.PlotTarget.GetHerHis] зачатия в совершенно новом свете.;x;;;;;;;;;;;;;
EVTOPTAPIL11;Очень подозрительно, в самом деле!;x;;;;;;;;;;;;;
pil_fabricate_conception_decision_1;Сфабриковать доказательства незаконнорожденности;x;;;;;;;;;;;;;
pil_fabricate_conception_decision_1_desc;Ваше расследование идет не так быстро, как вам бы хотелось. Возможно, немного фальсификации может ускорить процесс. Конечно, тот, кто способен видеть истину, никогда не поверит в то, что вам, возможно, придется сказать.;x;;;;;;;;;;;;;
pil_fabricate_conception_decision_2;Сфабриковать доказательства незаконнорожденности;x;;;;;;;;;;;;;
pil_fabricate_conception_decision_2_desc;Ваше расследование идет не так быстро, как вам бы хотелось. Возможно, немного фальсификации может ускорить процесс. Конечно, тот, кто способен видеть истину, никогда не поверит в то, что вам, возможно, придется сказать.;x;;;;;;;;;;;;;
pil_fabricate_conception_decision_3;Сфабриковать доказательства незаконнорожденности;x;;;;;;;;;;;;;
pil_fabricate_conception_decision_3_desc;Ваше расследование идет не так быстро, как вам бы хотелось. Возможно, немного фальсификации может ускорить процесс. Конечно, тот, кто способен видеть истину, никогда не поверит в то, что вам, возможно, придется сказать.;x;;;;;;;;;;;;;
pil_fabricate_conception_decision_4;Сфабриковать доказательства незаконнорожденности;x;;;;;;;;;;;;;
pil_fabricate_conception_decision_4_desc;Ваше расследование идет не так быстро, как вам бы хотелось. Возможно, немного фальсификации может ускорить процесс. Конечно, тот, кто способен видеть истину, никогда не поверит в то, что вам, возможно, придется сказать.;x;;;;;;;;;;;;;
pil_fabricate_conception_decision_5;Сфабриковать доказательства незаконнорожденности;x;;;;;;;;;;;;;
pil_fabricate_conception_decision_5_desc;Ваше расследование идет не так быстро, как вам бы хотелось. Возможно, немного фальсификации может ускорить процесс. Конечно, тот, кто способен видеть истину, никогда не поверит в то, что вам, возможно, придется сказать.;x;;;;;;;;;;;;;
EVTDESCPIL12;Потребовалось много усилий и бессонная ночь, но в конце концов у вас получилось! Поддельное письмо, которое якобы написал [Root.PlotTarget.Father.GetTitledFirstName] на имя [Root.PlotTarget.Mother.GetTitledFirstName] и датированное за шесть месяцев до рождения ребёнка [Root.PlotTarget.GetFirstName]. Однако вы понятия не имеете, пройдет ли оно тщательную проверку.;x;;;;;;;;;;;;;
EVTOPTAPIL12;Я могу только надеяться, что мы были достаточно тщательны.;x;;;;;;;;;;;;;
EVTDESCPIL14;Вы видите иногда видения в своих снах. Они называют это Зелеными Снами, древней магией Детей Леса. И на этот раз у видения есть только одна возможная интерпретация. Теперь вы в этом уверены. [Root.PlotTarget.GetTitledFirstName] и [Root.PlotTarget.Father.GetFirstName] не имеют детей.;x;;;;;;;;;;;;;
EVTOPTAPIL14;Кто может в это поверить?;x;;;;;;;;;;;;;
EVTDESCPIL15;Вы видите иногда видения в своих снах. Они называют это Зелеными Снами, древней магией Детей Леса. И на этот раз у видения есть только одна возможная интерпретация. Теперь вы в этом уверены.;x;;;;;;;;;;;;;
EVTOPTAPIL15;Кто может в это поверить?;x;;;;;;;;;;;;;
EVTTOOLTIPPIL15;Это не ребенок человека [This.Father.GetFirstName].;x;;;;;;;;;;;;;
EVTTOOLTIPPIL16;должны услышать это!;x;;;;;;;;;;;;;
EVTDESCPIL16;Взбудораженн[From.GetAyaYy] [From.GetTitledFirstName] приходит к вам ночью. [From.GetSheHeCap] утверждает, что видел[From.GetEndA] доказательства незаконнорожденности ребёнка [Root.PlotTarget.GetFirstName] в своих Снах. Вы не совсем уверены, стоит верить [From.GetHerHim] или же нет. Но вы думаете, что эти доказательства не повредят.;x;;;;;;;;;;;;;
EVTOPTAPIL16;По крайней мере, это лучше, чем ничего.;x;;;;;;;;;;;;;
pil_fabricate_dreams_decision_1;Создать ложный Зеленый Сон;x;;;;;;;;;;;;;
pil_fabricate_dreams_decision_1_desc;Иногда у вас бывают видения пока вы спите - они называются Зеленые Сны. Вы не уверены в том, что они означают, но, возможно, вы могли бы заявить, что видели доказательство незаконнорожденности ребёнка [Root.PlotTarget.GetTitledFirstName]. Несомненно, вам придется придумать правдоподобное видение.;x;;;;;;;;;;;;;
pil_fabricate_dreams_decision_2;Создать ложный Зеленый Сон;x;;;;;;;;;;;;;
pil_fabricate_dreams_decision_2_desc;Иногда у вас бывают видения пока вы спите - они называются Зеленые Сны. Вы не уверены в том, что они означают, но, возможно, вы могли бы заявить, что видели доказательство незаконнорожденности ребёнка [Root.PlotTarget.GetTitledFirstName]. Несомненно, вам придется придумать правдоподобное видение.;x;;;;;;;;;;;;;
pil_fabricate_dreams_decision_3;Создать ложный Зеленый Сон;x;;;;;;;;;;;;;
pil_fabricate_dreams_decision_3_desc;Иногда у вас бывают видения пока вы спите - они называются Зеленые Сны. Вы не уверены в том, что они означают, но, возможно, вы могли бы заявить, что видели доказательство незаконнорожденности ребёнка [Root.PlotTarget.GetTitledFirstName]. Несомненно, вам придется придумать правдоподобное видение.;x;;;;;;;;;;;;;
pil_fabricate_dreams_decision_4;Создать ложный Зеленый Сон;x;;;;;;;;;;;;;
pil_fabricate_dreams_decision_4_desc;Иногда у вас бывают видения пока вы спите - они называются Зеленые Сны. Вы не уверены в том, что они означают, но, возможно, вы могли бы заявить, что видели доказательство незаконнорожденности ребёнка [Root.PlotTarget.GetTitledFirstName]. Несомненно, вам придется придумать правдоподобное видение.;x;;;;;;;;;;;;;
pil_fabricate_dreams_decision_5;Создать ложный Зеленый Сон;x;;;;;;;;;;;;;
pil_fabricate_dreams_decision_5_desc;Иногда у вас бывают видения пока вы спите - они называются Зеленые Сны. Вы не уверены в том, что они означают, но, возможно, вы могли бы заявить, что видели доказательство незаконнорожденности ребёнка [Root.PlotTarget.GetTitledFirstName]. Несомненно, вам придется придумать правдоподобное видение.;x;;;;;;;;;;;;;
pil_fabricate_dreams_backer_decision;Создать ложный Зеленый Сон;x;;;;;;;;;;;;;
pil_fabricate_dreams_backer_decision_desc;Ваше расследование идет слишком медленно на ваш взгляд, и вам хотелось бы его немного ускорить. Один из ваших соратников утверждает, что видит прошлое и грядущее в своих снах. Возможно, он мог бы заявить, что узрел в видениях правду происхождения ребёнка [Root.PlotTarget.GetTitledFirstName].;x;;;;;;;;;;;;;
EVTDESCPIL17;После бессонной ночи, которую можно было бы потратить на РЕАЛЬНЫЕ сны, вы закончили с описанием поддельного Зеленого Сна. По крайней мере вам кажется, что есть только одна возможная интерпретация Сна, но полной уверенности в этом быть не может.;x;;;;;;;;;;;;;
EVTOPTAPIL17;Это придется делать.;x;;;;;;;;;;;;;
EVTDESCPIL19;Вы приняли решение. Пришло время использовать Зеленые Сны для своей пользы. И если они не будут говорить то, что вам нужно, вы скажете это за них.;x;;;;;;;;;;;;;
EVTOPTAPIL19;Итак, где же наш самопровозглашенный провидец?;x;;;;;;;;;;;;;
EVTTOOLTIPPIL20;будет запрошена помощь в создании ложного Зеленого Сна.;x;;;;;;;;;;;;;
EVTDESCPIL20;[From.GetTitledFirstName] приходит к вам с предложением. Следствие, похоже, не продвигается так быстро, как [From.GetSheHe] хотел[From.GetEndA] бы видеть. [From.GetSheHe] хочет, чтобы вы нашли способ ускорить его немного - может быть, заявляя, что это было одним из ваших видений, даже если это не так. Кто может узнать, в конце концов?;x;;;;;;;;;;;;;
EVTOPTAPIL20;Я полагаю, что это хороший план.;x;;;;;;;;;;;;;
EVTOPTBPIL20;КАК ТЫ СМЕЕШЬ предположить такое богохульство?;x;;;;;;;;;;;;;
EVTDESCPIL21;Вы приятно удивлены, увидев, что [From.GetTitledFirstName] соглас[From.GetNaEn] на ваше предложение. Конечно, видящий - только часть плана. Вы также должны придумать правдоподобное видение, и это может быть немного сложнее. Вы будете нуждаться в любой помощи, которую сможете получить.;x;;;;;;;;;;;;;
EVTOPTAPIL21;Я думаю, мы справимся с этим.;x;;;;;;;;;;;;;
EVTOPTBPIL21;На секунду подумал[GetEndA], что, может быть, мы еще не готовы..;x;;;;;;;;;;;;;
EVTDESCPIL22;Как только вы сделали ваше предложение, [From.GetFirstName] приходит в ярость, требуя, чтобы вы никогда впредь не говорили такие кощунственные слова в [From.GetHerHis] присутствии. Вы изгнаны из комнаты и вынуждены зализывать свои душевные раны в коридоре.;x;;;;;;;;;;;;;
EVTOPTAPIL22;…что же, это не сработало.;x;;;;;;;;;;;;;
EVTDESCPIL23;Р'Глор говорил с вами! Вы видели это в пламени! Теперь вы уверены в том, что [Root.PlotTarget.Father.GetFirstName] - не отец ребёнка [Root.PlotTarget.GetTitledFirstName].;x;;;;;;;;;;;;;
EVTOPTAPIL23;Кто может в это поверить?;x;;;;;;;;;;;;;
EVTDESCPIL24;Теперь вы в этом уверены. Вы видели это в огне, в видении посланном Владыкой Света. В умах верующих нет места сомнению!;x;;;;;;;;;;;;;
EVTOPTAPIL24;Кто может в это поверить?;x;;;;;;;;;;;;;
EVTTOOLTIPPIL24;не ребенок персонажа [This.Father.GetFirstName].;x;;;;;;;;;;;;;
EVTTOOLTIPPIL25;должны услышать это!;x;;;;;;;;;;;;;
EVTDESCPIL25;[From.GetTitledFirstName] приходит к вам с новостями о расследовании. [From.GetSheHeCap] утверждает, что видел[From.GetEndA] в пламени знак от Р'Глора, доказывающий, вне всякого сомнения, что [Root.PlotTarget.Father.GetFirstName] - не настоящий отец ребёнка [Root.PlotTarget.GetTitledFirstName]. Вы не уверены, стоит ли вы верить [From.GetHerHim], но слово Бога точно не повредит вашему делу.;x;;;;;;;;;;;;;
EVTOPTAPIL25;Кто может в это поверить?;x;;;;;;;;;;;;;
pil_fabricate_visions_decision_1;Создать ложное видение;x;;;;;;;;;;;;;
pil_fabricate_visions_decision_1_desc;Вы часто видите в огне видения, посланные вам Владыкой Света, но в последнее время они не были настолько ясными, как вы расчитывали. Возможно, вы могли утверждать, что видели доказательство незаконнорожденности [Root.PlotTarget.GetFirstName] в своих видениях. Конечно, вы должны придумать правдоподобную концепцию, чтобы объяснить это.;x;;;;;;;;;;;;;
pil_fabricate_visions_decision_2;Создать ложное видение;x;;;;;;;;;;;;;
pil_fabricate_visions_decision_2_desc;Вы часто видите в огне видения, посланные вам Владыкой Света, но в последнее время они не были настолько ясными, как вы расчитывали. Возможно, вы могли утверждать, что видели доказательство незаконнорожденности [Root.PlotTarget.GetFirstName] в своих видениях. Конечно, вы должны придумать правдоподобную концепцию, чтобы объяснить это.;x;;;;;;;;;;;;;
pil_fabricate_visions_decision_3;Создать ложное видение;x;;;;;;;;;;;;;
pil_fabricate_visions_decision_3_desc;Вы часто видите в огне видения, посланные вам Владыкой Света, но в последнее время они не были настолько ясными, как вы расчитывали. Возможно, вы могли утверждать, что видели доказательство незаконнорожденности [Root.PlotTarget.GetFirstName] в своих видениях. Конечно, вы должны придумать правдоподобную концепцию, чтобы объяснить это.;x;;;;;;;;;;;;;
pil_fabricate_visions_decision_4;Создать ложное видение;x;;;;;;;;;;;;;
pil_fabricate_visions_decision_4_desc;Вы часто видите в огне видения, посланные вам Владыкой Света, но в последнее время они не были настолько ясными, как вы расчитывали. Возможно, вы могли утверждать, что видели доказательство незаконнорожденности [Root.PlotTarget.GetFirstName] в своих видениях. Конечно, вы должны придумать правдоподобную концепцию, чтобы объяснить это.;x;;;;;;;;;;;;;
pil_fabricate_visions_decision_5;Создать ложное видение;x;;;;;;;;;;;;;
pil_fabricate_visions_decision_5_desc;Вы часто видите в огне видения, посланные вам Владыкой Света, но в последнее время они не были настолько ясными, как вы расчитывали. Возможно, вы могли утверждать, что видели доказательство незаконнорожденности [Root.PlotTarget.GetFirstName] в своих видениях. Конечно, вы должны придумать правдоподобную концепцию, чтобы объяснить это.;x;;;;;;;;;;;;;
pil_fabricate_visions_backer_decision;Создать ложное видение;x;;;;;;;;;;;;;
pil_fabricate_visions_backer_decision_desc;Ваше расследование идет не так быстро, как вы надеялись. Вы знаете, что один из ваших соратников является красным жрецом, и что он заявляет будто способен видеть будущее в пламени. Может быть, вы могли бы убедить его увидеть доказательства незаконнороженности ребёнка [Root.PlotTarget.GetTitledFirstName]?;x;;;;;;;;;;;;;
EVTDESCPIL26;После бессонной ночи у вас наконец получилось. История вышла совершенной: образность, метафоричность и кристальная чистота, не терпящие других возможных интерпретаций. По крайней мере вы так думаете.;x;;;;;;;;;;;;;
EVTOPTAPIL26;Это придется делать.;x;;;;;;;;;;;;;
EVTDESCPIL28;Вы приняли решение. Пришло время использовать Владыку Света для своей пользы. И если он не будет говорить то, что вам нужно, вы скажете это за него.;x;;;;;;;;;;;;;
EVTOPTAPIL28;Итак, где же этот священник?;x;;;;;;;;;;;;;
EVTTOOLTIPPIL29;будет запрошена помощь в создании ложного Видения.;x;;;;;;;;;;;;;
EVTDESCPIL29;[From.GetTitledFirstName] приходит к вам с предложением. Следствие, похоже, не продвигается так быстро, как [From.GetSheHe] хотел[From.GetEndA] бы видеть. [From.GetSheHe] хочет, чтобы вы нашли способ ускорить его немного - может быть, заявляя, что это было одним из ваших видений, даже если это не так. Кто может узнать, в конце концов?;x;;;;;;;;;;;;;
EVTOPTAPIL29;Я полагаю, что это хороший план.;x;;;;;;;;;;;;;
EVTOPTBPIL29;КАК ТЫ СМЕЕШЬ предположить такое богохульство?;x;;;;;;;;;;;;;
EVTDESCPIL30;Вы приятно удивлены, увидев, что [From.GetTitledFirstName] соглас[From.GetNaEn] на ваше предложение. Конечно, жрец - только часть плана. Вы также должны придумать правдоподобное видение, и это может быть немного сложнее. Вы будете нуждаться в любой помощи, которую сможете получить.;x;;;;;;;;;;;;;
EVTOPTAPIL30;Я думаю, мы можем с этим справиться.;x;;;;;;;;;;;;;
EVTOPTBPIL30;На секунду подумал, что, может быть, мы еще не готовы.;x;;;;;;;;;;;;;
EVTDESCPIL31;Как только вы сделали ваше предложение, [From.GetFirstName] приходит в ярость, требуя, чтобы вы никогда впредь не говорили такие кощунственные слова в [From.GetHerHis] присутствии. Вы изгнаны из комнаты и вынуждены зализывать свои душевные раны в коридоре.;x;;;;;;;;;;;;;
EVTOPTAPIL31;…что же, это не сработало.;x;;;;;;;;;;;;;
EVTDESCPIL32;Проводя ваше расследование происхождения ребёнка [Root.PlotTarget.GetTitledFirstName], вы уделили пристальное внимание [Root.PlotTarget.GetHerHis] матери. [Root.PlotTarget.Mother.GetTitledFirstName] стала целью вашей слежки ночью, а затем узнали, что у она и [Root.PlotTarget.Mother.Lover.GetTitledFirstName] имеют любовную связь.;x;;;;;;;;;;;;;
EVTOPTAPIL32;Я думаю, что [Root.PlotTarget.GetFirstName] только что обрел[Root.PlotTarget.GetEndA] настоящего отца.;x;;;;;;;;;;;;;
EVTDESCPIL33;Проводя ваше расследование, вы уделили пристальное внимание матери объекта. Прошлой ночью вы проследили за ней, и обнаружили, что у нее была тайная встреча с человеком, который явно не является ее мужем.;x;;;;;;;;;;;;;
EVTOPTAPIL33;Просто, как мы и думали.;x;;;;;;;;;;;;;
EVTTOOLTIPPIL33;может быть настоящим отцом;x;;;;;;;;;;;;;
EVTTOOLTIPPIL34;хотите, чтобы об этом узнали;x;;;;;;;;;;;;;
EVTDESCPIL34;[From.GetTitledFirstName] приходит к вам с результатами расследования. Очевидно, [From.GetSheHe] узнал[From.GetEndA], что [Root.PlotTarget.Mother.GetTitledFirstName] и [Root.PlotTarget.Mother.Lover.GetTitledFirstName] спали вместе.;x;;;;;;;;;;;;;
EVTOPTAPIL34;Я полагаю, что только что [Root.PlotTarget.GetFirstName] обрел[Root.PlotTarget.GetEndA] настоящего отца.;x;;;;;;;;;;;;;
EVTDESCPIL35;Вам стало известно, что [Root.PlotTarget.Mother.GetTitledFirstName] закончила роман. Она рассталась со своим любовником. Это конечно же не имеет никакого отношения к правде происхождения её ребёнка [Root.PlotTarget.GetTitledFirstName], но может существенно затруднить поиск доказательств.;x;;;;;;;;;;;;;
EVTOPTAPIL35;Это досадная, но незначительная неудача.;x;;;;;;;;;;;;;
HASEVIDENCE;Есть доказательства\n;x;;;;;;;;;;;;;
pil_confront_father;Предъявить доказательства персонажу [Root.PlotTarget.Father.GetTitledFirstName];x;;;;;;;;;;;;;
pil_confront_father_desc;Час настал. Вы тщательно собрали все свои доказательства, и вот пришло время открыть истину. [Root.PlotTarget.Father.GetFirstName] должен знать правду рождения о ребёнке [Root.PlotTarget.GetFirstName].;x;;;;;;;;;;;;;
EVTDESCPIL100;Вы еще раз тщательно перепроверили доказательства, убедившись, что ничего не упустили. Вместе со своими соратниками вы намерены встретиться с персонажем [Root.PlotTarget.Father.GetTitledFirstName].;x;;;;;;;;;;;;;
EVTOPTAPIL100;Так или иначе, правда выйдет наружу.;x;;;;;;;;;;;;;
EVTTOOLTIPPIL100;реагирует;x;;;;;;;;;;;;;
EVTDESCPIL101;Присутствуя при дворе вашего отца, вы были удивлены, услышав, что прибыл[From.GetEndA] [From.GetTitledFirstName] с небольшой группой сопровождения. Еще больше вас удивили их намерения. Они уверены, что [Root.Father.GetFirstName] - не ваш отец, и собираются предъявить доказательства этого.;x;;;;;;;;;;;;;
EVTOPTAPIL101;Это возмутительно!;x;;;;;;;;;;;;;
EVTTOOLTIPPIL101;представляет заговорщиков аудитории;x;;;;;;;;;;;;;
EVTDESCPIL102;[FromFrom.GetTitledFirstName] с небольшой группой сопровождения прибыли к вашему двору и потребовали аудиенции. Они утверждают, что у них есть доказательства того, что [From.GetFirstName] - не ваш ребенок, но ребенок, который зачали [From.Mother.GetFirstName] и неизвестный мужчина в порочной связи. Они требуют от вас признать [From.GetHerHis] бастардом и лишить права наследования.;x;;;;;;;;;;;;;
EVTOPTAPIL102;К сожалению, я вынужден признать, что они правы.;x;;;;;;;;;;;;;
EVTOPTBPIL102;Ах, да, 'бастард'. Вы можете считать что жалоба отклонена.;x;;;;;;;;;;;;;
EVTTOOLTIPPIL102;Они представляют следующие доказательства:\n;x;;;;;;;;;;;;;
EVTTOOLTIPPIL103;станет бастардом\n;x;;;;;;;;;;;;;
EVTDESCPIL103;Вы с ужасом наблюдаете, как [From.GetTitledFirstName] пишет свой указ. [From.GetSheHeCap] объявляет вас незаконнорожденн[GetOyYm] и лишает права наследования. Теперь в вашем гербе будут соответствующие полоски.;x;;;;;;;;;;;;;
EVTOPTAPIL103;Ложь, это все ложь!;x;;;;;;;;;;;;;
EVTTOOLTIPPIL105;в ужасе;x;;;;;;;;;;;;;
EVTDESCPIL105;Вернувшись домой, вы были шокированы новостями. [From.GetTitledFirstName] был[From.GetEndA] убежден[From.GetEndA] группой заговорщиков в том, что [FromFrom.GetTitledFirstName] - вовсе не его ребенок и был зачат в результате вашей любовной связи с каким-то другим человеком. [FromFrom.GetSheHeCap] был[FromFrom.GetEndA] лишен[FromFrom.GetEndA] своей фамилии и объявлен[FromFrom.GetEndA] бастардом.;x;;;;;;;;;;;;;
EVTOPTAPIL105;Мерзавцы!;x;;;;;;;;;;;;;
EVTTOOLTIPPIL106;рада;x;;;;;;;;;;;;;
EVTDESCPIL106;Вы и ваши соратники собрались перед троном, где сидит [From.GetTitledFirstName], для того, чтобы изложить ваше дело. [Root.PlotTarget.GetTitledFirstName] с возрастающими ужасом наблюдает со стороны, как [Root.PlotTarget.GetSheHe] начинает понимает, что именно вы хотите  донести. Наконец, [From.GetFirstName] поднимается и оглашает свое решение: [Root.PlotTarget.GetFirstName] [Root.PlotTarget.GetHerHis] лишится имени, титула и права наследования.;x;;;;;;;;;;;;;
EVTOPTAPIL106;Мудрое решение, [From.PrimaryTitle.GetFOA];x;;;;;;;;;;;;;
EVTDESCPIL107;[From.GetTitledFirstName] приводит вас и ваших соратников к персонажу [FromFrom.GetTitledFirstName] для рассмотрения вашего дела. [From.PlotTarget.GetTitledFirstName] с возрастающими ужасом наблюдает со стороны, как [From.PlotTarget.GetSheHe] начинает понимать, что именно вы хотите донести. Наконец, [FromFrom.GetFirstName] поднимается и выносит свое решение: [From.PlotTarget.GetFirstName] [From.PlotTarget.GetHerHis] лишится имени, титула и права наследования.;x;;;;;;;;;;;;;
EVTOPTAPIL107;Мудрое решение, [FromFrom.PrimaryTitle.GetFOA];x;;;;;;;;;;;;;
EVTDESCPIL10799;[Root.PrimaryTitle.GetFOA], до нас дошли слухи об огромном скандале при дворе города [FromFrom.Capital.GetName]. Группа заговорщиков нашла доказательства того, что [From.GetTitledFirstName] [From.GetOnlyDynastyName] - вовсе не ребёнок персонажа [FromFrom.GetTitledFirstName], а бастард преступной связи матери. [FromFrom.GetTitledFirstName] осудил и лишил [From.GetHerHis] права наследования и имени.;x;;;;;;;;;;;;;
EVTOPTAPIL10799;И в самом деле скандал;x;;;;;;;;;;;;;
EVTTOOLTIPPIL108;сердится;x;;;;;;;;;;;;;
EVTDESCPIL108;Вы и ваши соратники собрались перед троном, где сидит [From.GetTitledFirstName], для того, чтобы изложить ваше дело. [Root.PlotTarget.GetTitledFirstName] с возрастающими ужасом наблюдает со стороны, как [Root.PlotTarget.GetSheHe] начинает понимает, что именно вы хотите донести. Наконец, [From.GetFirstName] поднимается и оглашает свое решение: отклонить вашу претензию! Он находит ваши доказательства неубедительными и не имеет никакого желания дальше выслушивать ваши бредовые теории.;x;;;;;;;;;;;;;
EVTOPTAPIL108;Я полагаю, что это конец;x;;;;;;;;;;;;;
EVTOPTBPIL108;Может быть он и глупец, но этого не скажешь о его знаменосцах.;x;;;;;;;;;;;;;
EVTTOOLTIPPIL109;она рада;x;;;;;;;;;;;;;
EVTDESCPIL109;Сначала, конечно, разбирательства приводят вас в ужас, но вскоре становится ясно, что вам нечего бояться — аргументы ваших обвинителей не убедительны, а доказательства не выдерживают критики. Терпение вашего отца кончается. Наконец, он поднимается на ноги в приступе ярости и требует, чтобы они никогда больше не приходили к нему с этим бредом.;x;;;;;;;;;;;;;
EVTOPTAPIL109;Мудрое решение, отец.;x;;;;;;;;;;;;;
EVTTOOLTIPPIL110;она рада;x;;;;;;;;;;;;;
EVTDESCPIL110;Вернувшись домой, вы узнаете шокирующие, хотя и приятные новости - группа заговорщиков пыталась убедить персонажа [From.GetTitledFirstName], что [FromFrom.GetFirstName] - не его ребенок, но он отверг их глупые теории.;x;;;;;;;;;;;;;
EVTOPTAPIL110;В радости, что правосудие свершилось;x;;;;;;;;;;;;;
EVTDESCPIL111;[From.GetTitledFirstName] приводит вас и ваших соратников к персонажу [FromFrom.GetTitledFirstName] для рассмотрения вашего дела. [From.PlotTarget.GetTitledFirstName] с возрастающими ужасом наблюдает со стороны, как [From.PlotTarget.GetSheHe] начинает понимать, что именно вы хотите донести. Наконец, [FromFrom.GetFirstName] поднимается и оглашает решение: отклонить вашу претензию. Он находит ваши доказательства неубедительными и не имеет никакого желания дальше выслушивать ваши бредовые теории.;x;;;;;;;;;;;;;x
EVTOPTAPIL111;Я полагаю, что это конец;x;;;;;;;;;;;;;
EVTDESCPIL112;[Root.PrimaryTitle.GetFOA], [Root.GetTitledFirstName]\n Этим письмом хочу сообщить вам о большой угрозе нависшей над нами. [From.PlotTarget.GetTitledFirstName] - не ребенок человека, известного как [From.PlotTarget.Father.GetTitledFirstName], но продукт  супружеской измены со стороны [From.PlotTarget.GetHerHis] матери и другого человека! Я настоятельно призываю всех добропорядочных лордов королевства взять в руки оружие и восстать против этого обмана.\nПодпись,\n[From.GetFirstName] из Дома [From.GetOnlyDynastyName], [From.GetTitle] земли [From.PrimaryTitle.GetName];x;;;;;;;;;;;;;
EVTOPTAPIL112;Конечно, нужно было догадаться!;x;;;;;;;;;;;;;
EVTOPTBPIL112;Все ложь, конечно.;x;;;;;;;;;;;;;
EVTTOOLTIPPIL113;будет в ярости;x;;;;;;;;;;;;;
EVTDESCPIL113;На следующий день, как отъехал[From.GetEndA] [From.GetTitledFirstName], [Root.job_maester.GetTitledFirstName] разбудил вас с еще более плохими новостями. Судя по всему, ваше решение не поставило точку в этом деле для н[From.GetHerHis]. [From.GetSheHeCap] разослал[From.GetEndA] воронов всем ваши знаменосцам, пытаясь убедить их в своей правоте.;x;;;;;;;;;;;;;
EVTOPTAPIL113;КАК [From.GetSheHe] посмел[From.GetEndA]?!;x;;;;;;;;;;;;;
EVTTOOLTIPPIL114;будет в ярости;x;;;;;;;;;;;;;
EVTDESCPIL114;По-видимому, решение, которое принял[FromFrom.GetEndA] [FromFrom.GetFirstName] не поставило точку в этом деле, как посчмтал[From.GetEndA] [From.GetTitledFirstName]. [From.GetSheHeCap] разослал[From.GetEndA]  воронов всем знаменосцам государства, пытаясь убедить их в своей правоте.;x;;;;;;;;;;;;;
EVTOPTAPIL114;КАК [From.GetSheHe] посмел[From.GetEndA]!?;x;;;;;;;;;;;;;
EVTTOOLTIPPIL115;будет злиться;x;;;;;;;;;;;;;
EVTDESCPIL115;На следующий день, как отъехал[From.GetEndA] [From.GetTitledFirstName], [Root.job_maester.GetTitledFirstName] разбудил вас с еще более плохими новостями. Судя по всему, решение вашего отца не поставило точку в этом деле для н[From.GetHerHis]. [From.GetSheHeCap] разослал[From.GetEndA] воронов всем вашим знаменосца, пытаясь убедить их в своей правоте.;x;;;;;;;;;;;;;
EVTOPTAPIL115;КАК [From.GetSheHe] посмел[From.GetEndA]!?;x;;;;;;;;;;;;;
EVTDESCPIL116;Дело сделано. Вы смотрите как вороны летят из вашей крепости, доставляя ваши письма всем лордам королевства. Скоро все будут знать правду.;x;;;;;;;;;;;;;
EVTOPTAPIL116;Похоже, что следствие закончено.;x;;;;;;;;;;;;;
pil_send_ravens;Обнародовать ваши доказательства.;x;;;;;;;;;;;;;
pil_send_ravens_desc;Вы собрали доказательства. Настало время убедиться, что весь мир узнают правду происхождения персонажа [Root.PlotTarget.GetTitledFirstName].;x;;;;;;;;;;;;;
EVTTOOLTIPPIL117;Вы готовите письмо.;x;;;;;;;;;;;;;
EVTDESCPIL117;Весь вечер и ночь вы проводите в подготовке письма, тщательно записав все доказательства, которые вы собрали. На рассвете вы закончили.;x;;;;;;;;;;;;;
EVTOPTAPIL117;Время отправить ворона.;x;;;;;;;;;;;;;
EVTDESCPIL118;Ужасная новость для вас - [From.GetTitledFirstName] разослал[From.GetEndA] письма всем лордам, утверждая, что вы является плодом внебрачной связи вашей матери.;x;;;;;;;;;;;;;
EVTOPTAPIL118;Ложь, все ложь!;x;;;;;;;;;;;;;
EVTDESCPIL119;Ужасная новость для вас - [From.GetTitledFirstName] разослал[From.GetEndA] письма всем лордам, утверждая, что [From.PlotTarget.GetTitledFirstName] является плодом вашей внебрачной связи.;x;;;;;;;;;;;;;
EVTOPTAPIL119;Что же, надеюсь, никто не поверит этому.;x;;;;;;;;;;;;;
EVTDESCPIL120;Судя по всему, ваш секрет раскрыт. [From.GetTitledFirstName] направил[From.GetEndA] письма всем лордам, утверждая, что рождение ребенка [From.PlotTarget.GetTitledFirstName] — плод внебрачной связи.;x;;;;;;;;;;;;;
EVTOPTAPIL120;Что же, надеюсь, никто не поверит этому.;x;;;;;;;;;;;;;
ACTIONSUCCEED;Успех!\n;x;;;;;;;;;;;;;
ACTIONFAIL;Провал!\n;x;;;;;;;;;;;;;
PILEVTRAITMISSING;Они утверждают, что [From.PlotTarget.GetFirstName] не обладает особенностями своего отца.\n;x;;;;;;;;;;;;;
PILEVTRAITPRESENT;Они утверждают, что [From.PlotTarget.GetFirstName] обладает особенностями, которыми не обладает ни один из [From.PlotTarget.GetHerHis] родителей.\n;x;;;;;;;;;;;;;
PILEVAPPEARANCE;Они утверждают, что [From.PlotTarget.GetFirstName] не похож[From.PlotTarget.GetEndA] на своего отца.\n;x;;;;;;;;;;;;;
PILEVCONCEPTION;Они утверждают, что отец ребёнка [From.PlotTarget.GetFirstName] был в отъезде на момент своего зачатия.\n;x;;;;;;;;;;;;;
PILEVCONCEPTIONFAKE;Они утверждают, что отец ребёнка [From.PlotTarget.GetFirstName] был в отъезде на момент [From.PlotTarget.GetHerHis] зачатия, но это очевидная выдумка.\n;x;;;;;;;;;;;;;
PILEVGREENDREAMS;Они утверждают о доказательствах, что [From.PlotTarget.GetFirstName] - незаконнорождённ[From.PlotTarget.GetAyaYy], увиденных в зеленых снах.\n;x;;;;;;;;;;;;;
PILEVGREENDREAMSFAKE;Они утверждают о доказательствах, что [From.PlotTarget.GetFirstName] незаконнорождённ[From.PlotTarget.GetAyaYy], увиденных в зеленых снах, но это очевидная выдумка.\n;x;;;;;;;;;;;;;
PILEVFLAMES;Они утверждают о доказательствах, что [From.PlotTarget.GetFirstName] - незаконнорождённ[From.PlotTarget.GetAyaYy], увиденных в пламени.\n;x;;;;;;;;;;;;;
PILEVFLAMESFAKE;Они утверждают о доказательствах, что [From.PlotTarget.GetFirstName] - незаконнорождённ[From.PlotTarget.GetAyaYy], увиденных в пламени, но это очевидная выдумка.\n;x;;;;;;;;;;;;;
PILEVLOVER;Они обнаружили, что [From.PlotTarget.Mother.GetTitledFirstName] понесла ребенка от своей любовной связи.\n;x;;;;;;;;;;;;;
PILEVSPECTRAITMISSING;Они утверждают, что [From.GetFirstName] не обладает особенностями своего отца.\n;x;;;;;;;;;;;;;
PILEVSPECTRAITPRESENT;Они утверждают, что [From.GetFirstName] имеет особенности, которыми не обладает ни один из [From.GetHerHis] родителей.\n;x;;;;;;;;;;;;;
PILEVSPECAPPEARANCE;Они утверждают, что [From.GetFirstName] не похож[From.GetEndA] на своего отца.\n;x;;;;;;;;;;;;;
PILEVSPECCONCEPTION;Они утверждают, что отец был в отъезде на момент [From.GetHerHis] зачатия.\n;x;;;;;;;;;;;;;
PILEVSPECCONCEPTIONFAKE;Они утверждают, что отец был в отъезде на момент [From.GetHerHis] зачатия, но это очевидная выдумка.\n;x;;;;;;;;;;;;;
PILEVSPECGREENDREAMS;Они утверждают, что видели доказательства незаконнорожденности в Зеленых Снах.\n;x;;;;;;;;;;;;;
PILEVSPECGREENDREAMSFAKE;Они утверждают, что видели доказательства незаконнорожденности в Зеленых Снах, но это очевидная выдумка.\n;x;;;;;;;;;;;;;
PILEVSPECFLAMES;Они утверждают, что видели доказательства незаконнорожденности в пламени.\n;x;;;;;;;;;;;;;
PILEVSPECFLAMESFAKE;Они утверждают, что видели доказательства незаконнорожденности в пламени, но это очевидная выдумка.\n;x;;;;;;;;;;;;;
PILEVSPECLOVER;Они обнаружили, что [From.Mother.GetTitledFirstName] понесла ребенка от своей любовной связи.\n;x;;;;;;;;;;;;;
opinion_suspected_bastard;Подозреваемый бастард;x;;;;;;;;;;;;;
suspected_bastard;Подозреваемый бастард;x;;;;;;;;;;;;;
EVTTOOLTIP33;[This.GetTitledFirstName] является любовником\n;x;;;;;;;;;;;;;
EVTTOOLTIP34;узнает о новых доказательствах;x;;;;;;;;;;;;;
opinion_ignored_accusation;Игнорирование обвинения;x;;;;;;;;;;;;;
opinion_unfaithful_deceiver;Вероломн[_ый] мошенни[_к];x;;;;;;;;;;;;;
opinion_cuckolded_AGOT;Рогоносец;x;;;;;;;;;;;;;
EVTOPTB406;Вы убьете своего будущего ребенка?;x;;;;;;;;;;;;;
TOOLTIPbirth.50;Вы пытаетесь убедить её не пить лунный чай;x;;;;;;;;;;;;;
EVTDESCbirth.50;[From.GetFirstName] ужаснулся от вашего решения выпить лунный час и настаивает на том, чтобы вы воздержались от этого.;x;;;;;;;;;;;;;
EVTOPTAbirth.50;Хорошо, я не буду его пить;x;;;;;;;;;;;;;
TOOLTIPbirth.51;Вы не выпьете лунный чай. [From.GetFirstName] и Вы получите ребёнка, выдав его за ребенка от персонажа [Root.Spouse.GetTitledFirstName].;x;;;;;;;;;;;;;
TOOLTIPbirth.51B;, выдав за ребёнка персонажа [Root.Spouse.GetTitledFirstName];x;;;;;;;;;;;;;
EVTOPTBbirth.50;Ты не можешь заставить меня!;x;;;;;;;;;;;;;
EVTDESCbirth.51;[From.GetFirstName] согласна не пить лунный чай и родит, выдавая малыша за ребенка [From.Spouse.GetTitledFirstName].;x;;;;;;;;;;;;;
EVTDESCbirth.51B;[From.GetFirstName] согласна не пить лунный чай и родит, выдавая малыша за бастарда.;x;;;;;;;;;;;;;
EVTOPTAbirth.51;Хорошо;x;;;;;;;;;;;;;
EVTDESCbirth.52;[From.GetFirstName] была возмущена вашей попыткой остановить ее и демонстративно выпила лунный чай, чтобы прервать беременность.;x;;;;;;;;;;;;;
EVTOPTAbirth.52;Шлюха!;x;;;;;;;;;;;;;
opinion_aborted_my_child;Убила моего ребенка;x;;;;;;;;;;;;;
opinion_coerced_into_having_child;Заставил родить;x;;;;;;;;;;;;;
opinion_ignored_false_accusation;Игнорирует мои обвинения;x;;;;;;;;;;;;;
EVTDESCPIL36;Ваше исследование о персонаже [Root.PlotTarget.GetTitledFirstName] продвигается хорошо, вам удалось собрать много доказательств. Наблюдая, вы понимаете, что братья и сестры ребёнка [Root.PlotTarget.GetFirstName] имеют много общих черт, и что они скорее всего тоже бастарды.;x;;;;;;;;;;;;;
TOOLTIPimplicated_sibling;[This.GetTitledFirstName] будет участвовать в расследовании.\n;x;;;;;;;;;;;;;
EVTOPTAPIL36;Да, некоторые из них действительно похожи;x;;;;;;;;;;;;;
EVTOPTBPIL36;Все потомки персонажа [Root.PlotTarget.Mother.GetFirstName] должны быть бастардами!;x;;;;;;;;;;;;;
EVTOPTCPIL36;Нет, только [Root.PlotTarget.GetFirstName] - наша цель;x;;;;;;;;;;;;;
EVTDESCPIL37;Ваше расследование о незаконнорожденности продвигается хорошо, вы собрали много доказательств. Наблюдая за братьями и сестрами вы понимаете, что они имеют много общих черт, и что они тоже скорее всего бастарды.;x;;;;;;;;;;;;;
EVTDESCPIL38;Ваш помощник в расследовании, [From.GetTitledFirstName], подсказал[From.GetEndA] вам новую теорию. [From.GetSheHeCap] заметил[From.GetEndA], что [Root.PlotTarget.GetFirstName] и [Root.PlotTarget.GetHerHis] братья и сестры и имеют много общих черт и скорее всего бастарды.;x;;;;;;;;;;;;;
PILEVSIBLINGS;Братья и сестры ребёнка [From.PlotTarget.GetTitledFirstName] тоже причастны.\n;x;;;;;;;;;;;;;
PILEVSPECSIBLINGS;Братья и сестры ребёнка [From.GetTitledFirstName] тоже причастны.\n;x;;;;;;;;;;;;;
opinion_conspired_against_me;Вступили в заговор против меня;x;;;;;;;;;;;;;
opinion_conspired_against_child;Вступили в заговор против моего ребенка;x;;;;;;;;;;;;;
opinion_bastard_spawn;Рогоносец;x;;;;;;;;;;;;;
pil_regent_sieze_throne;Схватить [Root.PlotTarget.PrimaryTitle.GetName];x;;;;;;;;;;;;;
pil_regent_sieze_throne_desc;При достаточной поддержке и доказательствах, [Root.GetTitledFirstName] может использовать свои полномочия как [Root.GetLordLady][From.GetEndAOpp]-Регента и объявить, что [Root.PlotTarget.GetTitledFirstNameNoRegnal] - нелегитимным бастард. [Root.GetSheHeCap] затем может свободно настаивать на своих претензиях на титул [Root.PlotTarget.PrimaryTitle.GetName].;x;;;;;;;;;;;;;
EVTTOOLTIPpil.122;Вам противостоит [Root.PlotTarget.GetTitledFirstNameNoRegnal] и двор...;x;;;;;;;;;;;;;
EVTDESCpil.122;Время пришло. Вы собираете совет и двор, чтобы представить свои доказательства незаконнорожденности ребёнка  [Root.PlotTarget.GetTitledFirstNameNoRegnal], и используя свои полномочия как [Root.GetLordLady]-Регент, вы объявляете [Root.PlotTarget.GetHerHis] нелегитимн[Root.PlotTarget.GetOyYm] и отстраняете от правления страной. Это позволяет вам настаивать на вашей претензии на титул  [Root.PlotTarget.PrimaryTitle.GetName].;x;;;;;;;;;;;;;
EVTOPTApil.122;Это во благо королевства;x;;;;;;;;;;;;;
EVTDESCpil.123;[From.GetSheHe] утверждает, что вы являетесь бастардом, а не законным ребенком отца, известного как [Root.Father.GetTitledFirstName]! [From.GetSheHeCap] использует свои полномочия и сфабрикованные доказательства, чтобы вас свергнуть и захватить власть в государстве [Root.PrimaryTitle.GetName] себе!;x;;;;;;;;;;;;;
EVTOPTApil.123;Это возмутительно!;x;;;;;;;;;;;;;
EVTDESCPIL124;Вы возвращаетесь домой к шокирующим новостям. Группа заговорщиков, которых возглавил[From.GetEndA] [From.GetLordLady]-Регент [From.GeFirstName] [From.GetOnlyDynastyName] утверждает, что [FromFrom.GetTitledFirstName] - не является сыном отца, известного как [FromFrom.Father.GetTitledFirstName], а плод незаконной связи между вами и другим человеком. [FromFrom.GetSheHeCap] лишен[FromFrom.GetEndA] своей фамилии и объявлен[FromFrom.GetEndA] бастардом. Шокирующие новости.;x;;;;;;;;;;;;;
EVTOPTAPIL124;Вот ублюдки!;x;;;;;;;;;;;;;
EVTDESCPIL125;Очевидно, ваша тайна раскрыта. [From.GetLordLady]-Регент [From.GeFirstName] [From.GetOnlyDynastyName] заявляет, что [From.PlotTarget.GetTitledFirstName] - бастард, утверждая, что [From.PlotTarget.GetSheHe] является плодом незаконной любовной связи.;x;;;;;;;;;;;;;
EVTOPTAPIL125;Ну, надеюсь, никто не поверит.;x;;;;;;;;;;;;;
EVTDESCPIL112B;[Root.GetTitledFirstName]\nЯ, [From.GetLordLady]-Регент, объявляю, что [From.PlotTarget.GetTitledFirstNameNoRegnal] не является ребенком отца, известного как [From.PlotTarget.Father.GetTitledFirstName], но продукт измены со стороны [From.PlotTarget.GetHerHis] матери и неизвестного человека! Поэтому, я повелел[From.GetEndA] [From.PlotTarget.GetHerHim] отказаться от титула [From.PlotTarget.GetTitle], и отныне будет править [From.PlotTarget.PrimaryTitle.GetName].\nПодпись,\n[From.GetFirstName] из Дома [From.GetOnlyDynastyName];x;;;;;;;;;;;;;
EVTDESCPIL40;Иногда у вас бывают видения пока вы спите - они называются Драконьи Сны, древняя магия старой Валириии. И на этот раз у замученных видений есть только одна возможная интерпретация. Теперь вы уверены в том, что [Root.PlotTarget.GetTitledFirstName] - не ребенок персонажа [Root.PlotTarget.Father.GetFirstName].;x;;;;;;;;;;;;;
EVTOPTAPIL40;Но кто поверит в это?;x;;;;;;;;;;;;;
EVTDESCPIL41;Иногда у вас бывают видения пока вы спите - они называются Драконьи Сны, древняя магия старой Валириии. И на этот раз у замученных видений есть только одна возможная интерпретация. Теперь вы уверены в том, что [Root.PlotTarget.GetTitledFirstName] - не ребенок персонажа [Root.PlotTarget.Father.GetFirstName].;x;;;;;;;;;;;;;
EVTOPTAPIL41;Но кто поверит в это?;x;;;;;;;;;;;;;
EVTTOOLTIPPIL41;не ребенок персонажа [This.Father.GetFirstName];x;;;;;;;;;;;;;
EVTTOOLTIPPIL42;Узнает об этом!;x;;;;;;;;;;;;;
EVTDESCPIL42;[From.GetTitledFirstName] приходит к вам ночью. [From.GetSheHeCap] утверждает, что видел[From.GetEndA] доказательства незаконности персонажа [Root.PlotTarget.GetFirstName] в своих снах. Известно, что [From.GeFirstName] видит эти пророческие Драконьи сны, однако вы не совсем уверены, верите ли вы [From.GetHerHim]. Но вы полагаете, что это не повредит.;x;;;;;;;;;;;;;
EVTOPTAPIL42;По крайней мере, это лучше, чем ничего.;x;;;;;;;;;;;;;
pil_fabricate_dragon_dreams_decision_1;Создать ложные Драконьи Сны;x;;;;;;;;;;;;;
pil_fabricate_dragon_dreams_decision_1_desc;Иногда у вас бывают видения пока вы спите - они называются Драконьи Сны. Вы не уверены в том, что они означают, но, возможно, вы могли бы заявить, что видели доказательство незаконнорожденности персонажа [Root.PlotTarget.GetTitledFirstName]. Несомненно, вам придется придумать правдоподобное видение.;x;;;;;;;;;;;;;
pil_fabricate_dragon_dreams_decision_2;Создать ложные Драконьи Сны;x;;;;;;;;;;;;;
pil_fabricate_dragon_dreams_decision_2_desc;Иногда у вас бывают видения пока вы спите - они называются Драконьи Сны. Вы не уверены в том, что они означают, но, возможно, вы могли бы заявить, что видели доказательство незаконнорожденности персонажа [Root.PlotTarget.GetTitledFirstName]. Несомненно, вам придется придумать правдоподобное видение.;x;;;;;;;;;;;;;
pil_fabricate_dragon_dreams_decision_3;Создать ложные Драконьи Сны;x;;;;;;;;;;;;;
pil_fabricate_dragon_dreams_decision_3_desc;Иногда у вас бывают видения пока вы спите - они называются Драконьи Сны. Вы не уверены в том, что они означают, но, возможно, вы могли бы заявить, что видели доказательство незаконнорожденности персонажа [Root.PlotTarget.GetTitledFirstName]. Несомненно, вам придется придумать правдоподобное видение.;x;;;;;;;;;;;;;
pil_fabricate_dragon_dreams_decision_4;Создать ложные Драконьи Сны;x;;;;;;;;;;;;;
pil_fabricate_dragon_dreams_decision_4_desc;Иногда у вас бывают видения пока вы спите - они называются Драконьи Сны. Вы не уверены в том, что они означают, но, возможно, вы могли бы заявить, что видели доказательство незаконнорожденности персонажа [Root.PlotTarget.GetTitledFirstName]. Несомненно, вам придется придумать правдоподобное видение.;x;;;;;;;;;;;;;
pil_fabricate_dragon_dreams_decision_5;Создать ложные Драконьи Сны;x;;;;;;;;;;;;;
pil_fabricate_dragon_dreams_decision_5_desc;Иногда у вас бывают видения пока вы спите - они называются Драконьи Сны. Вы не уверены в том, что они означают, но, возможно, вы могли бы заявить, что видели доказательство незаконнорожденности персонажа [Root.PlotTarget.GetTitledFirstName]. Несомненно, вам придется придумать правдоподобное видение.;x;;;;;;;;;;;;;
pil_fabricate_dragon_dreams_backer_decision;Создать ложный Драконий Сон;x;;;;;;;;;;;;;
pil_fabricate_dragon_dreams_backer_decision_desc;Ваше расследование идет слишком медленно на ваш взгляд, и вам хотелось бы его немного ускорить. Один из ваших соратников утверждает, что видит прошлое и грядущее в своих снах. Возможно, он мог бы заявить, что узрел видениях правду происхождения персонажа [Root.PlotTarget.GetTitledFirstName].;x;;;;;;;;;;;;;
EVTDESCPIL43;После бессонной ночи, которую можно было бы потратить на РЕАЛЬНЫЕ сны, вы закончили с описанием поддельного Драконьего Сна. По крайней мере вам кажется, что есть только одна возможная интерпретация Сна, но полной уверенности в этом быть не может.;x;;;;;;;;;;;;;
EVTOPTAPIL43;Это нужно будет сделать.;x;;;;;;;;;;;;;
EVTDESCPIL45;Вы приняли решение. Пришло время использовать Драконьи Сны для своей пользы. И если они не будут говорить то, что вам нужно, вы скажете это за них.;x;;;;;;;;;;;;;
EVTOPTAPIL45;Итак, где же наш самопровозглашенный провидец?;x;;;;;;;;;;;;;
EVTTOOLTIPPIL46;будет запршена помощь в создании ложного Сна.;x;;;;;;;;;;;;;
EVTDESCPIL46;[From.GetTitledFirstName] приходит к вам с предложением. Следствие, похоже, не продвигается так быстро, как [From.GetSheHe] хотел[From.GetEndA] бы видеть. [From.GetSheHe] хочет, чтобы вы нашли способ ускорить его немного - может быть, заявляя, что это был один из ваших снов, даже если это не так. Кто может узнать, в конце концов?;x;;;;;;;;;;;;;
EVTOPTAPIL46;Я полагаю, что это хороший план.;x;;;;;;;;;;;;;
EVTOPTBPIL46;КАК ТЫ СМЕЕШЬ предположить такое богохульство?;x;;;;;;;;;;;;;
EVTDESCPIL47;Вы приятно удивлены, увидев, что [From.GetTitledFirstName] согласи[From.GetLasLsya] на ваше предложение. Конечно, жрец - только часть плана. Вы также должны придумать правдоподобное видение, и это может быть немного сложнее. Вы будете нуждаться в любой помощи, которую сможете получить.;x;;;;;;;;;;;;;
EVTOPTAPIL47;Я думаю, мы сможем справиться с этим.;x;;;;;;;;;;;;;
EVTOPTBPIL47;Я на секунду подумал[GetEndA], что, может быть, мы еще не готовы.;x;;;;;;;;;;;;;
EVTDESCPIL48;Как только вы сделали ваше предложение, [From.GetFirstName] приходит в ярость, требуя, чтобы вы никогда впредь не говорите такие кощунственные слова в [From.GetHerHis] присутствии. Вы изгнаны из комнаты, и вынуждены зализывать свои душевные раны в коридоре.;x;;;;;;;;;;;;;
EVTOPTAPIL48;…что же, это не сработало.;x;;;;;;;;;;;;;
pil_evidence_count;Доказательства;x;;;;;;;;;;;;;
EVTDESCPIL250;Я не похож[GetEndA] ни на своего отца, ни на мою мать...;x;;;;;;;;;;;;;
EVTOPTAPIL250;Ах!;x;;;;;;;;;;;;;
TOOLTIPpil.251;Отвечает на это;x;;;;;;;;;;;;;
EVTDESCPIL251;М[From.GetOyaOy] новорожденн[From.GetAyaYy] [From.GetRootRelation] не похож[From.GetEndA] на меня или свою мать! Более того, мне было указано, что ребенок очень похож на персонажа [bastard_real_father.GetTitledFirstNameNoRegnal] [bastard_real_father.GetOnlyDynastyName], возможного любовника персонажа [From.Mother.GetTitledFirstNameNoRegnal] ...;x;;;;;;;;;;;;;
EVTDESCPIL251B;М[From.GetOyaOy] новорожденн[From.GetAyaYy] [From.GetRootRelation] [From.GetTitledFirstNameWithDynastyNoRegnal] не похож[From.GetEndA] на [своего отца или мать! Более того, мне было указано, что ребенок очень похож на персонажа [bastard_real_father.GetTitledFirstNameNoRegnal] [bastard_real_father.GetOnlyDynastyName], возможного любовника персонажа [From.Mother.GetTitledFirstNameNoRegnal] ...;x;;;;;;;;;;;;;
EVTOPTAPIL251;Этот ребенок явно бастард!;x;;;;;;;;;;;;;
EVTOPTBPIL251;Думаю, этому есть разумное объяснение;x;;;;;;;;;;;;;
EVTOPTG_WOL_2080;Сообщите [FromFromFrom.GetHerHis] отцу, это [FromFromFrom.Father.GetTitledFirstNameWithDynastyNoRegnal];x;;;;;;;;;;;;;
EVTOPTG_WOL_2080_TOOLTIP;Вы представите доказательства персонажу [FromFromFrom.Father.GetTitledFirstNameWithDynastyNoRegnal];x;;;;;;;;;;;;;
PILEVFOCUS;Они утверждают, что внимательно следили за персонажем [From.GetFirstName], чтобы получить эти сведения;x;;;;;;;;;;;;;
EVTOPTH_WOL_2080;Я разоблачу этот скандал публично!;x;;;;;;;;;;;;;
EVTDESCHFPA20965;Шокирующие новости, [Root.PrimaryTitle.GetFOA], ваша [From.GetRootRelation] была обнаружена за использованием лунного чая, чтобы избавиться от беременности!;x;;;;;;;;;;;;;
EVTOPTAHFP20965;Как она смеет!;x;;;;;;;;;;;;;
