#CODE;ENGLISH;;;;;;;;;;;;;x;;;;;;;;;
k_valyria;Валирия;;;;;;;;;;;;;x;;;;;;;;;
k_valyria_adj;Валирийск;;;;;;;;;;;;;x;;;;;;;;;
d_valyria;Валирия;;;;;;;;;;;;;x;;;;;;;;;
d_valyria_adj;Валирийск;;;;;;;;;;;;;x;;;;;;;;;
c_valyria;Валирия;;;;;;;;;;;;;x;;;;;;;;;
b_valyria;Валирия;;;;;;;;;;;;;x;;;;;;;;;
b_valyria2;Валирия;;;;;;;;;;;;;x;;;;;;;;;
b_valyria3;Валирия;;;;;;;;;;;;;x;;;;;;;;;
b_mandios;Мандиос;;;;;;;;;;;;;x;;;;;;;;;
b_skoryia;Скораия;;;;;;;;;;;;;x;;;;;;;;;
b_biarvys;Биарвис;;;;;;;;;;;;;x;;;;;;;;;
b_verdagos;Вердагос;;;;;;;;;;;;;x;;;;;;;;;
c_dragonfields;Драконьи поля;;;;;;;;;;;;;x;;;;;;;;;
b_dragonfields;Драконьи поля;;;;;;;;;;;;;x;;;;;;;;;
b_dragonfields2;Драконьи поля;;;;;;;;;;;;;x;;;;;;;;;
b_dragonfields3;Драконьи поля;;;;;;;;;;;;;x;;;;;;;;;
c_lyztarys;Лизтарис;;;;;;;;;;;;;x;;;;;;;;;
b_lyztarys;Лизтарис;;;;;;;;;;;;;x;;;;;;;;;
b_lyztarys2;Лизтарис;;;;;;;;;;;;;x;;;;;;;;;
b_lyztarys3;Лизтарис;;;;;;;;;;;;;x;;;;;;;;;
c_the_marble_pass;Мраморный перевал;;;;;;;;;;;;;x;;;;;;;;;
b_the_marble_pass;Мраморный перевал;;;;;;;;;;;;;x;;;;;;;;;
b_the_marble_pass2;Мраморный перевал;;;;;;;;;;;;;x;;;;;;;;;
b_the_marble_pass3;Мраморный перевал;;;;;;;;;;;;;x;;;;;;;;;
c_the_hills_of_nolos;Холмы Нолоса;;;;;;;;;;;;;x;;;;;;;;;
b_the_hills_of_nolos;Холмы Нолоса;;;;;;;;;;;;;x;;;;;;;;;
b_the_hills_of_nolos2;Холмы Нолоса;;;;;;;;;;;;;x;;;;;;;;;
b_the_hills_of_nolos3;Холмы Нолоса;;;;;;;;;;;;;x;;;;;;;;;
c_iedrarys;Ледрарис;;;;;;;;;;;;;x;;;;;;;;;
b_iedrarys;Ледрарис;;;;;;;;;;;;;x;;;;;;;;;
b_iedrarys2;Ледрарис;;;;;;;;;;;;;x;;;;;;;;;
b_iedrarys3;Ледрарис;;;;;;;;;;;;;x;;;;;;;;;
c_molrys;Молрис;;;;;;;;;;;;;x;;;;;;;;;
b_molrys;Молрис;;;;;;;;;;;;;x;;;;;;;;;
b_molrys2;Молрис;;;;;;;;;;;;;x;;;;;;;;;
b_molrys3;Молрис;;;;;;;;;;;;;x;;;;;;;;;
d_gelios;Гелиос;;;;;;;;;;;;;x;;;;;;;;;
d_gelios_adj;Гелиосийск;;;;;;;;;;;;;x;;;;;;;;;
c_gelios;Гелиос;;;;;;;;;;;;;x;;;;;;;;;
b_gelios;Гелиос;;;;;;;;;;;;;x;;;;;;;;;
b_gelios2;Гелиос;;;;;;;;;;;;;x;;;;;;;;;
b_gelios3;Гелиос;;;;;;;;;;;;;x;;;;;;;;;
b_byria;Бирия;;;;;;;;;;;;;x;;;;;;;;;
b_vilibos;Вилибос;;;;;;;;;;;;;x;;;;;;;;;
c_ilvonys;Илвонис;;;;;;;;;;;;;x;;;;;;;;;
b_ilvonys;Илвонис;;;;;;;;;;;;;x;;;;;;;;;
b_ilvonys2;Илвонис;;;;;;;;;;;;;x;;;;;;;;;
b_ilvonys3;Илвонис;;;;;;;;;;;;;x;;;;;;;;;
c_dromon_hill;Холм Дромона;;;;;;;;;;;;;x;;;;;;;;;
b_dromon_hill;Холм Дромона;;;;;;;;;;;;;x;;;;;;;;;
b_dromon_hill2;Холм Дромона;;;;;;;;;;;;;x;;;;;;;;;
b_dromon_hill3;Холм Дромона;;;;;;;;;;;;;x;;;;;;;;;
c_bane_road;Проклятый путь;;;;;;;;;;;;;x;;;;;;;;;
b_bane_road;Проклятый путь;;;;;;;;;;;;;x;;;;;;;;;
b_bane_road2;Проклятый путь;;;;;;;;;;;;;x;;;;;;;;;
b_bane_road3;Проклятый путь;;;;;;;;;;;;;x;;;;;;;;;
c_urnebyria;Урнебирия;;;;;;;;;;;;;x;;;;;;;;;
b_urnebyria;Урнебирия;;;;;;;;;;;;;x;;;;;;;;;
b_urnebyria2;Урнебирия;;;;;;;;;;;;;x;;;;;;;;;
b_urnebyria3;Урнебирия;;;;;;;;;;;;;x;;;;;;;;;
d_tyria;Тирия;;;;;;;;;;;;;x;;;;;;;;;
d_tyria_adj;Тирийск;;;;;;;;;;;;;x;;;;;;;;;
c_tyria;Тирия;;;;;;;;;;;;;x;;;;;;;;;
b_tyria;Тирия;;;;;;;;;;;;;x;;;;;;;;;
b_tyria2;Тирия;;;;;;;;;;;;;x;;;;;;;;;
b_tyria3;Тирия;;;;;;;;;;;;;x;;;;;;;;;
b_guesin;Гуэсин;;;;;;;;;;;;;x;;;;;;;;;
b_havonys;Хавонис;;;;;;;;;;;;;x;;;;;;;;;
c_blenon_way;Дорога Бленона;;;;;;;;;;;;;x;;;;;;;;;
b_blenon_way;Дорога Бленона;;;;;;;;;;;;;x;;;;;;;;;
b_blenon_way2;Дорога Бленона;;;;;;;;;;;;;x;;;;;;;;;
b_blenon_way3;Дорога Бленона;;;;;;;;;;;;;x;;;;;;;;;
c_tikunemio;Тикунемио;;;;;;;;;;;;;x;;;;;;;;;
b_tikunemio;Тикунемио;;;;;;;;;;;;;x;;;;;;;;;
b_tikunemio2;Тикунемио;;;;;;;;;;;;;x;;;;;;;;;
b_tikunemio3;Тикунемио;;;;;;;;;;;;;x;;;;;;;;;
c_fire_road;Огненная Дорога;;;;;;;;;;;;;x;;;;;;;;;
b_fire_road;Огненная Дорога;;;;;;;;;;;;;x;;;;;;;;;
b_fire_road2;Огненная Дорога;;;;;;;;;;;;;x;;;;;;;;;
b_fire_road3;Огненная Дорога;;;;;;;;;;;;;x;;;;;;;;;
d_east_flames;Восточные Огни;;;;;;;;;;;;;x;;;;;;;;;
c_izulaperzys;Изулаперзис;;;;;;;;;;;;;x;;;;;;;;;
b_izulaperzys;Изулаперзис;;;;;;;;;;;;;x;;;;;;;;;
b_izulaperzys2;Изулаперзис;;;;;;;;;;;;;x;;;;;;;;;
b_izulaperzys3;Изулаперзис;;;;;;;;;;;;;x;;;;;;;;;
c_lentun;Лентун;;;;;;;;;;;;;x;;;;;;;;;
b_lentun;Лентун;;;;;;;;;;;;;x;;;;;;;;;
b_lentun2;Лентун;;;;;;;;;;;;;x;;;;;;;;;
b_lentun3;Лентун;;;;;;;;;;;;;x;;;;;;;;;
c_kastaryia;Кастараия;;;;;;;;;;;;;x;;;;;;;;;
b_kastaryia;Кастараия;;;;;;;;;;;;;x;;;;;;;;;
b_kastaryia2;Кастараия;;;;;;;;;;;;;x;;;;;;;;;
b_kastaryia3;Кастараия;;;;;;;;;;;;;x;;;;;;;;;
d_perzyria;Миса Фаэр;;;;;;;;;;;;;x;;;;;;;;;
d_perzyria_adj;Миса Фаэр;;;;;;;;;;;;;x;;;;;;;;;
c_perzyria;Миса Фаэр;;;;;;;;;;;;;x;;;;;;;;;
b_perzyria;Миса Фаэр;;;;;;;;;;;;;x;;;;;;;;;
b_perzyria2;Миса Фаэр;;;;;;;;;;;;;x;;;;;;;;;
b_perzyria3;Миса Фаэр;;;;;;;;;;;;;x;;;;;;;;;
b_mazoros;Мазорос;;;;;;;;;;;;;x;;;;;;;;;
b_prubryia;Прубраия;;;;;;;;;;;;;x;;;;;;;;;
c_port_vaedar;Порт Вейдар;;;;;;;;;;;;;x;;;;;;;;;
b_port_vaedar;Порт Вейдар;;;;;;;;;;;;;x;;;;;;;;;
b_port_vaedar2;Порт Вейдар;;;;;;;;;;;;;x;;;;;;;;;
b_port_vaedar3;Порт Вейдар;;;;;;;;;;;;;x;;;;;;;;;
c_raqiros;Ракирос;;;;;;;;;;;;;x;;;;;;;;;
b_raqiros;Ракирос;;;;;;;;;;;;;x;;;;;;;;;
b_raqiros2;Ракирос;;;;;;;;;;;;;x;;;;;;;;;
b_raqiros3;Ракирос;;;;;;;;;;;;;x;;;;;;;;;
d_drakaria;Аквос Даэн;;;;;;;;;;;;;x;;;;;;;;;
d_drakaria_adj;Аквос Даэн;;;;;;;;;;;;;x;;;;;;;;;
c_drakaria;Аквос Даэн;;;;;;;;;;;;;x;;;;;;;;;
b_drakaria;Аквос Даэн;;;;;;;;;;;;;x;;;;;;;;;
b_drakaria2;Аквос Даэн;;;;;;;;;;;;;x;;;;;;;;;
b_drakaria3;Аквос Даэн;;;;;;;;;;;;;x;;;;;;;;;
b_jevas;Джевас;;;;;;;;;;;;;x;;;;;;;;;
b_gerontys;Геронтис;;;;;;;;;;;;;x;;;;;;;;;
c_ruklonos;Руклонос;;;;;;;;;;;;;x;;;;;;;;;
b_ruklonos;Руклонос;;;;;;;;;;;;;x;;;;;;;;;
b_ruklonos2;Руклонос;;;;;;;;;;;;;x;;;;;;;;;
b_ruklonos3;Руклонос;;;;;;;;;;;;;x;;;;;;;;;
c_klios;Клиос;;;;;;;;;;;;;x;;;;;;;;;
b_klios;Клиос;;;;;;;;;;;;;x;;;;;;;;;
b_klios2;Клиос;;;;;;;;;;;;;x;;;;;;;;;
b_klios3;Клиос;;;;;;;;;;;;;x;;;;;;;;;
c_qrimbroz;Кримброз;;;;;;;;;;;;;x;;;;;;;;;
b_qrimbroz;Кримброз;;;;;;;;;;;;;x;;;;;;;;;
b_qrimbroz2;Кримброз;;;;;;;;;;;;;x;;;;;;;;;
b_qrimbroz3;Кримброз;;;;;;;;;;;;;x;;;;;;;;;
d_first_flames;Первые Огни;;;;;;;;;;;;;x;;;;;;;;;
c_elieperzys;Элиэперзис;;;;;;;;;;;;;x;;;;;;;;;
b_elieperzys;Элиэперзис;;;;;;;;;;;;;x;;;;;;;;;
b_elieperzys2;Элиэперзис;;;;;;;;;;;;;x;;;;;;;;;
b_elieperzys3;Элиэперзис;;;;;;;;;;;;;x;;;;;;;;;
c_qeldperzys;Квелдперзис;;;;;;;;;;;;;x;;;;;;;;;
b_qeldperzys;Квелдперзис;;;;;;;;;;;;;x;;;;;;;;;
b_qeldperzys2;Квелдперзис;;;;;;;;;;;;;x;;;;;;;;;
b_qeldperzys3;Квелдперзис;;;;;;;;;;;;;x;;;;;;;;;
c_elinis;Элинис;;;;;;;;;;;;;x;;;;;;;;;
b_elinis;Элинис;;;;;;;;;;;;;x;;;;;;;;;
b_elinis2;Элинис;;;;;;;;;;;;;x;;;;;;;;;
b_elinis3;Элинис;;;;;;;;;;;;;x;;;;;;;;;
d_west_flames;Путь Огней;;;;;;;;;;;;;x;;;;;;;;;
c_vestperzys;Вестперзис;;;;;;;;;;;;;x;;;;;;;;;
b_vestperzys;Вестперзис;;;;;;;;;;;;;x;;;;;;;;;
b_vestperzys2;Вестперзис;;;;;;;;;;;;;x;;;;;;;;;
b_vestperzys3;Вестперзис;;;;;;;;;;;;;x;;;;;;;;;
c_urneb_shore;Урнеб-Шор;;;;;;;;;;;;;x;;;;;;;;;
b_urneb_shore;Урнеб-Шор;;;;;;;;;;;;;x;;;;;;;;;
b_urneb_shore2;Урнеб-Шор;;;;;;;;;;;;;x;;;;;;;;;
b_urneb_shore3;Урнеб-Шор;;;;;;;;;;;;;x;;;;;;;;;
c_buzadari_valley;Долина Буздари;;;;;;;;;;;;;x;;;;;;;;;
b_buzadari_valley;Долина Буздари;;;;;;;;;;;;;x;;;;;;;;;
b_buzadari_valley2;Долина Буздари;;;;;;;;;;;;;x;;;;;;;;;
b_buzadari_valley3;Долина Буздари;;;;;;;;;;;;;x;;;;;;;;;
d_egrys;Эгрис;;;;;;;;;;;;;x;;;;;;;;;
d_egrys_adj;Эгрисийск;;;;;;;;;;;;;x;;;;;;;;;
c_egrys;Эгрис;;;;;;;;;;;;;x;;;;;;;;;
b_egrys;Эгрис;;;;;;;;;;;;;x;;;;;;;;;
b_egrys2;Эгрис;;;;;;;;;;;;;x;;;;;;;;;
b_egrys3;Эгрис;;;;;;;;;;;;;x;;;;;;;;;
c_pyrys;Пирис;;;;;;;;;;;;;x;;;;;;;;;
b_pyrys;Пирис;;;;;;;;;;;;;x;;;;;;;;;
b_pyrys2;Пирис;;;;;;;;;;;;;x;;;;;;;;;
b_pyrys3;Пирис;;;;;;;;;;;;;x;;;;;;;;;
c_elenar_coast;Побережье Эленара;;;;;;;;;;;;;x;;;;;;;;;
b_elenar_coast;Побережье Эленара;;;;;;;;;;;;;x;;;;;;;;;
b_elenar_coast2;Побережье Эленара;;;;;;;;;;;;;x;;;;;;;;;
b_elenar_coast3;Побережье Эленара;;;;;;;;;;;;;x;;;;;;;;;
d_nuqiria;Нукирия;;;;;;;;;;;;;x;;;;;;;;;
d_nuqiria_adj;Нукирийск;;;;;;;;;;;;;x;;;;;;;;;
c_nuqiria;Нукирия;;;;;;;;;;;;;x;;;;;;;;;
b_nuqiria;Нукирия;;;;;;;;;;;;;x;;;;;;;;;
b_nuqiria2;Нукирия;;;;;;;;;;;;;x;;;;;;;;;
b_nuqiria3;Нукирия;;;;;;;;;;;;;x;;;;;;;;;
c_bianoros;Бианорос;;;;;;;;;;;;;x;;;;;;;;;
b_bianoros;Бианорос;;;;;;;;;;;;;x;;;;;;;;;
b_bianoros2;Бианорос;;;;;;;;;;;;;x;;;;;;;;;
b_bianoros3;Бианорос;;;;;;;;;;;;;x;;;;;;;;;
k_long_summer;Край Долгого Лета;;;;;;;;;;;;;x;;;;;;;;;
k_long_summer_adj;Долголетск;;;;;;;;;;;;;x;;;;;;;;;
d_oros;Орос;;;;;;;;;;;;;x;;;;;;;;;
d_oros_adj;Оросийск;;;;;;;;;;;;;x;;;;;;;;;
c_oros;Орос;;;;;;;;;;;;;x;;;;;;;;;
b_oros;Орос;;;;;;;;;;;;;x;;;;;;;;;
b_oros2;Орос;;;;;;;;;;;;;x;;;;;;;;;
b_oros3;Орос;;;;;;;;;;;;;x;;;;;;;;;
b_syndor;Синдор;;;;;;;;;;;;;x;;;;;;;;;
b_bisyria;Бисайрия;;;;;;;;;;;;;x;;;;;;;;;
c_mentis;Ментис;;;;;;;;;;;;;x;;;;;;;;;
b_mentis;Ментис;;;;;;;;;;;;;x;;;;;;;;;
b_mentis2;Ментис;;;;;;;;;;;;;x;;;;;;;;;
b_mentis3;Ментис;;;;;;;;;;;;;x;;;;;;;;;
c_daervos;Дейрвос;;;;;;;;;;;;;x;;;;;;;;;
b_daervos;Дейрвос;;;;;;;;;;;;;x;;;;;;;;;
b_daervos2;Дейрвос;;;;;;;;;;;;;x;;;;;;;;;
b_daervos3;Дейрвос;;;;;;;;;;;;;x;;;;;;;;;
d_aeksios;Риос;;;;;;;;;;;;;x;;;;;;;;;
d_aeksios_adj;Риосийск;;;;;;;;;;;;;x;;;;;;;;;
c_aeksios;Риос;;;;;;;;;;;;;x;;;;;;;;;
b_aeksios;Риос;;;;;;;;;;;;;x;;;;;;;;;
b_aeksios2;Риос;;;;;;;;;;;;;x;;;;;;;;;
b_aeksios3;Риос;;;;;;;;;;;;;x;;;;;;;;;
c_port_orbar;Порт Орбар;;;;;;;;;;;;;x;;;;;;;;;
b_port_orbar;Порт Орбар;;;;;;;;;;;;;x;;;;;;;;;
b_port_orbar2;Порт Орбар;;;;;;;;;;;;;x;;;;;;;;;
b_port_orbar3;Порт Орбар;;;;;;;;;;;;;x;;;;;;;;;
c_lopor_cove;Бухта Лопора;;;;;;;;;;;;;x;;;;;;;;;
b_lopor_cove;Бухта Лопора;;;;;;;;;;;;;x;;;;;;;;;
b_lopor_cove2;Бухта Лопора;;;;;;;;;;;;;x;;;;;;;;;
b_lopor_cove3;Бухта Лопора;;;;;;;;;;;;;x;;;;;;;;;
d_yghos;Игхос;;;;;;;;;;;;;x;;;;;;;;;
d_yghos_adj;Игхосийск;;;;;;;;;;;;;x;;;;;;;;;
c_yghos;Игхос;;;;;;;;;;;;;x;;;;;;;;;
b_yghos;Игхос;;;;;;;;;;;;;x;;;;;;;;;
b_yghos2;Игхос;;;;;;;;;;;;;x;;;;;;;;;
b_yghos3;Игхос;;;;;;;;;;;;;x;;;;;;;;;
c_gelenka_valleys;Гельненские долины;;;;;;;;;;;;;x;;;;;;;;;
b_gelenka_valleys;Гельненские долины;;;;;;;;;;;;;x;;;;;;;;;
b_gelenka_valleys2;Гельненские долины;;;;;;;;;;;;;x;;;;;;;;;
b_gelenka_valleys3;Гельненские долины;;;;;;;;;;;;;x;;;;;;;;;
d_jaedos;Джейдос;;;;;;;;;;;;;x;;;;;;;;;
c_jaedos;Джейдос;;;;;;;;;;;;;x;;;;;;;;;
b_jaedos;Джейдос;;;;;;;;;;;;;x;;;;;;;;;
b_jaedos2;Джейдос;;;;;;;;;;;;;x;;;;;;;;;
b_jaedos3;Джейдос;;;;;;;;;;;;;x;;;;;;;;;
c_otor_lands;Земли Отора;;;;;;;;;;;;;x;;;;;;;;;
b_otor_lands;Земли Отора;;;;;;;;;;;;;x;;;;;;;;;
b_otor_lands2;Земли Отора;;;;;;;;;;;;;x;;;;;;;;;
b_otor_lands3;Земли Отора;;;;;;;;;;;;;x;;;;;;;;;
c_long_summer_way;Дорога Долгого Лета;;;;;;;;;;;;;x;;;;;;;;;
b_long_summer_way;Дорога Долгого Лета;;;;;;;;;;;;;x;;;;;;;;;
b_long_summer_way2;Дорога Долгого Лета;;;;;;;;;;;;;x;;;;;;;;;
b_long_summer_way3;Дорога Долгого Лета;;;;;;;;;;;;;x;;;;;;;;;
d_port_of_sighs;Порт Вздохов;;;;;;;;;;;;;x;;;;;;;;;
d_port_of_sighs_adj;Порт Вздохов;;;;;;;;;;;;;x;;;;;;;;;
c_port_of_sighs;Порт Вздохов;;;;;;;;;;;;;x;;;;;;;;;
b_port_of_sighs;Порт Вздохов;;;;;;;;;;;;;x;;;;;;;;;
b_port_of_sighs2;Порт Вздохов;;;;;;;;;;;;;x;;;;;;;;;
b_port_of_sighs3;Порт Вздохов;;;;;;;;;;;;;x;;;;;;;;;
c_zoklos;Зоклос;;;;;;;;;;;;;x;;;;;;;;;
b_zoklos;Зоклос;;;;;;;;;;;;;x;;;;;;;;;
b_zoklos2;Зоклос;;;;;;;;;;;;;x;;;;;;;;;
b_zoklos3;Зоклос;;;;;;;;;;;;;x;;;;;;;;;
c_melior_march;Путь Мелиора;;;;;;;;;;;;;x;;;;;;;;;
b_melior_march;Путь Мелиора;;;;;;;;;;;;;x;;;;;;;;;
b_melior_march2;Путь Мелиора;;;;;;;;;;;;;x;;;;;;;;;
b_melior_march3;Путь Мелиора;;;;;;;;;;;;;x;;;;;;;;;
c_ublesia;Ублезия;;;;;;;;;;;;;x;;;;;;;;;
b_ublesia;Ублезия;;;;;;;;;;;;;x;;;;;;;;;
b_ublesia2;Ублезия;;;;;;;;;;;;;x;;;;;;;;;
b_ublesia3;Ублезия;;;;;;;;;;;;;x;;;;;;;;;
d_sarhoy;Сарой;;;;;;;;;;;;;x;;;;;;;;;
d_sarhoy_adj;Сарой;;;;;;;;;;;;;x;;;;;;;;;
city_empire_valyrian;Фригольд;;;;;;;;;;;;;x;;;;;;;;;
city_empire_of_valyrian;Фригольд;;;;;;;;;;;;;x;;;;;;;;;
city_emperor_valyrian;Архонт;;;;;;;;;;;;;x;;;;;;;;;
city_emperor_female_valyrian;Леди;;;;;;;;;;;;;x;;;;;;;;;
city_emperor_foa_valyrian;Милорд;;;;;;;;;;;;;x;;;;;;;;;
city_kingdom_valyrian;Вольный Город;;;;;;;;;;;;;x;;;;;;;;;
city_kingdom_of_valyrian;Вольный Город;;;;;;;;;;;;;x;;;;;;;;;
city_king_valyrian;Архонт;;;;;;;;;;;;;x;;;;;;;;;
city_king_female_valyrian;Леди;;;;;;;;;;;;;x;;;;;;;;;
city_king_foa_valyrian;Милорд;;;;;;;;;;;;;x;;;;;;;;;
city_duke_high_valyrian;Лорд-землевладелец;;;;;;;;;;;;;x;;;;;;;;;
city_duke_female_high_valyrian;Леди-землевладелец;;;;;;;;;;;;;x;;;;;;;;;
city_count_high_valyrian;Лорд-землевладелец;;;;;;;;;;;;;x;;;;;;;;;
city_count_female_high_valyrian;Леди-землевладелец;;;;;;;;;;;;;x;;;;;;;;;
city_duke_eastern_valyrian;Лорд-землевладелец;;;;;;;;;;;;;x;;;;;;;;;
city_duke_female_eastern_valyrian;Леди-землевладелец;;;;;;;;;;;;;x;;;;;;;;;
city_count_eastern_valyrian;Лорд-землевладелец;;;;;;;;;;;;;x;;;;;;;;;
city_count_female_eastern_valyrian;Леди-землевладелец;;;;;;;;;;;;;x;;;;;;;;;
LP_empire_valyrian;Фригольд;;;;;;;;;;;;;x;;;;;;;;;
LP_empire_of_valyrian;Фригольд;;;;;;;;;;;;;x;;;;;;;;;
LP_emperor_valyrian;Архонт;;;;;;;;;;;;;x;;;;;;;;;
LP_emperor_female_valyrian;Архонт;;;;;;;;;;;;;x;;;;;;;;;
LP_emperor_high_valyrian;Лорд-Протектор;;;;;;;;;;;;;x;;;;;;;;;
LP_emperor_female_high_valyrian;Лорд-Протектор;;;;;;;;;;;;;x;;;;;;;;;
LP_emperor_western_valyrian;Лорд-Протектор;;;;;;;;;;;;;x;;;;;;;;;
LP_emperor_female_western_valyrian;Лорд-Протектор;;;;;;;;;;;;;x;;;;;;;;;
LP_emperor_foa_valyrian;Милорд;;;;;;;;;;;;;x;;;;;;;;;
LP_king_valyrian;Архонт;;;;;;;;;;;;;x;;;;;;;;;
LP_king_female_valyrian;Леди;;;;;;;;;;;;;x;;;;;;;;;
LP_king_high_valyrian;Верховный лорд;;;;;;;;;;;;;x;;;;;;;;;
LP_king_female_high_valyrian;Верховная леди;;;;;;;;;;;;;x;;;;;;;;;
LP_king_western_valyrian;Верховный лорд;;;;;;;;;;;;;x;;;;;;;;;
LP_king_female_western_valyrian;Верховная леди;;;;;;;;;;;;;x;;;;;;;;;
oligarchy_empire_valyrian;Фригольд;;;;;;;;;;;;;x;;;;;;;;;
oligarchy_empire_of_valyrian;Фригольд;;;;;;;;;;;;;x;;;;;;;;;
oligarchy_emperor_valyrian;Архонт;;;;;;;;;;;;;x;;;;;;;;;
oligarchy_emperor_female_valyrian;Леди;;;;;;;;;;;;;x;;;;;;;;;
oligarchy_emperor_foa_valyrian;Милорд;;;;;;;;;;;;;x;;;;;;;;;
oligarchy_kingdom_valyrian;Вольный Город;;;;;;;;;;;;;x;;;;;;;;;
oligarchy_kingdom_of_valyrian;Вольный Город;;;;;;;;;;;;;x;;;;;;;;;
oligarchy_king_valyrian;Архонт;;;;;;;;;;;;;x;;;;;;;;;
oligarchy_king_female_valyrian;Леди;;;;;;;;;;;;;x;;;;;;;;;
oligarchy_king_foa_valyrian;Милорд;;;;;;;;;;;;;x;;;;;;;;;
family_palace_baron_valyrian;Лорд-землевладелец;;;;;;;;;;;;;x;;;;;;;;;
family_palace_baron_female_valyrian;Леди;;;;;;;;;;;;;x;;;;;;;;;
family_palace_baron_foa_valyrian;Милорд;;;;;;;;;;;;;x;;;;;;;;;
family_palace_baron_western_valyrian;Лорд-землевладелец;;;;;;;;;;;;;x;;;;;;;;;
family_palace_baron_female_western_valyrian;Леди;;;;;;;;;;;;;x;;;;;;;;;
family_palace_baron_foa_western_valyrian;Милорд;;;;;;;;;;;;;x;;;;;;;;;
family_palace_baron_high_valyrian;Лорд-землевладелец;;;;;;;;;;;;;x;;;;;;;;;
family_palace_baron_female_high_valyrian;Леди;;;;;;;;;;;;;x;;;;;;;;;
family_palace_baron_foa_high_valyrian;Милорд;;;;;;;;;;;;;x;;;;;;;;;
;;;;;;;;;;;;;;x;;;;;;;;;
job_treasurer_high_valyrian;Казначей;;;;;;;;;;;;;x;;;;;;;;;
job_marshal_high_valyrian;Мастер над Оружием;;;;;;;;;;;;;x;;;;;;;;;
job_castellan_high_valyrian;Кастелян;;;;;;;;;;;;;x;;;;;;;;;
emperor_job_castellan_valyrian;Архонт;;;;;;;;;;;;;x;;;;;;;;;
emperor_job_treasurer_valyrian;Лорд-Казначей;;;;;;;;;;;;;x;;;;;;;;;
emperor_job_treasurer_high_valyrian;Лорд-Казначей;;;;;;;;;;;;;x;;;;;;;;;
emperor_job_treasurer_western_valyrian;Мастер над Монетой;;;;;;;;;;;;;x;;;;;;;;;
emperor_job_spymaster_valyrian;Мастер над Шептунами;;;;;;;;;;;;;x;;;;;;;;;
emperor_job_spymaster_high_valyrian;Мастер над Шептунами;;;;;;;;;;;;;x;;;;;;;;;
emperor_job_spymaster_western_valyrian;Мастер над Шептунами;;;;;;;;;;;;;x;;;;;;;;;
emperor_job_marshal_high_valyrian;Верховный Генерал;;;;;;;;;;;;;x;;;;;;;;;
king_job_treasurer_high_valyrian;Мастер над Монетой;;;;;;;;;;;;;x;;;;;;;;;
king_job_treasurer_western_valyrian;Мастер над Монетой;;;;;;;;;;;;;x;;;;;;;;;
king_job_chancellor_high_valyrian;Мастер над Законами;;;;;;;;;;;;;x;;;;;;;;;
king_job_chancellor_western_valyrian;Мастер над Законами;;;;;;;;;;;;;x;;;;;;;;;
king_job_spymaster_high_valyrian;Мастер над Шептунами;;;;;;;;;;;;;x;;;;;;;;;
king_job_spymaster_western_valyrian;Мастер над Шептунами;;;;;;;;;;;;;x;;;;;;;;;
king_job_castellan_high_valyrian;Десница Короля;;;;;;;;;;;;;x;;;;;;;;;
king_job_castellan_western_valyrian;Десница Короля;;;;;;;;;;;;;x;;;;;;;;;
king_job_castellan_eastern_valyrian;Архонт;;;;;;;;;;;;;x;;;;;;;;;
;;;;;;;;;;;;;;x;;;;;;;;;
city_job_treasurer_high_valyrian;Казначей;;;;;;;;;;;;;x;;;;;;;;;
city_job_marshal_high_valyrian;Верховный Генерал;;;;;;;;;;;;;x;;;;;;;;;
city_job_castellan_high_valyrian;Сенешаль;;;;;;;;;;;;;x;;;;;;;;;
city_emperor_job_castellan_valyrian;Архонт;;;;;;;;;;;;;x;;;;;;;;;
city_emperor_job_treasurer_valyrian;Лорд-Казначей;;;;;;;;;;;;;x;;;;;;;;;
city_emperor_job_treasurer_high_valyrian;Лорд-Казначей;;;;;;;;;;;;;x;;;;;;;;;
city_emperor_job_treasurer_western_valyrian;Лорд-Казначей;;;;;;;;;;;;;x;;;;;;;;;
city_emperor_job_marshal_valyrian;Верховный Генерал;;;;;;;;;;;;;x;;;;;;;;;
city_king_job_treasurer_high_valyrian;Мастер над Монетой;;;;;;;;;;;;;x;;;;;;;;;
city_king_job_treasurer_western_valyrian;Мастер над Монетой;;;;;;;;;;;;;x;;;;;;;;;
city_king_job_chancellor_high_valyrian;Мастер над Законами;;;;;;;;;;;;;x;;;;;;;;;
city_king_job_chancellor_western_valyrian;Мастер над Законами;;;;;;;;;;;;;x;;;;;;;;;
city_king_job_spymaster_high_valyrian;Мастер над Шептунами;;;;;;;;;;;;;x;;;;;;;;;
city_king_job_spymaster_western_valyrian;Мастер над Шептунами;;;;;;;;;;;;;x;;;;;;;;;
city_king_job_castellan_valyrian;Архонт;;;;;;;;;;;;;x;;;;;;;;;
city_king_job_marshal_valyrian;Верховный Генерал;;;;;;;;;;;;;x;;;;;;;;;
;;;;;;;;;;;;;;x;;;;;;;;;
LP_job_castellan_eastern_valyrian;Архонт;;;;;;;;;;;;;x;;;;;;;;;
LP_job_marshal_high_valyrian;Мастер над Оружием;;;;;;;;;;;;;x;;;;;;;;;
LP_job_marshal_western_valyrian;Мастер над Оружием;;;;;;;;;;;;;x;;;;;;;;;
LP_job_castellan_high_valyrian;Кастелян;;;;;;;;;;;;;x;;;;;;;;;
LP_job_castellan_western_valyrian;Кастелян;;;;;;;;;;;;;x;;;;;;;;;
LP_emperor_job_castellan_valyrian;Архонт;;;;;;;;;;;;;x;;;;;;;;;
LP_emperor_job_treasurer_valyrian;Лорд-Казначей;;;;;;;;;;;;;x;;;;;;;;;
LP_emperor_job_treasurer_high_valyrian;Лорд-Казначей;;;;;;;;;;;;;x;;;;;;;;;
LP_emperor_job_treasurer_western_valyrian;Мастер над Монетой;;;;;;;;;;;;;x;;;;;;;;;
LP_emperor_job_spymaster_valyrian;Мастер над Шептунами;;;;;;;;;;;;;x;;;;;;;;;
LP_emperor_job_spymaster_high_valyrian;Мастер над Шептунами;;;;;;;;;;;;;x;;;;;;;;;
LP_emperor_job_spymaster_western_valyrian;Мастер над Шептунами;;;;;;;;;;;;;x;;;;;;;;;
LP_emperor_job_marshal_high_valyrian;Верховный Генерал;;;;;;;;;;;;;x;;;;;;;;;
LP_king_job_castellan_high_valyrian;Кастелян;;;;;;;;;;;;;x;;;;;;;;;
LP_king_job_castellan_western_valyrian;Кастелян;;;;;;;;;;;;;x;;;;;;;;;
LP_king_job_marshal_high_valyrian;Мастер над Оружием;;;;;;;;;;;;;x;;;;;;;;;
LP_king_job_marshal_western_valyrian;Мастер над Оружием;;;;;;;;;;;;;x;;;;;;;;;
;;;;;;;;;;;;;;x;;;;;;;;;
oligarchy_job_marshal_high_valyrian;Мастер над Оружием;;;;;;;;;;;;;x;;;;;;;;;
oligarchy_job_marshal_western_valyrian;Мастер над Оружием;;;;;;;;;;;;;x;;;;;;;;;
oligarchy_job_castellan_high_valyrian;Кастелян;;;;;;;;;;;;;x;;;;;;;;;
oligarchy_job_castellan_western_valyrian;Кастелян;;;;;;;;;;;;;x;;;;;;;;;
oligarchy_job_castellan_eastern_valyrian;Архонт;;;;;;;;;;;;;x;;;;;;;;;
oligarchy_emperor_job_castellan_valyrian;Архонт;;;;;;;;;;;;;x;;;;;;;;;
oligarchy_emperor_job_treasurer_valyrian;Лорд-Казначей;;;;;;;;;;;;;x;;;;;;;;;
oligarchy_emperor_job_treasurer_high_valyrian;Лорд-Казначей;;;;;;;;;;;;;x;;;;;;;;;
oligarchy_emperor_job_treasurer_western_valyrian;Мастер над Монетой;;;;;;;;;;;;;x;;;;;;;;;
oligarchy_emperor_job_spymaster_valyrian;Мастер над Шептунами;;;;;;;;;;;;;x;;;;;;;;;
oligarchy_emperor_job_spymaster_high_valyrian;Мастер над Шептунами;;;;;;;;;;;;;x;;;;;;;;;
oligarchy_emperor_job_spymaster_western_valyrian;Мастер над Шептунами;;;;;;;;;;;;;x;;;;;;;;;
oligarchy_emperor_job_marshal_high_valyrian;Верховный Генерал;;;;;;;;;;;;;x;;;;;;;;;
oligarchy_king_job_castellan_high_valyrian;Кастелян;;;;;;;;;;;;;x;;;;;;;;;
oligarchy_king_job_castellan_western_valyrian;Кастелян;;;;;;;;;;;;;x;;;;;;;;;
oligarchy_king_job_marshal_high_valyrian;Мастер над Оружием;;;;;;;;;;;;;x;;;;;;;;;
oligarchy_king_job_marshal_western_valyrian;Мастер над Оружием;;;;;;;;;;;;;x;;;;;;;;;
;;;;;;;;;;;;;;x;;;;;;;;;
emperor_title_high_admiral_high_valyrian;Верховный Адмирал;;;;;;;;;;;;;x;;;;;;;;;
king_title_high_admiral_high_valyrian;Мастер над Кораблями;;;;;;;;;;;;;x;;;;;;;;;
duke_title_high_admiral_high_valyrian;Верховный Адмирал;;;;;;;;;;;;;x;;;;;;;;;
count_title_high_admiral_high_valyrian;Адмирал;;;;;;;;;;;;;x;;;;;;;;;
LP_king_title_high_admiral_high_valyrian;Лорд-Адмирад;;;;;;;;;;;;;x;;;;;;;;;
emperor_title_high_admiral_B_high_valyrian;Верховный Адмирал;;;;;;;;;;;;;x;;;;;;;;;
king_title_high_admiral_B_high_valyrian;Мастер над Кораблями;;;;;;;;;;;;;x;;;;;;;;;
duke_title_high_admiral_B_high_valyrian;Верховный Адмирал;;;;;;;;;;;;;x;;;;;;;;;
count_title_high_admiral_B_high_valyrian;Адмирал;;;;;;;;;;;;;x;;;;;;;;;
LP_king_title_high_admiral_B_high_valyrian;Лорд-Адмирад;;;;;;;;;;;;;x;;;;;;;;;
city_emperor_title_councilmember_king_high_valyrian;Эйксион;;;;;;;;;;;;;x;;;;;;;;;
city_emperor_title_councilmember_emperor_high_valyrian;Эйксион;;;;;;;;;;;;;x;;;;;;;;;
LP_emperor_title_councilmember_king_high_valyrian;Эйксион;;;;;;;;;;;;;x;;;;;;;;;
LP_emperor_title_councilmember_emperor_high_valyrian;Эйксион;;;;;;;;;;;;;x;;;;;;;;;
;;;;;;;;;;;;;;x;;;;;;;;;
job_treasurer_female_high_valyrian;Казначей;;;;;;;;;;;;;x;;;;;;;;;
job_marshal_female_high_valyrian;Мастер над Оружием;;;;;;;;;;;;;x;;;;;;;;;
job_castellan_female_high_valyrian;Кастелян;;;;;;;;;;;;;x;;;;;;;;;
emperor_job_castellan_female_valyrian;Архонт;;;;;;;;;;;;;x;;;;;;;;;
emperor_job_treasurer_female_valyrian;Лорд-Казначей;;;;;;;;;;;;;x;;;;;;;;;
emperor_job_treasurer_female_high_valyrian;Лорд-Казначей;;;;;;;;;;;;;x;;;;;;;;;
emperor_job_treasurer_female_western_valyrian;Мастер над Монетой;;;;;;;;;;;;;x;;;;;;;;;
emperor_job_spymaster_female_valyrian;Мастер над Шептунами;;;;;;;;;;;;;x;;;;;;;;;
emperor_job_spymaster_female_high_valyrian;Мастер над Шептунами;;;;;;;;;;;;;x;;;;;;;;;
emperor_job_spymaster_female_western_valyrian;Мастер над Шептунами;;;;;;;;;;;;;x;;;;;;;;;
emperor_job_marshal_female_high_valyrian;Верховный Генерал;;;;;;;;;;;;;x;;;;;;;;;
king_job_treasurer_female_high_valyrian;Мастер над Монетой;;;;;;;;;;;;;x;;;;;;;;;
king_job_treasurer_female_western_valyrian;Мастер над Монетой;;;;;;;;;;;;;x;;;;;;;;;
king_job_chancellor_female_high_valyrian;Мастер над Законами;;;;;;;;;;;;;x;;;;;;;;;
king_job_chancellor_female_western_valyrian;Мастер над Законами;;;;;;;;;;;;;x;;;;;;;;;
king_job_spymaster_female_high_valyrian;Мастер над Шептунами;;;;;;;;;;;;;x;;;;;;;;;
king_job_spymaster_female_western_valyrian;Мастер над Шептунами;;;;;;;;;;;;;x;;;;;;;;;
king_job_castellan_female_high_valyrian;Десница Короля;;;;;;;;;;;;;x;;;;;;;;;
king_job_castellan_female_western_valyrian;Десница Короля;;;;;;;;;;;;;x;;;;;;;;;
king_job_castellan_female_eastern_valyrian;Архонт;;;;;;;;;;;;;x;;;;;;;;;
;;;;;;;;;;;;;;x;;;;;;;;;
city_job_treasurer_female_high_valyrian;Казначей;;;;;;;;;;;;;x;;;;;;;;;
city_job_marshal_female_high_valyrian;Верховный Генерал;;;;;;;;;;;;;x;;;;;;;;;
city_job_castellan_female_high_valyrian;Сенешаль;;;;;;;;;;;;;x;;;;;;;;;
city_emperor_job_castellan_female_valyrian;Архонт;;;;;;;;;;;;;x;;;;;;;;;
city_emperor_job_treasurer_female_valyrian;Лорд-Казначей;;;;;;;;;;;;;x;;;;;;;;;
city_emperor_job_treasurer_female_high_valyrian;Лорд-Казначей;;;;;;;;;;;;;x;;;;;;;;;
city_emperor_job_treasurer_female_western_valyrian;Лорд-Казначей;;;;;;;;;;;;;x;;;;;;;;;
city_emperor_job_marshal_female_valyrian;Верховный Генерал;;;;;;;;;;;;;x;;;;;;;;;
city_king_job_treasurer_female_high_valyrian;Мастер над Монетой;;;;;;;;;;;;;x;;;;;;;;;
city_king_job_treasurer_female_western_valyrian;Мастер над Монетой;;;;;;;;;;;;;x;;;;;;;;;
city_king_job_chancellor_female_high_valyrian;Мастер над Законами;;;;;;;;;;;;;x;;;;;;;;;
city_king_job_chancellor_female_western_valyrian;Мастер над Законами;;;;;;;;;;;;;x;;;;;;;;;
city_king_job_spymaster_female_high_valyrian;Мастер над Шептунами;;;;;;;;;;;;;x;;;;;;;;;
city_king_job_spymaster_female_western_valyrian;Мастер над Шептунами;;;;;;;;;;;;;x;;;;;;;;;
city_king_job_castellan_female_valyrian;Архонт;;;;;;;;;;;;;x;;;;;;;;;
city_king_job_marshal_female_valyrian;Верховный Генерал;;;;;;;;;;;;;x;;;;;;;;;
;;;;;;;;;;;;;;x;;;;;;;;;
LP_job_castellan_female_eastern_valyrian;Архонт;;;;;;;;;;;;;x;;;;;;;;;
LP_job_marshal_female_high_valyrian;Мастер над Оружием;;;;;;;;;;;;;x;;;;;;;;;
LP_job_marshal_female_western_valyrian;Мастер над Оружием;;;;;;;;;;;;;x;;;;;;;;;
LP_job_castellan_female_high_valyrian;Кастелян;;;;;;;;;;;;;x;;;;;;;;;
LP_job_castellan_female_western_valyrian;Кастелян;;;;;;;;;;;;;x;;;;;;;;;
LP_emperor_job_castellan_female_valyrian;Архонт;;;;;;;;;;;;;x;;;;;;;;;
LP_emperor_job_treasurer_female_valyrian;Лорд-Казначей;;;;;;;;;;;;;x;;;;;;;;;
LP_emperor_job_treasurer_female_high_valyrian;Лорд-Казначей;;;;;;;;;;;;;x;;;;;;;;;
LP_emperor_job_treasurer_female_western_valyrian;Мастер над монетой;;;;;;;;;;;;;x;;;;;;;;;
LP_emperor_job_spymaster_female_valyrian;Мастер над Шептунами;;;;;;;;;;;;;x;;;;;;;;;
LP_emperor_job_spymaster_female_high_valyrian;Мастер над Шептунами;;;;;;;;;;;;;x;;;;;;;;;
LP_emperor_job_spymaster_female_western_valyrian;Мастер над Шептунами;;;;;;;;;;;;;x;;;;;;;;;
LP_emperor_job_marshal_female_high_valyrian;Верховный Генерал;;;;;;;;;;;;;x;;;;;;;;;
LP_king_job_castellan_female_high_valyrian;Кастелян;;;;;;;;;;;;;x;;;;;;;;;
LP_king_job_castellan_female_western_valyrian;Кастелян;;;;;;;;;;;;;x;;;;;;;;;
LP_king_job_marshal_female_high_valyrian;Мастер над оружием;;;;;;;;;;;;;x;;;;;;;;;
LP_king_job_marshal_female_western_valyrian;Мастер над оружием;;;;;;;;;;;;;x;;;;;;;;;
;;;;;;;;;;;;;;x;;;;;;;;;
oligarchy_job_marshal_female_high_valyrian;Мастер над Оружием;;;;;;;;;;;;;x;;;;;;;;;
oligarchy_job_marshal_female_western_valyrian;Мастер над Оружием;;;;;;;;;;;;;x;;;;;;;;;
oligarchy_job_castellan_female_high_valyrian;Кастелян;;;;;;;;;;;;;x;;;;;;;;;
oligarchy_job_castellan_female_western_valyrian;Кастелян;;;;;;;;;;;;;x;;;;;;;;;
oligarchy_job_castellan_female_eastern_valyrian;Архонт;;;;;;;;;;;;;x;;;;;;;;;
oligarchy_emperor_job_castellan_female_valyrian;Архонт;;;;;;;;;;;;;x;;;;;;;;;
oligarchy_emperor_job_treasurer_female_valyrian;Лорд-Казначей;;;;;;;;;;;;;x;;;;;;;;;
oligarchy_emperor_job_treasurer_female_high_valyrian;Лорд-Казначей;;;;;;;;;;;;;x;;;;;;;;;
oligarchy_emperor_job_treasurer_female_western_valyrian;Мастер над монетой;;;;;;;;;;;;;x;;;;;;;;;
oligarchy_emperor_job_spymaster_female_valyrian;Мастер над Шептунами;;;;;;;;;;;;;x;;;;;;;;;
oligarchy_emperor_job_spymaster_female_high_valyrian;Мастер над Шептунами;;;;;;;;;;;;;x;;;;;;;;;
oligarchy_emperor_job_spymaster_female_western_valyrian;Мастер над Шептунами;;;;;;;;;;;;;x;;;;;;;;;
oligarchy_emperor_job_marshal_female_high_valyrian;Верховный Генерал;;;;;;;;;;;;;x;;;;;;;;;
oligarchy_king_job_castellan_female_high_valyrian;Кастелян;;;;;;;;;;;;;x;;;;;;;;;
oligarchy_king_job_castellan_female_western_valyrian;Кастелян;;;;;;;;;;;;;x;;;;;;;;;
oligarchy_king_job_marshal_female_high_valyrian;Мастер над Оружием;;;;;;;;;;;;;x;;;;;;;;;
oligarchy_king_job_marshal_female_western_valyrian;Мастер над Оружием;;;;;;;;;;;;;x;;;;;;;;;
;;;;;;;;;;;;;;x;;;;;;;;;
emperor_title_high_admiral_female_high_valyrian;Верховный Адмирал;;;;;;;;;;;;;x;;;;;;;;;
king_title_high_admiral_female_high_valyrian;Мастер над Кораблями;;;;;;;;;;;;;x;;;;;;;;;
duke_title_high_admiral_female_high_valyrian;Верховный Адмирал;;;;;;;;;;;;;x;;;;;;;;;
count_title_high_admiral_female_high_valyrian;Адмирал;;;;;;;;;;;;;x;;;;;;;;;
LP_king_title_high_admiral_female_high_valyrian;Лорд-Адмирал;;;;;;;;;;;;;x;;;;;;;;;
emperor_title_high_admiral_female_B_high_valyrian;Верховный Адмирал;;;;;;;;;;;;;x;;;;;;;;;
king_title_high_admiral_female_B_high_valyrian;Мастер над Кораблями;;;;;;;;;;;;;x;;;;;;;;;
duke_title_high_admiral_female_B_high_valyrian;Верховный Адмирал;;;;;;;;;;;;;x;;;;;;;;;
count_title_high_admiral_female_B_high_valyrian;Адмирал;;;;;;;;;;;;;x;;;;;;;;;
LP_king_title_high_admiral_female_B_high_valyrian;Лорд-Адмирал;;;;;;;;;;;;;x;;;;;;;;;
city_emperor_title_councilmember_king_female_high_valyrian;Эйксион;;;;;;;;;;;;;x;;;;;;;;;
city_emperor_title_councilmember_emperor_female_high_valyrian;Эйксион;;;;;;;;;;;;;x;;;;;;;;;
LP_emperor_title_councilmember_king_female_high_valyrian;Эйксион;;;;;;;;;;;;;x;;;;;;;;;
LP_emperor_title_councilmember_emperor_female_high_valyrian;Эйксион;;;;;;;;;;;;;x;;;;;;;;;
;;;;;;;;;;;;;;x;;;;;;;;;
emperor_title_commander_valyrian;Имперский полководнц;;;;;;;;;;;;;x;;;;;;;;;
LP_emperor_title_commander_valyrian;Имперский полководнц;;;;;;;;;;;;;x;;;;;;;;;
oligarchy_emperor_title_commander_valyrian;Имперский полководнц;;;;;;;;;;;;;x;;;;;;;;;
title_commander_eastern_valyrian;Полководец;;;;;;;;;;;;;x;;;;;;;;;
city_title_commander_eastern_valyrian;Полководец;;;;;;;;;;;;;x;;;;;;;;;
LP_title_commander_eastern_valyrian;Полководец;;;;;;;;;;;;;x;;;;;;;;;
oligarchy_title_commander_eastern_valyrian;Полководец;;;;;;;;;;;;;x;;;;;;;;;
EVTDESCvalyria.1;Фригольд Валирия не является ни королевством, ни империей. Вместо этого все свободные держатели или свободнорожденные землевладельцы имеют право голоса в управлении. На практике, однако, Фригольд управляется лордами-землевладельцами, могущественными дворянскими семьями драконьих наездников, которые вркменно избирают Архонтов на Совете каждые пять лет.;;;;;;;;;;;;;x;;;;;;;;;
EVTOPTAvalyria.1;Мой срок как [Root.GetTitle] кончился;;;;;;;;;;;;;;;;;x;;;;;
TOOLTIPvalyria.3C;Проводятся выборы для избрания нового Совета. Вам будет предоставлено командование городом при передаче власти;;;;;;;;;;;;;;;;;x;;;;;
EVTOPTBvalyria.1;Я имею право оставаться в Совете;;;;;;;;;;;;;x;;;;;;;;;
TOOLTIPvalyria.3D;Проводятся выборы для избрания нового Совета. Вас могут и не избрать в этот раз.;;;;;;;;;;;;;x;;;;;;;;;
TOOLTIPVALYRIAFREEHOLD;Валирийский Фригольд работает в рамках системы управления, где глава Архонт и его Совет избираеюся лордами Фригольда.\n\n§Y*§!Советники избираются на выборах, проводимых каждые 5 лет, за исключением случаев, когда земли подвергаются нападению, тогда выборы приостанавливаются.§Y*§!Если Фригольд является купеческой республикой, глава одной из 5 ведущих семей (патрициев) должен быть старшим Архонтом\n§Y*§!Только свободнорожденные и землевладельцы  валирийской крови могут выдвигаться на выборах\n§Y*§!После смерти старшего Архонта один из избранных советников приходитк власти. Если это невозможно, то проводятся немедленные выборы\n§Y*§!Если старший Триарх нуждается в регенте, выборный советник должен стать регентом, если это возможно\n§Y*§!По завершении выборов и передачи полномочий уходящим советникам может быть предоставлена возможность управлять провинцией или принять на себя командование.;;;;;;;;;;;;;x;;;;;;;;;
EVTDESCvalyria.2;Фригольд Валирия не является ни королевством, ни империей. Вместо этого все свободные держатели или свободнорожденные землевладельцы имеют право голоса в управлении. На практике, однако, Фригольд управляется лордами-землевладельцами, могущественными дворянскими семьями драконьих наездников, которые вркменно избирают Архонтов на Совете каждые пять лет. Совет [From.GetTitledFirstNameWithDynasty] завершил свой срок.;;;;;;;;;;;;;x;;;;;;;;;
EVTOPTAvalyria.2;Я не имею права на выборы;;;;;;;;;;;;;x;;;;;;;;;
EVTOPTBvalyria.2;Я буду выдвигаться на выборах!;;;;;;;;;;;;;x;;;;;;;;;
TOOLTIPEVTOPTBvalyria.2;Проводятся выборы для избрания нового Совета. Вы выдвигаете себя в качестве кандидата.;;;;;;;;;;;;;x;;;;;;;;;
EVTOPTCvalyria.2;Я не желаю места в Совете;;;;;;;;;;;;;x;;;;;;;;;
TOOLTIPvalyria.3;Проводятся выборы для избрания нового Совета. Вы отказываетесь от выборов.;;;;;;;;;;;;;;;;;x;;;;;
EVTDESCvalyria.3;Вы были избраны лордами-землевладельцами Совета Валирийского Фригольда как глава земли [From.PrimaryTitle.GetRulerTitle]!;;;;;;;;;;;;;x;;;;;;;;;
EVTDESCvalyria.3B;В соответствии с законом, вы сохраняете свой пост в совете Валирийского Фригольда как глава земли [From.PrimaryTitle.GetRulerTitle].;;;;;;;;;;;;;x;;;;;;;;;
EVTDESCvalyria.3C;Не найдено подходящих кандидатов для должности главы  земли[From.PrimaryTitle.GetRulerTitle] на Совете, и поэтому вы сохраняете свое место на ближайшие 5 лет.;;;;;;;;;;;;;x;;;;;;;;;
EVTOPTAvalyria.3;Я буду руководить Советом в меру своих возможностей;;;;;;;;;;;;;x;;;;;;;;;
EVTDESCvalyria.4;Вы были избраны лордами-землевладельцами Совета Валирийского Фригольда как [From.GetMyCastellanName]! Эта должность вторая после главы земли [From.PrimaryTitle.GetRulerTitle].;;;;;;;;;;;;;x;;;;;;;;;
EVTOPTAvalyria.4;Великая честь;;;;;;;;;;;;;x;;;;;;;;;
EVTDESCvalyria.5;Вы были избраны лордами-землевладельцами в Совет Валирийского Фригольда как [From.GetMyChancellorName]! ;;;;;;;;;;;;;x;;;;;;;;;
EVTOPTAvalyria.5;Справедливость восторжествует при моем правлении;;;;;;;;;;;;;x;;;;;;;;;
EVTDESCvalyria.6;Вы были избраны лордами-землевладельцами в Совет Валирийского Фригольда как [From.GetMyMarshalName]! ;;;;;;;;;;;;;x;;;;;;;;;
EVTOPTAvalyria.6;Армии Фригольда будут процветать;;;;;;;;;;;;;x;;;;;;;;;
EVTDESCvalyria.7;Вы были избраны лордами-землевладельцами в Совет Валирийского Фригольда как [From.GetMyTreasurerName]! ;;;;;;;;;;;;;x;;;;;;;;;
EVTOPTAvalyria.7;Я буду с усердием управлять финансами Фригольда;;;;;;;;;;;;;x;;;;;;;;;
EVTDESCvalyria.8;Вы были избраны лордами-землевладельцами в Совет Валирийского Фригольда как [From.GetMySpymasterName]! ;;;;;;;;;;;;;;;;;x;;;;;
EVTOPTAvalyria.8;Я буду держать своих коллег в курсе;;;;;;;;;;;;;x;;;;;;;;;
EVTDESCvalyria.891;Вы были избраны лордами-землевладельцами в Совет Валирийского Фригольда как [From.GetMyAdmiralName]! ;;;;;;;;;;;;;;;;;x;;;;;
EVTOPTAvalyria.891;Я укреплю флот Фригольда;;;;;;;;;;;;;x;;;;;;;;;
EVTDESCvalyria.893;Вы были избраны лордами-землевладельцами в Совет Валирийского Фригольда как Эйксион! Это консультативная должность без особой ответственности.;;;;;;;;;;;;;x;;;;;;;;;
EVTOPTAvalyria.893;Я горжусь тем, что получил эту должность;;;;;;;;;;;;;x;;;;;;;;;
EVTDESCvalyria.9;Лорды-землевладельцы собрались и избрали Совет на ближайшие пять лет. Уходящим советникам теперь будет предложено назначение в колонии или командование, а вновь избранный Совет приступит к исполнению своих обязанностей.;;;;;;;;;;;;;x;;;;;;;;;
TOOLTIPvalyria.10;[This.GetTitledFirstNameWithDynasty] избирается как §Yглава земли [Root.PrimaryTitle.GetRulerTitle]§!;;;;;;;;;;;;;x;;;;;;;;;
TOOLTIPjob_castellan_elect;[This.GetTitledFirstNameWithDynasty] избирается как §Y[Root.GetMyCastellanName]§!;;;;;;;;;;;;;x;;;;;;;;;
TOOLTIPjob_chancellor_elect;[This.GetTitledFirstNameWithDynasty] избирается как §Y[Root.GetMyChancellorName]§!;;;;;;;;;;;;;x;;;;;;;;;
TOOLTIPjob_marshal_elect;[This.GetTitledFirstNameWithDynasty] избирается как §Y[Root.GetMyMarshalName]§!;;;;;;;;;;;;;x;;;;;;;;;
TOOLTIPjob_treasurer_elect;[This.GetTitledFirstNameWithDynasty] избирается как §Y[Root.GetMyTreasurerName]§!;;;;;;;;;;;;;x;;;;;;;;;
TOOLTIPjob_spymaster_elect;[This.GetTitledFirstNameWithDynasty] избирается как §Y[Root.GetMySpymasterName]§!;;;;;;;;;;;;;x;;;;;;;;;
TOOLTIPjob_admiral_elect;[This.GetTitledFirstNameWithDynasty] избирается как §Y[Root.GetMyAdmiralName]§!;;;;;;;;;;;;;x;;;;;;;;;
TOOLTIPjob_advisor_elect;[This.GetTitledFirstNameWithDynasty] избирается как §YЭйксион§!;;;;;;;;;;;;;x;;;;;;;;;
EVTDESCvalyria.10;Лорды-землевладельцы собрались и избрали Совет на ближайшие пять лет. Уходящим советникам теперь будет предложено назначение в колонии или командование, а новый Совет под Вашим руководством приступит к исполнению своих обязанностей.;;;;;;;;;;;;;x;;;;;;;;;
EVTDESCvalyria.11;Лорды-землевладельцы собрались и избрали Совет на ближайшие пять лет. [FromFrom.GetTitledFirstNameWithDynasty] и ушедшие советники теперь будут назначены в колонии или им будет дано командование, а вновь избранный Совет при управлении персонажа [From.GetTitledFirstNameWithDynasty] возьмет на себя бремя власти.;;;;;;;;;;;;;x;;;;;;;;;
EVTDESCvalyria.20;Как уходящий член Совета Фригольда, вы имеете право быть назначенным Архонтом колонии или командующим армией.;;;;;;;;;;;;;x;;;;;;;;;
EVTOPTAvalyria.20;Я буду правитть как Архонт в колонии;;;;;;;;;;;;;x;;;;;;;;;
TOOLTIPvalyria.21;Вам будет предложен выбор колонии;;;;;;;;;;;;;x;;;;;;;;;
EVTOPTBvalyria.20;Я буду командовать армиями Валирии в завоевании;;;;;;;;;;;;;x;;;;;;;;;
TOOLTIPvalyria.25;Вам будут представлены все доступные варианты завоевания;;;;;;;;;;;;;x;;;;;;;;;
EVTOPTCvalyria.20;Я останусь в Валирии;;;;;;;;;;;;;x;;;;;;;;;
EVTDESCvalyria.21;Совет определил, в какие колонии он согласится вас назначить. Вы можете сделать свой выбор.;;;;;;;;;;;;;x;;;;;;;;;
EVTOPTAvalyria.21;[valyria_colony_1.GetName];;;;;;;;;;;;;x;;;;;;;;;
EVTOPTBvalyria.21;[valyria_colony_2.GetName];;;;;;;;;;;;;x;;;;;;;;;
EVTOPTCvalyria.21;[valyria_colony_3.GetName];;;;;;;;;;;;;x;;;;;;;;;
EVTOPTDvalyria.21;Ни одна из них не подходит;;;;;;;;;;;;;x;;;;;;;;;
EVTOPTEvalyria.21;В настоящее время колоний нет;;;;;;;;;;;;;x;;;;;;;;;
EVTDESCvalyria.23;Совет Валирийского фригольда решил назначить уходящего советника, известного как [From.GetFirstNameWithDynasty] в качестве Архонта колонии [valyria_colony.GetName]. Это означает, что вы должны вернуться домой.;;;;;;;;;;;;;x;;;;;;;;;
EVTDESCvalyria.24;Совет Валирийского фригольда решил назначить уходящего советника, известного как [From.GetFirstNameWithDynasty] в качестве Архонта колонии [valyria_colony.GetName].;;;;;;;;;;;;;x;;;;;;;;;
EVTDESCvalyria.25;Совет обсудил подходящие потенциальные новые завоевания для Фригольда и представил вам окончательный выбор.;;;;;;;;;;;;;x;;;;;;;;;
EVTOPTAvalyria.25;Я передумал;;;;;;;;;;;;;x;;;;;;;;;
EVTOPTBvalyria.25;Покорить племена Долгого Лета;;;;;;;;;;;;;x;;;;;;;;;
TOOLTIPvalyria.26;Запускается завоевание земли [Prev.GetFullName] под вашим командованием и с использованием ваших собственных сил;;;;;;;;;;;;;x;;;;;;;;;
EVTOPTCvalyria.25;Колонизировать Дракарис;;;;;;;;;;;;;x;;;;;;;;;
TOOLTIPvalyria.28;Основана новая колония в земле [Prev.GetName] под вашим правлением;;;;;;;;;;;;;x;;;;;;;;;
EVTOPTDvalyria.25;Колонизировать Мантарис;;;;;;;;;;;;;x;;;;;;;;;
EVTOPTEvalyria.25;Колонизировать Волантис;;;;;;;;;;;;;x;;;;;;;;;
EVTOPTFvalyria.25;Колонизировать Толос;;;;;;;;;;;;;;;;;x;;;;;
EVTOPTGvalyria.25;Колонизировать Элирию;;;;;;;;;;;;;x;;;;;;;;;
EVTOPTHvalyria.25;Колонизировать Кедровый остров;;;;;;;;;;;;;x;;;;;;;;;
EVTOPTJvalyria.25;Колонизировать Лис;;;;;;;;;;;;;x;;;;;;;;;
EVTOPTKvalyria.25;Колонизировать Тирош;;;;;;;;;;;;;x;;;;;;;;;
EVTOPTLvalyria.25;Колонизировать Мир;;;;;;;;;;;;;x;;;;;;;;;
EVTOPTMvalyria.25;Колонизировать Пентос;;;;;;;;;;;;;x;;;;;;;;;
EVTOPTNvalyria.25;Колонизировать Драконий Камень;;;;;;;;;;;;;x;;;;;;;;;
EVTOPTOvalyria.25;Завоевание земли [valyria_generic_conquest.GetFullName];;;;;;;;;;;;;x;;;;;;;;;
EVTOPTOvalyria.25;Колонизировать Эссарию;;;;;;;;;;;;;x;;;;;;;;;
EVTDESCvalyria.26;Совет проголосовал за предоставление официального разрешения на вашу экспедицию в землю [valyrian_conquest_target.GetFullName], разрешив вам единовременно мобилизовать валирийскую армию против этого региона.;;;;;;;;;;;;;x;;;;;;;;;
EVTOPTAvalyria.26;Граница Фригольда будет расширена;;;;;;;;;;;;;x;;;;;;;;;
EVTDESCvalyria.27;Совет Валирийского Фригольда решил предоставить уходящего советника, известного как [From.GetFirstNameWithDynasty] в кампании против противника [valyrian_conquest_target.GetFullName].;;;;;;;;;;;;;x;;;;;;;;;
EVTOPTAvalyria.27;OK;;;;;;;;;;;;;x;;;;;;;;;
EVTDESCvalyria.28;Совет проголосовал за предоставление официального разрешения вашей экспедиции на землю [valyrian_colony_target.GetName], предоставив вам единоличное право требовать край от имени Фригольда.;;;;;;;;;;;;;x;;;;;;;;;
EVTOPTAvalyria.28;Расселение народа Валирии;;;;;;;;;;;;;x;;;;;;;;;
EVTDESCvalyria.29;Совет Валирийского Фригольда решил предоставить уходящему советнику, известному как [From.GetFirstNameWithDynasty] полномочия расселить валирийские народы на невостребованной территории земли [valyrian_colony_target.GetName].;;;;;;;;;;;;;x;;;;;;;;;
EVTDESCvalyria.35;[From.GetTitledFirstNameWithDynasty] не закончил[From.GetEndA] срок во главе совета, и поэтому вы были выбраны, чтобы занять [From.GetHerHis] место  до следующих выборов.;;;;;;;;;;;;;x;;;;;;;;;
EVTDESCvalyria.36;[FromFrom.GetTitledFirstNameWithDynasty] не закончил[FromFrom.GetEndA] срок во главе совета, и поэтому был[From.GetEndA] выбран [From.GetTitledFirstNameWithDynasty] на [FromFrom.GetHerHis] место до следующих выборов.;;;;;;;;;;;;;x;;;;;;;;;
EVTDESCvalyria.40;Огромный доход порождается драконьими лордами Фригольда, большая часть которого достается Совету. Поэтому считается, что это богатство будет инвестировано в город [Root.Capital.GetName], Совет призывает вас заказать финансирование строительных проектов.;;;;;;;;;;;;;x;;;;;;;;;
EVTOPTAvalyria.40;Да, [Root.Capital.GetName] будет велик и славен;;;;;;;;;;;;;x;;;;;;;;;
EVTOPTBvalyria.40;В это время было бы неразумно;;;;;;;;;;;;;x;;;;;;;;;
valyria_colony;Валирийская колония;;;;;;;;;;;;;x;;;;;;;;;
valyria_colony_option;Колония;;;;;;;;;;;;;x;;;;;;;;;
valyria_colony_desc;Этот титул является 'де-юре' собственностью Валирийского Фригольда, его нынешний владелец просто хранитель или 'Архонт'. Если держатель 'де-факто', присягнул Фригольду, то титул вернется к высшему господину после смерти или отречения.;;;;;;;;;;;;;x;;;;;;;;;
EVTDESCvalyria.46;[From.GetTitledFirstNameWithDynasty] незакончил[From.GetEndA] свой срок как Архонт земли [valyrian_colony.GetName], и поэтому эти земли теперь возвращаются к контролю центра под вашим руководством.;;;;;;;;;;;;;x;;;;;;;;;
TRIBUTARY_VALYRIAN_NAME;Вольный город;;;;;;;;;;;;;x;;;;;;;;;
TRIBUTARY_VALYRIAN_PLURAL;Вольные города;;;;;;;;;;;;;x;;;;;;;;;
SUZERAIN_VALYRIAN_NAME;Сюзерен;;;;;;;;;;;;;x;;;;;;;;;
EVTDESCvalyria.48;'Дочери Валирии', то есть валирийские колонии, говорящие на каком-то диалекте валирийского языка, традиционно получают статус самоуправляющегося Вольного города. Как вассал Валирии, возможно, мы должны добиться статуса Вольного города для земли [Root.PrimaryTitle.GetName]?;;;;;;;;;;;;;x;;;;;;;;;
EVTOPTAvalyria.48;Да, мы хотим получить этот статус;;;;;;;;;;;;;x;;;;;;;;;
EVTOPTCvalyria.48;Я использую свои полномочия в качестве регента;;;;;;;;;;;;;x;;;;;;;;;
EVTTOOLTIPvalyria.49;[This.GetTitledFirstNameWithDynasty] является по вашему запросу;;;;;;;;;;;;;x;;;;;;;;;
EVTOPTBvalyria.48;Нет, нам нужна защита как вассалу;;;;;;;;;;;;;x;;;;;;;;;
EVTDESCvalyria.50;[Root.PrimaryTitle.GetFOA], как колония и дочь Валирии, [FromFrom.PrimaryTitle.GetName] по традиции обычно получает статус самоуправляемого Вольного города как данник. Я прошу предоставить этот титул, а взамен мы обещаем помогать и защищать нашу родину.\n\nВаш[FromFrom.GetEndA] смиренн[FromFrom.GetAyaYy],\n[FromFrom.GetTitledFirstNameWithDynasty];;;;;;;;;;;;;x;;;;;;;;;
EVTDESCvalyria.50B;[Root.PrimaryTitle.GetFOA], как колония и дочь Валирии, [FromFrom.PrimaryTitle.GetName] по традиции обычно получает статус самоуправляемого Вольного города как данник. Я прошу использовать ваши полномочия регента, для дарования этого титула, а взамен мы обещаем помогать и защищать нашу родину.\n\nВаш[FromFrom.GetEndA] смиренн[FromFrom.GetAyaYy],\n[FromFrom.GetTitledFirstNameWithDynasty];;;;;;;;;;;;;x;;;;;;;;;
EVTDESCvalyria.50C;Я использую свои полномочия в качестве регента для принятия указа, делающего землю [FromFrom.PrimaryTitle.GetName] самоуправляемым Вольным городом!;;;;;;;;;;;;;x;;;;;;;;;
EVTOPTDvalyria.50;Я соглашусь с этим в обмен на услугу;;;;;;;;;;;;;;;;;;;;;;
EVTOPTAvalyria.50;Я принимаю этот запрос;;;;;;;;;;;;;x;;;;;;;;;
EVTOPTEvalyria.50;Отлично;;;;;;;;;;;;;x;;;;;;;;;
EVTOPTBvalyria.50;Нет, [FromFrom.PrimaryTitle.GetName] нуждается в прямой защите;;;;;;;;;;;;;x;;;;;;;;;
EVTOPTCvalyria.50;У меня есть прекрасное объяснение отказа;;;;;;;;;;;;;x;;;;;;;;;
EVTTOOLTIPvalyria.53;[This.GetTitle] [This.GetFirstName] получит отказ, но будет задобрен[This.GetEndA];;;;;;;;;;;;;x;;;;;;;;;
EVTDESCvalyria.51;[Root.GetTitledFirstNameWithDynasty], я принимаю ваш запрос и настоящим предоставляю земле [Root.PrimaryTitle.GetName] статус Вольного города. [Root.PrimaryTitle.GetName] будет прислушиваться к Валирии, а в ответ обязуется защитить родину и во время кризиса.\n\n С уважением,\n[From.GetTitledFirstNameoftheHouseNoRegnal];;;;;;;;;;;;;x
EVTDESCvalyria.51B;[Root.GetTitledFirstNameWithDynasty], я принимаю ваш запрос и настоящим предоставляю земле [Root.PrimaryTitle.GetName] статус Вольного города. [Root.PrimaryTitle.GetName] будет прислушиваться к Валирии, а в ответ обязуется защитить родину и во время кризиса.\n\n Писано от имени правителя [FromFrom.GetTitledFirstName],\n[From.GetTitledFirstNameWithDynastyNoRegnal], [From.GetLordLady]-Регент земли [FromFrom.PrimaryTitle.GetName];;;;;;;;;;;;;x;;;;;;;;;
EVTDESCvalyria.52;[Root.GetTitledFirstNameWithDynasty], я боюсь, [Root.PrimaryTitle.GetName] не получит статус самостоятельного Врльного города. Совет, включая меня, считает, что [Root.PrimaryTitle.GetName] должен оставаться прямым вассалом земли [FromFrom.PrimaryTitle.GetFullName]\n\nПодпись,\n[From.GetTitledFirstNameWithDynasty];;;;;;;;;;;;;x;;;;;;;;;
EVTOPTAvalyria.52;Это против валирийского обычая!;;;;;;;;;;;;;x;;;;;;;;;
EVTDESCvalyria.53;[GetFromRootCompliment] [Root.GetTitledFirstName], это верно, что лояльные и благородные колонии, такие как [Root.PrimaryTitle.GetName], традиционно получают статус самоуправляемого Вольного города, я и совет определили, что этого не может быть достигнуто в настоящее время. Поверьте нам, что со временем терпение и лояльность будут вознаграждены.\n\n Искренне ваш[From.GetEndA],\n[From.GetTitledFirstNameWithDynasty];;;;;;;;;;;;;x;;;;;;;;;
EVTOPTAvalyria.53;Это разумное объяснение;;;;;;;;;;;;;x;;;;;;;;;
EVTDESCvalyria.54;Ваш регент, [From.GetTitledFirstNameWithDynasty], принял запрос от [FromFromFrom.PrimaryTitle.GetName] о присвоении самостоятельного статуса Вольного города.;;;;;;;;;;;;;x;;;;;;;;;
EVTDESCvalyria.55;Ваш регент, [From.GetTitledFirstNameWithDynasty], отклонил запрос от [FromFromFrom.PrimaryTitle.GetName] о статусе самоуправляемого Вольного города.;;;;;;;;;;;;;x;;;;;;;;;
TOOLTIPVALYRIANCOUNCILLOR;[This.GetTitledFirstNameWithDynasty] НЕ является избранным советником Валирийского Фригольда;;;;;;;;;;;;;x;;;;;;;;;
opinion_archon_for_life;Провозглашенный пожизненный Архонт;;;;;;;;;;;;;x;;;;;;;;;
TOOLTIPis_valyrian_freehold_trigger;Является §YВалирийским Фригольдом§!;;;;;;;;;;;;;x;;;;;;;;;
title_archon_for_life;Пожизненный Архонт;;;;;;;;;;;;;x;;;;;;;;;
opinion_named_me_co_archon_for_life;Назвал меня пожизненным со-Архонтом;;;;;;;;;;;;;x;;;;;;;;;
TOOLTIPname_co_archon_for_lifeREALM;Валирийские избиратели будут расстроены\n;;;;;;;;;;;;;x;;;;;;;;;
opinion_co_archon_for_life;Именован как пожизненный со-Архонт;;;;;;;;;;;;;x;;;;;;;;;
TOOLTIPtitle_patrician_heirNOTARCHONFORLIFE;НЕ был объявлен как пожизненный архонт;;;;;;;;;;;;;x;;;;;;;;;
make_valyrian_colony;Обозначить как валирийскую колонию;;;;;;;;;;;;;x;;;;;;;;;
make_valyrian_colony_desc;[Root.GetFullName] может быть определено как колония Фригольда, это означает, что он больше не будет наследственным личным доменом, а правитель будет назначен как архонта, которые правят только в течение ограниченного периода времени. Архонты избираются после из числа бывших советников..;;;;;;;;;;;;;x;;;;;;;;;
TOOLTIPmake_valyrian_colonyA;НЕ находится в столичном регионе Валирии;;;;;;;;;;;;;x;;;;;;;;;
TOOLTIPmake_valyrian_colonyB;Титул де-юре не принадлежит господину;;;;;;;;;;;;;x;;;;;;;;;
TOOLTIPvalyria_mines_A;[This.GetTitledFirstNameWithDynasty] владеет маленьким лагерем рабов (Уровень 1);;;;;;;;;;;;;x;;;;;;;;;
TOOLTIPvalyria_mines_B;[This.GetTitledFirstNameWithDynasty] владеет большим лагерем рабов (Уровень 4);;;;;;;;;;;;;x;;;;;;;;;
tooltip_feudal_elector_vote_valyrian_purity;нет чистой §Yвысшей валирийской§! крови;;;;;;;;;;;;;x;;;;;;;;;
tooltip_elector_vote_DRAGON_RIDER;§YДраконий наездник§!;;;;;;;;;;;;;x;;;;;;;;;
valyria_trade_route;Валирийский торговый маршрут;;;;;;;;;;;;;x;;;;;;;;;
EVTDESCvalyria.58;Согласно законам Фригольда, [new_valyrian_colony.GetFullName] должно стать колонией. Это означает, что оно больше не будет наследуемым личным доменом, а будут назначены архонты, которые будут править только в течение ограниченного периода времени. Свободные землевладельцы и советники Валирии ожидают, что вы сделаете это.;;;;;;;;;;;;;x;;;;;;;;;
EVTOPTAvalyria.58;Да, это закон;;;;;;;;;;;;;x;;;;;;;;;
EVTOPTBvalyria.58;Нет, это моя личная собственность!;;;;;;;;;;;;;x;;;;;;;;;
refusing_valyria_colony;Удерживаемвя колония Фригольда;;;;;;;;;;;;;x;;;;;;;;;
EVTDESCvalyria.59;Согласно законам Фригольда, [From.GetTitledFirstNameWithDynasty] определил землю [new_valyrian_colony.GetFullName] как колонию Валирии. Это означает, что оно больше не будет наследуемым личным доменом,а будут назначены архонты, которые станат править только в течение ограниченного периода. ;;;;;;;;;;;;;x;;;;;;;;;
EVTDESCvalyria.60;В нарушение законов Фригольда [From.GetTitledFirstNameWithDynasty] отказался присвоить земле [new_valyrian_colony.GetFullName] статус колонии Валирии. [From.GetSheHeCap] хочет сохранить его в качестве наследуемого личного домена.;;;;;;;;;;;;;x;;;;;;;;;
EVTOPTAvalyria.60;Это возмутительно!;;;;;;;;;;;;;x;;;;;;;;;
TOOLTIPnew_valyria_colony;[New_valyrian_colony.GetFullName] станет колонией Валирии и больше не будет являться законной личной собственностью Дома [Root.GetOnlyDynastyName];;;;;;;;;;;;;x;;;;;;;;;
tooltip_elector_vote_PREVIOUS_HOLDER;Владение должностью в прошлом;;;;;;;;;;;;;x;;;;;;;;;
tooltip_elector_vote_ROGUE_GOVERNOR_GOOD;Способный губернатор с продленным сроком полномочий;;;;;;;;;;;;;x;;;;;;;;;
tooltip_elector_vote_ROGUE_GOVERNOR_BAD;Губернатор-мошенник;;;;;;;;;;;;;x;;;;;;;;;
EVTDESCvalyria.65;За те годы, что [Root.GetName] был заселён, кровь валирийцев, народа культуры [Root.Culture.GetName] и множества других смешалась, чтобы сформировать новую культуру с собственным валирийским диалектом..;;;;;;;;;;;;;x;;;;;;;;;
EVTOPTAvalyria.65;Эти люди - сыновья и дочери Валирии;;;;;;;;;;;;;x;;;;;;;;;
TOOLTIPvalyria.65_DEJURE;[ROOT_duchy.GetFullName] становится де-юре частью Валирии;;;;;;;;;;;;;x;;;;;;;;;
EVTDESCvalyria.69;[Root.PrimaryTitle.GetFOA], как колония и дочь Валирии, [target_colony_title.GetName] традиционно обычно получают статус самоуправляемого Вольного города в качестве данника. Я прошу вас сделать этот подарок, а взамен мы обещаем помогать и защитить нашу Родину.\n\nВаш[FromFrom.GetEndA] Смиренн[FromFrom.GetAyaYy],\n[FromFrom.GetTitledFirstNameWithDynasty];;;;;;;;;;;;;x;;;;;;;;;
EVTDESCvalyria.69B;[Root.PrimaryTitle.GetFOA], как колония и дочь Валирии, [target_colony_title.GetName]  по традиции обычно получают статус самоуправляемого Вольного города в качестве данника. Я прошу вас использовать или полномочия в качестве регента, а взамен мы обещаем помогать и защитить нашу Родину.\n\nВаш[FromFrom.GetEndA] Смиренн[FromFrom.GetAyaYy],\n[FromFrom.GetTitledFirstNameWithDynasty];;;;;;;;;;;;;x;;;;;;;;;
EVTDESCvalyria.69C;Я использую свои полномочия в качестве регента для принятия указа. [target_colony_title.GetName] станет Вольным городом!;;;;;;;;;;;;;x;;;;;;;;;
EVTOPTDvalyria.69;Я принимаю эту справедливую просьбу... но за услугу;;;;;;;;;;;;;x;;;;;;;;;
EVTOPTAvalyria.69;Соглашусь, это будет сделано;;;;;;;;;;;;;x;;;;;;;;;
EVTOPTEvalyria.69;Внутренне управление земли [target_colony_title.GetName];;;;;;;;;;;;;x;;;;;;;;;
EVTOPTBvalyria.69;Нет, [target_colony_title.GetName] не готов к самоуправлению;;;;;;;;;;;;;x;;;;;;;;;
EVTOPTCvalyria.69;Я объясню, почему это невозможно в настоящее время;;;;;;;;;;;;;x;;;;;;;;;
EVTOPTAvalyria.70;[target_colony_title.GetName] должен быть торговым государством;;;;;;;;;;;;;x;;;;;;;;;
EVTOPTBvalyria.71;[target_colony_title.GetName] должен управляться советом знати;;;;;;;;;;;;;x;;;;;;;;;
EVTDESCvalyria.71;Ваш регент, [From.GetTitledFirstNameWithDynasty], принял предложение земли [target_colony_title.GetName] о присвоении статуса Вольного города.;;;;;;;;;;;;;x;;;;;;;;;
EVTDESCvalyria.72;Ваш регент, [From.GetTitledFirstNameWithDynasty], отклонил предложение земли [target_colony_title.GetName] о присвоении статуса Вольного города.;;;;;;;;;;;;;x;;;;;;;;;
EVTDESCvalyria.75;Под властью Валирийского Фригольда [Root.GetName] переживает период мира и процветания, город быстро расширяется..;;;;;;;;;;;;;x;;;;;;;;;
EVTOPTAvalyria.75;Это золотой век!;;;;;;;;;;;;;x;;;;;;;;;
EVTDESCvalyria.78;Сила Фригольда растет, и в сердце Валирийского полуострова протекает огромное богатство. [Root.GetName] быстро расширяется.;;;;;;;;;;;;;x;;;;;;;;;
EVTOPTAvalyria.78;Мы - хозяева мира;;;;;;;;;;;;;x;;;;;;;;;
freehold_colony_extend_term;Продлить срок;;;;;;;;;;;;;x;;;;;;;;;
freehold_colony_extend_term_desc;Если вы накапливаете достаточно власти и престижа, вы можете в одностороннем порядке продлить свой срок как [Root.GetTitle] земли [Root.PrimaryTitle.GetName];;;;;;;;;;;;;x;;;;;;;;;
extended_valyria_colony_term;Расширить колониальное правление;;;;;;;;;;;;;x;;;;;;;;;
TOOLTIPvalyria.82;Вы в одностороннем порядке продлите срок своего правления в земле [Root.PrimaryTitle.GetName] на 15 лет. Это противоречит обычному закону и обычаю, поэтому [Root.TopLiege.GetTitledFirstNameWithDynasty] может ответить соответствующим образом;;;;;;;;;;;;;x;;;;;;;;;
EVTDESCvalyria.82;В движении, которое противоречит законам и обычаям Фригольда, [From.GetTitledFirstNameWithDynasty] использовал своё влияние, чтобы в одностороннем порядке продлить плномочия в качестве управляющего земли [From.PrimaryTitle.GetName] на 15 лет. Если я не отвечу, моя власть и влияние над Фригольдом будут уменьшены.;;;;;;;;;;;;;x;;;;;;;;;
EVTDESCvalyria.82B;[From.GetTitledFirstNameWithDynasty] отклонил[From.GetEndA] мое предложение компромисса и официально объявляю Фригольду о намерении остать оставаться правителем земли [Fromя.PrimaryTitle.GetName].;;;;;;;;;;;;;x;;;;;;;;;
EVTOPTAvalyria.82;Соглашусь, [From.GetSheHe] обладает большим влиянеим;;;;;;;;;;;;;x;;;;;;;;;
TOOLTIPvalyria.82A;Срок полномочий персонажа [From.GetTitledFirstNameWithDynasty] в качестве губернатора земли [From.PrimaryTitle.GetName] продлен на 15 лет;;;;;;;;;;;;;x;;;;;;;;;
extended_valyria_colony_term_agreed;Уступает губернатору-мошеннику;;;;;;;;;;;;;x;;;;;;;;;
opinion_extend_term_agreed;Договорились с губернатором о продлении срока;;;;;;;;;;;;;x;;;;;;;;;
EVTOPTBvalyria.82;Я предложу компромисс;;;;;;;;;;;;;x;;;;;;;;;
TOOLTIPvalyria.82B;[From.GetTitledFirstNameWithDynasty] предложены титулы, которые предоставляют дипломатический иммунитет на 10 лет;;;;;;;;;;;;;x;;;;;;;;;
EVTOPTCvalyria.82;Нет, это мятеж против Фригольда!;;;;;;;;;;;;;x;;;;;;;;;
TOOLTIPvalyria.82C;Вы предлагаете ультиматум об отступлении персонажу [From.GetTitledFirstNameWithDynasty];;;;;;;;;;;;;x;;;;;;;;;
opinion_extend_term_rejected;Отклонено продление губернаторского срока;;;;;;;;;;;;;x;;;;;;;;;
EVTDESCvalyria.83;Несмотря на то, что ваш шаг официально противоречит законам и обычаям Фригольда, [From.GetTitledFirstNameWithDynasty] соглашается продлить ваш срок на пятнадцать лет..;;;;;;;;;;;;;x;;;;;;;;;
EVTOPTAvalyria.83 ;Моё влияние закреплено;;;;;;;;;;;;;x;;;;;;;;;
TOOLTIPvalyria.83;Ваш срок полномочий губернатора земли [Root.PrimaryTitle.GetName] продлен на 15 лет;;;;;;;;;;;;;x;;;;;;;;;
EVTDESCvalyria.84;[From.GetTitledFirstNameWithDynasty] отправляет посланника, отговаривающего вас от попыток сохранить влияние в земле [Root.PrimaryTitle.GetName], и вместо этого предлагает титулы, которые предоставляют вам дипломатический иммунитет от обвинений в течение 10 лет..;;;;;;;;;;;;;x;;;;;;;;;
EVTOPTAvalyria.84;Я принимаю это предложение;;;;;;;;;;;;;x;;;;;;;;;
TOOLTIPvalyria.84A;Вы получаете дипломатический иммунитет на 10 лет;;;;;;;;;;;;;x;;;;;;;;;
EVTOPTBvalyria.84;Нет, я буду защищен только как [Root.GetTitle];;;;;;;;;;;;;x;;;;;;;;;
TOOLTIPvalyria.84B;Вы отвергаете компромисс;;;;;;;;;;;;;x;;;;;;;;;
EVTDESCvalyria.85;[From.GetTitledFirstNameWithDynasty] отправляет посланника, осуждающего ваше стремление сохранить влияние в земле [Root.PrimaryTitle.GetName], и приказывает вам уйти в отставку или же быть объявленным врагом Валирии.;;;;;;;;;;;;;x;;;;;;;;;
EVTOPTAvalyria.85;Это зашло слишком далеко;;;;;;;;;;;;;x;;;;;;;;;
EVTOPTBvalyria.85;Я буду стоять на своем и защищать свои права!;;;;;;;;;;;;;x;;;;;;;;;
EVTDESCvalyria.86;[From.GetTitledFirstNameWithDynasty] видит в вашем предложении смысл и согласился на компромисс, при котором [From.GetSheHe] получает дипломатический иммунитет от обвинений в течение 10 лет. В обмен [From.GetSheHeCap] будет служить как обычный [From.GetTitle].;;;;;;;;;;;;;x;;;;;;;;;
EVTOPTAvalyria.86;Хорошо;;;;;;;;;;;;;x;;;;;;;;;
TOOLTIPvalyria.86A;[From.GetTitledFirstNameWithDynasty] получает дипломатический иммунитет в течение 10 лет;;;;;;;;;;;;;x;;;;;;;;;
EVTDESCvalyria.87;[From.GetTitledFirstNameWithDynasty], кажется, пугается вашего ультиматума и отступает. [From.GetSheHeCap] законно останется служить как [From.GetTitle].;;;;;;;;;;;;;x;;;;;;;;;
EVTOPTAvalyria.87;Я утвердил полномочия совета;;;;;;;;;;;;;x;;;;;;;;;
extended_valyria_colony_term_rejected;Губернатор-мошенник запуган;;;;;;;;;;;;;x;;;;;;;;;
tooltip_feudal_elector_vote_myself_freehold;Мне нужна должность в Совете Фригольда.;;;;;;;;;;;;;x;;;;;;;;;
EVTDESCvalyria.88;[From.GetTitledFirstNameWithDynasty] игнорирует ваш ультиматум и продолжает утверждать власть в земле [From.PrimaryTitle.GetName] способом, который противоречит законам Фригольда. ;;;;;;;;;;;;;x;;;;;;;;;
EVTOPTAvalyria.88;Я попытаюсь арестовать [From.GetHerHis]?;;;;;;;;;;;;;x;;;;;;;;;
TOOLTIPvalyria.88;Срок полномочий персонажа [From.GetTitledFirstNameWithDynasty] в качестве управляющего земли [From.PrimaryTitle.GetName] продлён на 15 лет\nВы теперь имеете право арестовать [From.GetHerHis];;;;;;;;;;;;;x;;;;;;;;;
EVTDESCvalyria.89;Несмотря на официальное нарушение законов и обычаев Фригольда, [FromFrom.GetTitledFirstNameWithDynasty] соглашается продлить срок губернаторства персонажа [From.GetFirstNameWithDynasty] на пятнадцать лет..;;;;;;;;;;;;;x;;;;;;;;;
EVTOPTAvalyria.89;Это, безусловно, ослабляет власть совета;;;;;;;;;;;;;x;;;;;;;;;
TOOLTIPvalyria.89;Срок полномочий персонажа [From.GetTitledFirstNameWithDynasty] в качестве губернатора земли [From.PrimaryTitle.GetName] продлён на 15 лет;;;;;;;;;;;;;x;;;;;;;;;
EVTDESCvalyria.90;[From.GetFirstNameWithDynasty] усиливал влияние в земле [From.PrimaryTitle.GetName], расширив свой титул как [From.GetTitle].  Вместо этого [From.GetSheHe] и [FromFrom.GetTitledFirstNameWithDynasty] достигли компромисса - [From.GetFirstNameWithDynasty] получает титулы, которые предоставляют дипломатический иммунитет от судебного преследования в течение 10 лет.;;;;;;;;;;;;;x;;;;;;;;;
EVTOPTAvalyria.90;Мирное решение;;;;;;;;;;;;;x;;;;;;;;;
TOOLTIPvalyria.90;[From.GetTitledFirstNameWithDynasty] получает дипломатический иммунитет на 10 лет;;;;;;;;;;;;;x;;;;;;;;;
EVTDESCvalyria.91;[From.GetFirstNameWithDynasty] усиливет влияние в земле [From.PrimaryTitle.GetName], расширив свой титул как [From.GetTitle].  Однако [From.GetSheHe] запугивается ультиматумом, который отправляет [FromFrom.GetTitledFirstNameWithDynasty], и отступает. [From.GetSheHeCap] будет законно служить как [From.GetTitle] земли [From.PrimaryTitle.GetName];;;;;;;;;;;;;x;;;;;;;;;
EVTOPTAvalyria.91;Унизительное положение;;;;;;;;;;;;;x;;;;;;;;;
EVTDESCvalyria.92;[From.GetFirstNameWithDynasty] усиливает влияние в земле [From.PrimaryTitle.GetName], расширяя свой титул как [From.GetTitle].  Несмотря на получение ультиматума от персонажа  [FromFrom.GetTitledFirstNameWithDynasty], [From.GetSheHe] игнорирует угрозы  и продолжает отстаивать свою власть способом, который противоречит законам Фригольда. ;;;;;;;;;;;;;x;;;;;;;;;
EVTOPTAvalyria.92;Кажется, мы на грани гражданской войны;;;;;;;;;;;;;x;;;;;;;;;
EVTDESCvalyria.100;Власть Валирийского Фригольда распространяется на остальную часть Эссоса. Возможно, легионы Гискара должны выступить, чтобы остановить подъём этих пастухов-выскочек?;;;;;;;;;;;;;x;;;;;;;;;
EVTOPTAvalyria.100;Да, мобилизовать легионы!;;;;;;;;;;;;;x;;;;;;;;;
EVTOPTBvalyria.100;Сейчас не время для удара;;;;;;;;;;;;;x;;;;;;;;;
EVTDESCvalyria.101;Наши драконье владыки победили легионы Гискара, теперь мы можем диктовать условия...;;;;;;;;;;;;;x;;;;;;;;;
EVTOPTAvalyria.101;Требовать военных репараций;;;;;;;;;;;;;x;;;;;;;;;
EVTOPTBvalyria.101;Захватить землю [ghiscari_colony.GetName];;;;;;;;;;;;;x;;;;;;;;;
EVTOPTCvalyria.101;Сжечь их дотла!;;;;;;;;;;;;;x;;;;;;;;;
TOOLTIPvalyria.102;Вы сожгли город [From.Capital.GetName] дотла и засеяли поля солью, чтобы более ничего там не росло\nТерритории Гискарской Империи аннексированы Валирией.;;;;;;;;;;;;;x;;;;;;;;;
EVTDESCvalyria.102;Последняя из Гискарских войн окончена. В конце последней и финальной войны Гискарцы потерпели полное поражение. Валирийские драконы сожгли город дотла и засеяли поля солью, чтобы больше ничего там не росло.\n\nСуществующие Гискарские города были превращены в колонии Валирии, а сам гискарский народ превращен в рабов..;;;;;;;;;;;;;x;;;;;;;;;
EVTOPTAvalyria.102;Унизительный конец!;;;;;;;;;;;;;x;;;;;;;;;
TOOLTIPvalyria.102B;[From.GetFirstNameWithDynasty] сжигает город [Root.Capital.GetName] дотла и засевает поля солью, чтобы ничто более не росло\nТерритории Гискарской Империи аннексированы Валирией.;;;;;;;;;;;;;x;;;;;;;;;
EVTOPTBvalyria.102;Гискарской империи больше нет;;;;;;;;;;;;;x;;;;;;;;;
EVTTITLEvalyria.200;Норвос;;;;;;;;;;;;;x;;;;;;;;;
EVTDESCvalyria.200;В Валирийском Фригольде произошел религиозный раскол. Раскольники считают религиозную терпимость Фригольда недопустимой, поэтому секта, именуемая себя 'Бородатыми священники', покинула Валирийскую Родину. Бородатые священники - это секта, настолько скрытная, что даже имя их бога открывается только посвященным. Они носят рубашки для волос и необработанные шкуры и практикуют ритуальные бичевания. После инициирования им запрещено бриться или стричься. \n\nОни прошли далеко вверх по Ройне, к северу от Ройнарских княжеств, до берегов реки Нойны, где основали Норвос в месте, окруженном известняковыми холмами, темными лесами из дуба, сосны и бука. Норвос будет теократией, где будет практиковаться 'истинная вера'.;;;;;;;;;;;;;x;;;;;;;;;
EVTOPTAvalyria.200;Они вольны мольться, как им заблагорассудится;;;;;;;;;;;;;x;;;;;;;;;
EVTTITLEvalyria.205;Квохор;;;;;;;;;;;;;x;;;;;;;;;
EVTDESCvalyria.205;Религиозные раскольники покинули Валирию, отвергнув религиозную терпимость, практикуемую Валирийским Фригольдом. Они верят в темного бога, Черного Козла, который требует ежедневной кровавой жертвы - телят, тельцов и лошадей в обычные дни или осужденных преступников в священные дни. Считается, что эти люди практиковали темные искусства, такие как гадание, магия крови и некромантия.\n\nОни отправились далеко на запад от своей родины к берегам реки Койны, притока Ройна и краю Квохорского леса. Здесь они основали город Квохор как номинального вассала Валирии..;;;;;;;;;;;;;x;;;;;;;;;
EVTOPTAvalyria.205;Пока они уважают Валирию, это нормально;;;;;;;;;;;;;x;;;;;;;;;
EVTDESCvalyria.210;Мы получили сообщения о массовом бегстве рабов, бегущих от власти Валирийского Фригольда. Рабы восстали на пути из Валирии в новую колонию, взяли под свой контроль корабли и повернули в неизвестном направлении. Владельцы кораблей сообщают, что среди рабов была группа женщин-рабынь из земель Джогос Нхай, называемых лунными певцами..;;;;;;;;;;;;;x;;;;;;;;;
EVTOPTAvalyria.210;Думаю, что их больше никогда не увидят;;;;;;;;;;;;;x;;;;;;;;;
braavos_home;Таинственная деятельность;;;;;;;;;;;;;x;;;;;;;;;
EVTTITLEvalyria.212;Сокрытие;;;;;;;;;;;;;x;;;;;;;;;
EVTDESCvalyria.212;Эмиссары прибыли в землю [Root.TopLiege.PrimaryTitle.GetName], объявляя о существовании нового города, называемого [braavos_holder.PrimaryTitle.GetFullName]. Этот город был основан сбежавшими рабами, спасшимися от власти Фригольда. Рабы восстали на пути из Валирии в новую колонию, взяли под контроль корабли и повернули в новом направлении, уходя как можно дальше. Согласно сообщениям, это была группа женщин-рабынь из земель Джогоса Нхай, лунных певцов, которые предсказывали, где можно найти убежище. Таким образом, рабы отправились в отдаленное место, скрытое от глаз драконов. Основатели дали клятву, что никто в их городе никогда не будет рабом, клятва, которая стала Первым Законом земли.\nСейчас Морской Владыка [braavos_holder.GetFirstNameWithDynasty] отправил свои корабли, чтобы объявить о существовании и местоположении землии [braavos_holder.PrimaryTitle.GetName] ранее сокрытой. Потомкам бывших хозяев сбежавших рабов были выплачены компенсации за украденные корабли, хотя Браавосийцы отказываются платить за стоимость рабов.;;;;;;;;;;;;;x;;;;;;;;;
EVTOPTAvalyria.212;Будет ли конфликт между Валирией и государством [braavos_holder.PrimaryTitle.GetName]?;;;;;;;;;;;;;x;;;;;;;;;
EVTOPTBvalyria.212;Мы позволим им быть - пока;;;;;;;;;;;;;x;;;;;;;;;
EVTTITLEvalyria.220;Красный Бог;;;;;;;;;;;;;x;;;;;;;;;
EVTDESCvalyria.220;В Волантисе появилась группа религиозных фанатиков, которые утверждают, что обнаружли в древних книгах Асшая пророчество, в котором утверждается, что после долгого лета на мир обрушится злая холодная тьма. Они говорят, что Азор Ахаи, владеющий мечом Светозарный, возродится, чтобы сразиться с этой тьмой. В Волантисе они основали первый Красный храм, в котором должен жить новый первосвященник. [rhllor_holder.GetSheHeCap] будет носить титулы Пламя истины, Свет мудрости, Первый Слуга Владыки Света и Раб Р'глора. Эта секта уже собрала огромное количество последователей среди рабов и вольноотпущенников города..;;;;;;;;;;;;;x;;;;;;;;;
EVTOPTAvalyria.220;Это может вызвать конфликт;;;;;;;;;;;;;x;;;;;;;;;
EVTDESCvalyria.230;Новая валирийская дорога в земле [Root.GetName] завершена. Широкая каменная дорога, также известная как Драконий путь, является прямой и позволит быстро перемещать грузы и войска..;;;;;;;;;;;;;x;;;;;;;;;
build_valyrian_road;Построить валирийскую дорогу;;;;;;;;;;;;;x;;;;;;;;;
build_valyrian_road_desc;Валирийские дороги, также называемые Дорогами дракона, являются широкими каменными дорогами, построенными Валирией. Они прямые и обычно напавляются из одного экономического центра в другой, что позволяет быстро перевозить товары;;;;;;;;;;;;;x;;;;;;;;;
TOOLTIPbuild_valyrian_road;Строительство Валирийской дороги в земле [Root.GetName] займет 3 года. Это позволит войскам быстрее двигаться и даст более высокий лимит снабжения;;;;;;;;;;;;;x;;;;;;;;;
EVTTITLEvalyria.102;Падение Империи;;;;;;;;;;;;;x;;;;;;;;;
